[    1354ms] [LOG] [env check] VITE_API_BASE_URL = https://api.solpulse.trade @ https://solpulse.trade/assets/main-_i6vfeq4.js:1943
[    1354ms] [LOG] [env check] VITE_WS_BASE_URL = wss://solpulse-bot-backend.onrender.com/ws/logs @ https://solpulse.trade/assets/main-_i6vfeq4.js:1943
[    1354ms] [LOG] [env check] VITE_WS_PATH = undefined @ https://solpulse.trade/assets/main-_i6vfeq4.js:1943
[    1359ms] [LOG] [PrivyProvider] native: false appId: cmmrn9c1j00h @ https://solpulse.trade/assets/main-_i6vfeq4.js:1943
[    1362ms] [LOG] [CHERRY] gate.decision {"visible":false,"reason":"default_hidden","ios":false,"dev":false,"renderFlag":false,"deviceId":null,"allowDevices":[],"deviceAllowed":false} @ https://solpulse.trade/assets/main-_i6vfeq4.js:1943
[    1368ms] [LOG] [WALLET][PLATFORM] androidNativeWallet=false android=false native=false platform=web userAgent=Mozilla/5.0 (Macintosh; Intel Mac OS X 10_15_7) AppleWebKit/537.36 (KHTML, like  @ https://solpulse.trade/assets/main-_i6vfeq4.js:1943
[    1368ms] [LOG] [WALLET][MODAL] RENDER branch= web-desktop | androidWallet= false | selectedWalletPkg= null | showWalletSelector= false | isSolanaMobile= undefined | walletList= null | deviceInfo= null @ https://solpulse.trade/assets/main-_i6vfeq4.js:1943
[    1368ms] [LOG] 🧩 WalletOnboardModal render: {open: false, initialStep: 0, initialPubkey: undefined} @ https://solpulse.trade/assets/main-_i6vfeq4.js:1943
[    1384ms] [LOG] 🧩 WalletOnboardModal useEffect: {open: false, initialStep: 0, initialPubkey: undefined} @ https://solpulse.trade/assets/main-_i6vfeq4.js:1943
[    1385ms] [LOG] [PRIVY-BOOT] LandingPage | privyAuthenticated= false | loading= true @ https://solpulse.trade/assets/main-_i6vfeq4.js:1943
[    1385ms] [LOG] [CHERRY] mount.gate {"signedIn":false,"isOpen":false,"cherrySignedOut":false,"openedOnce":false,"retryNonce":0,"userId":null} @ https://solpulse.trade/assets/main-_i6vfeq4.js:1943
[    1385ms] [LOG] [CHERRY] teardown.platform_disabled {"hadLiveIframe":false} @ https://solpulse.trade/assets/main-_i6vfeq4.js:1943
[    1388ms] [LOG] [WALLET][MODAL] RENDER branch= web-desktop | androidWallet= false | selectedWalletPkg= null | showWalletSelector= false | isSolanaMobile= undefined | walletList= null | deviceInfo= null @ https://solpulse.trade/assets/main-_i6vfeq4.js:1943
[    1388ms] [LOG] 🧩 WalletOnboardModal render: {open: false, initialStep: 0, initialPubkey: undefined} @ https://solpulse.trade/assets/main-_i6vfeq4.js:1943
[    1514ms] [LOG] [CHERRY] device id = e8e88c35-007e-4e1e-8b0a-50e0fc0ad23e — add to MOBILE_CONFIG_CHERRY_ALLOW_DEVICES in Render to preview Cherry chat on this device while it's hidden in production @ https://solpulse.trade/assets/main-_i6vfeq4.js:1943
[    1566ms] [ERROR] Failed to load resource: the server responded with a status of 401 () @ https://api.solpulse.trade/api/prefs:0
[    1586ms] [LOG] [WALLET][MODAL] RENDER branch= web-desktop | androidWallet= false | selectedWalletPkg= null | showWalletSelector= false | isSolanaMobile= undefined | walletList= null | deviceInfo= null @ https://solpulse.trade/assets/main-_i6vfeq4.js:1943
[    1586ms] [LOG] 🧩 WalletOnboardModal render: {open: false, initialStep: 0, initialPubkey: undefined} @ https://solpulse.trade/assets/main-_i6vfeq4.js:1943
[    1596ms] [ERROR] Failed to load resource: the server responded with a status of 401 () @ https://api.solpulse.trade/api/auth/refresh:0
[    1597ms] [LOG] [CHERRY] gate.decision {"visible":true,"reason":"render_flag","ios":false,"dev":false,"renderFlag":true,"deviceId":"e8e88c35-007e-4e1e-8b0a-50e0fc0ad23e","allowDevices":[],"deviceAllowed":false} @ https://solpulse.trade/assets/main-_i6vfeq4.js:1943
[    1598ms] [LOG] [WALLET][MODAL] RENDER branch= web-desktop | androidWallet= false | selectedWalletPkg= null | showWalletSelector= false | isSolanaMobile= undefined | walletList= null | deviceInfo= null @ https://solpulse.trade/assets/main-_i6vfeq4.js:1943
[    1598ms] [LOG] 🧩 WalletOnboardModal render: {open: false, initialStep: 0, initialPubkey: undefined} @ https://solpulse.trade/assets/main-_i6vfeq4.js:1943
[    1599ms] [LOG] [PRIVY-BOOT] LandingPage | privyAuthenticated= false | loading= false @ https://solpulse.trade/assets/main-_i6vfeq4.js:1943
[    1600ms] [LOG] [LANDING-DEBUG] guard check: hasUser: false onboarding: false id: undefined user?.id: undefined modalOpen: false privyAuth: false oauthParams: false @ https://solpulse.trade/assets/main-_i6vfeq4.js:1943
[    1600ms] [LOG] [PRIVY-DEBUG] oauthState changed: initial {status: initial} @ https://solpulse.trade/assets/main-_i6vfeq4.js:1943
[    1600ms] [LOG] [CHERRY] signin.mounted {"androidMwa":false} @ https://solpulse.trade/assets/main-_i6vfeq4.js:1943
[    1600ms] [LOG] [CHERRY] signin.web.wallets {"installed":[],"all":[{"name":"Phantom","packageName":"phantom","storeUrl":"https://phantom.app/download","installed":false},{"name":"Backpack","packageName":"backpack","storeUrl":"https://chromewebstore.google.com/detail/backpack/aflkmfhebedbjioipglgcbcmnbpgliof","installed":false},{"name":"Solflare","packageName":"solflare","storeUrl":"https://chromewebstore.google.com/detail/solflare-wallet/bhhhlbepdkbapadjdnnojkbgioiodbic","installed":false},{"name":"Jupiter","packageName":"jupiter","storeUrl":"https://chromewebstore.google.com/detail/jupiter-wallet/iledlaeogohbilgbfhmbgkgmpplbfboh","installed":false}]} @ https://solpulse.trade/assets/main-_i6vfeq4.js:1943
[    1705ms] [WARNING] App configuration has Solana wallet login enabled, but no Solana wallet connectors have been passed to Privy. Make sure to pass Solana connectors to the `config.externalWallets.solana.connectors` field of the `PrivyProvider` @ https://solpulse.trade/assets/main-_i6vfeq4.js:1943
[    1705ms] [LOG] [WALLET][MODAL] RENDER branch= web-desktop | androidWallet= false | selectedWalletPkg= null | showWalletSelector= false | isSolanaMobile= undefined | walletList= null | deviceInfo= null @ https://solpulse.trade/assets/main-_i6vfeq4.js:1943
[    1705ms] [LOG] 🧩 WalletOnboardModal render: {open: false, initialStep: 0, initialPubkey: undefined} @ https://solpulse.trade/assets/main-_i6vfeq4.js:1943
[    1711ms] [LOG] [WALLET][MODAL] RENDER branch= web-desktop | androidWallet= false | selectedWalletPkg= null | showWalletSelector= false | isSolanaMobile= undefined | walletList= null | deviceInfo= null @ https://solpulse.trade/assets/main-_i6vfeq4.js:1943
[    1711ms] [LOG] 🧩 WalletOnboardModal render: {open: false, initialStep: 0, initialPubkey: undefined} @ https://solpulse.trade/assets/main-_i6vfeq4.js:1943
[    2162ms] [LOG] %cWarning! color:#F16552; font-size:50px; font-weight: bold; -webkit-text-stroke: 1px black; @ https://auth.privy.io/_next/static/chunks/pages/apps/%5Bapp_id%5D/embedded-wallets-a8d4d45646969673.js?dpl=dpl_GQoTFi4FnezeDtnia9RpCeZ7B562:0
[    2162ms] [LOG] %cYou are reading this message because you opened the browser console, a developer tool. Do not enter or paste code you do not understand. Never share your tokens or any other info with anyone. If someone told you to do this, it is very likely a scam. font-size: 18px; @ https://auth.privy.io/_next/static/chunks/pages/apps/%5Bapp_id%5D/embedded-wallets-a8d4d45646969673.js?dpl=dpl_GQoTFi4FnezeDtnia9RpCeZ7B562:0
[    2612ms] [LOG] [CHERRY] signin.web.wallets {"installed":[],"all":[{"name":"Phantom","packageName":"phantom","storeUrl":"https://phantom.app/download","installed":false},{"name":"Backpack","packageName":"backpack","storeUrl":"https://chromewebstore.google.com/detail/backpack/aflkmfhebedbjioipglgcbcmnbpgliof","installed":false},{"name":"Solflare","packageName":"solflare","storeUrl":"https://chromewebstore.google.com/detail/solflare-wallet/bhhhlbepdkbapadjdnnojkbgioiodbic","installed":false},{"name":"Jupiter","packageName":"jupiter","storeUrl":"https://chromewebstore.google.com/detail/jupiter-wallet/iledlaeogohbilgbfhmbgkgmpplbfboh","installed":false}]} @ https://solpulse.trade/assets/main-_i6vfeq4.js:1943
[    2616ms] [LOG] [WALLET][MODAL] RENDER branch= web-desktop | androidWallet= false | selectedWalletPkg= null | showWalletSelector= false | isSolanaMobile= undefined | walletList= null | deviceInfo= null @ https://solpulse.trade/assets/main-_i6vfeq4.js:1943
[    2617ms] [LOG] 🧩 WalletOnboardModal render: {open: false, initialStep: 0, initialPubkey: undefined} @ https://solpulse.trade/assets/main-_i6vfeq4.js:1943
[    2618ms] [LOG] [WALLET][MODAL] RENDER branch= web-desktop | androidWallet= false | selectedWalletPkg= null | showWalletSelector= false | isSolanaMobile= undefined | walletList= null | deviceInfo= null @ https://solpulse.trade/assets/main-_i6vfeq4.js:1943
[    2618ms] [LOG] 🧩 WalletOnboardModal render: {open: false, initialStep: 0, initialPubkey: undefined} @ https://solpulse.trade/assets/main-_i6vfeq4.js:1943
[    4348ms] [WARNING] [logs-ws] Hook has NOT been invoked within 3s of file load. It may not be imported or called. Ensure useSingleLogsSocket() runs (e.g., in App.jsx). @ https://solpulse.trade/assets/main-_i6vfeq4.js:1943
[   58756ms] [LOG] [WALLET][MODAL] RENDER branch= web-desktop | androidWallet= false | selectedWalletPkg= null | showWalletSelector= false | isSolanaMobile= undefined | walletList= null | deviceInfo= null @ https://solpulse.trade/assets/main-_i6vfeq4.js:1943
[   58756ms] [LOG] 🧩 WalletOnboardModal render: {open: false, initialStep: 0, initialPubkey: undefined} @ https://solpulse.trade/assets/main-_i6vfeq4.js:1943
[   58996ms] [LOG] 🔍 setSelectedMint called with: 7GCihgDB8fe6KNjn2MYtkzZcRjQy3t9GHdC8uHYmW2hr @ https://solpulse.trade/assets/main-_i6vfeq4.js:1943
[   58997ms] [LOG] [WALLET][MODAL] RENDER branch= web-desktop | androidWallet= false | selectedWalletPkg= null | showWalletSelector= false | isSolanaMobile= undefined | walletList= null | deviceInfo= null @ https://solpulse.trade/assets/main-_i6vfeq4.js:1943
[   58997ms] [LOG] 🧩 WalletOnboardModal render: {open: false, initialStep: 0, initialPubkey: undefined} @ https://solpulse.trade/assets/main-_i6vfeq4.js:1943
[   59147ms] [LOG] [WALLET][MODAL] RENDER branch= web-desktop | androidWallet= false | selectedWalletPkg= null | showWalletSelector= false | isSolanaMobile= undefined | walletList= null | deviceInfo= null @ https://solpulse.trade/assets/main-_i6vfeq4.js:1943
[   59147ms] [LOG] 🧩 WalletOnboardModal render: {open: false, initialStep: 0, initialPubkey: undefined} @ https://solpulse.trade/assets/main-_i6vfeq4.js:1943
[   59149ms] [LOG] [LANDING-DEBUG] guard check: hasUser: true onboarding: false id: e3efd084-3427-4f44-9735-fae13320554f user?.id: undefined modalOpen: false privyAuth: false oauthParams: false @ https://solpulse.trade/assets/main-_i6vfeq4.js:1943
[   59149ms] [LOG] [LANDING-DEBUG] >>> NAVIGATING TO app landing route — this kills the modal! @ https://solpulse.trade/assets/main-_i6vfeq4.js:1943
[   59149ms] [LOG] [DIAG:SSE] userId now available → forcing SSE reconnect: e3efd084-3427-4f44-9735-fae13320554f @ https://solpulse.trade/assets/main-_i6vfeq4.js:1943
[   59150ms] [INFO] [orders-bridge] listening on logs:message @ https://solpulse.trade/assets/main-_i6vfeq4.js:1943
[   59257ms] [LOG] [WALLET][MODAL] RENDER branch= web-desktop | androidWallet= false | selectedWalletPkg= null | showWalletSelector= false | isSolanaMobile= undefined | walletList= null | deviceInfo= null @ https://solpulse.trade/assets/main-_i6vfeq4.js:1943
[   59257ms] [LOG] 🧩 WalletOnboardModal render: {open: false, initialStep: 0, initialPubkey: undefined} @ https://solpulse.trade/assets/main-_i6vfeq4.js:1943
[   59280ms] [LOG] [useNewPairs] fetching: https://api.solpulse.trade/api/new-pairs @ https://solpulse.trade/assets/main-_i6vfeq4.js:1943
[   59363ms] [LOG] [useNewPairs] response status: 200 ok: true @ https://solpulse.trade/assets/main-_i6vfeq4.js:1943
[   59371ms] [LOG] [useNewPairs] parsed pairs: 500 ok: true @ https://solpulse.trade/assets/main-_i6vfeq4.js:1943
[   67282ms] [LOG] [useNewPairs] fetching: https://api.solpulse.trade/api/new-pairs @ https://solpulse.trade/assets/main-_i6vfeq4.js:1943
[   67370ms] [LOG] [useNewPairs] response status: 200 ok: true @ https://solpulse.trade/assets/main-_i6vfeq4.js:1943
[   67394ms] [LOG] [useNewPairs] parsed pairs: 500 ok: true @ https://solpulse.trade/assets/main-_i6vfeq4.js:1943
[   67524ms] [ERROR] Failed to load resource: net::ERR_BLOCKED_BY_RESPONSE.NotSameOrigin @ https://ipfs.io/ipfs/bafybeiav74sxw4impvpk76g6zp6eqvqgu24sq73nbly4kdxh32ukhvlv4q:0
[   67524ms] [ERROR] Failed to load resource: net::ERR_BLOCKED_BY_RESPONSE.NotSameOrigin @ https://ipfs.io/ipfs/bafkreig6fzia7bawpwrodvanrgmtuiesjb7rmzpeelvt6yy5rudmxh5wve:0
[   67525ms] [ERROR] Failed to load resource: net::ERR_BLOCKED_BY_RESPONSE.NotSameOrigin @ https://ipfs.io/ipfs/bafkreifj7aymcuc2nxz2qlj5bipc6f7x7ud47zbahefmcg3kpk4gxdr2dm:0
[   67525ms] [ERROR] Failed to load resource: net::ERR_BLOCKED_BY_RESPONSE.NotSameOrigin @ https://ipfs.io/ipfs/QmdD5FiueHAZTtYdUVfA6hUKfg66vPtJgMwvEuTKhoFzfW:0
[   67525ms] [ERROR] Failed to load resource: net::ERR_BLOCKED_BY_RESPONSE.NotSameOrigin @ https://ipfs.io/ipfs/bafybeibwhrjot7p466xjz5h5qhveszhc6ohcn6tuznbfzxnb4726b74rbi:0
[   67525ms] [ERROR] Failed to load resource: net::ERR_BLOCKED_BY_RESPONSE.NotSameOrigin @ https://ipfs.io/ipfs/QmNcrqH9HhfCDQMf87CgqvH68vHRyvYvTQPyeRBYH6QCbJ:0
[   67554ms] [ERROR] Failed to load resource: net::ERR_BLOCKED_BY_RESPONSE.NotSameOrigin @ https://ipfs.io/ipfs/bafybeiaeyn7ec3zj7wabekbzxfk77hwyp2hryixjrzg2vwocmovv7b6a2i:0
[   67554ms] [ERROR] Failed to load resource: net::ERR_BLOCKED_BY_RESPONSE.NotSameOrigin @ https://ipfs.io/ipfs/bafybeiel7mswtxp5qwmwwze6al7cvq6r7lj3ppfpbr3b4m53b3qdgvpqdm:0
[   67554ms] [ERROR] Failed to load resource: net::ERR_BLOCKED_BY_RESPONSE.NotSameOrigin @ https://ipfs.io/ipfs/QmZbAMJ67R3FcEgt1aDkUuwbFbcDLcu1tQ5YxpVjFvaTsV:0
[   67554ms] [ERROR] Failed to load resource: net::ERR_BLOCKED_BY_RESPONSE.NotSameOrigin @ https://ipfs.io/ipfs/bafybeia5veqysqs4bbnwvyx2ovnmo77vtsbxyu2i52ekjnewexjzbbfo6m:0
[   67554ms] [ERROR] Failed to load resource: net::ERR_BLOCKED_BY_RESPONSE.NotSameOrigin @ https://ipfs.io/ipfs/QmbJXG6i9wNwfkubU5jki4TCKh7JSDy8RVsf3NyEx69WwJ:0
[   67554ms] [ERROR] Failed to load resource: net::ERR_BLOCKED_BY_RESPONSE.NotSameOrigin @ https://ipfs.io/ipfs/QmTaH3Wpjx2Km5G1EopMgtpzhMVGSQwgKNXNrkoQkXN5qd:0
[   67554ms] [ERROR] Failed to load resource: net::ERR_BLOCKED_BY_RESPONSE.NotSameOrigin @ https://ipfs.io/ipfs/bafkreib6p4px2xad57ydqh5z7y7rq2t5ui7dqmtklxkfc7fuo6tywqs35q:0
[   67636ms] [ERROR] Failed to load resource: the server responded with a status of 404 () @ https://static.satrush.io/rush.png:0
[   75281ms] [LOG] [useNewPairs] fetching: https://api.solpulse.trade/api/new-pairs @ https://solpulse.trade/assets/main-_i6vfeq4.js:1943
[   75367ms] [LOG] [useNewPairs] response status: 200 ok: true @ https://solpulse.trade/assets/main-_i6vfeq4.js:1943
[   75394ms] [LOG] [useNewPairs] parsed pairs: 500 ok: true @ https://solpulse.trade/assets/main-_i6vfeq4.js:1943
[   83281ms] [LOG] [useNewPairs] fetching: https://api.solpulse.trade/api/new-pairs @ https://solpulse.trade/assets/main-_i6vfeq4.js:1943
[   83370ms] [LOG] [useNewPairs] response status: 200 ok: true @ https://solpulse.trade/assets/main-_i6vfeq4.js:1943
[   83390ms] [LOG] [useNewPairs] parsed pairs: 500 ok: true @ https://solpulse.trade/assets/main-_i6vfeq4.js:1943
[   91281ms] [LOG] [useNewPairs] fetching: https://api.solpulse.trade/api/new-pairs @ https://solpulse.trade/assets/main-_i6vfeq4.js:1943
[   91400ms] [LOG] [useNewPairs] response status: 200 ok: true @ https://solpulse.trade/assets/main-_i6vfeq4.js:1943
[   91423ms] [LOG] [useNewPairs] parsed pairs: 500 ok: true @ https://solpulse.trade/assets/main-_i6vfeq4.js:1943
[   99282ms] [LOG] [useNewPairs] fetching: https://api.solpulse.trade/api/new-pairs @ https://solpulse.trade/assets/main-_i6vfeq4.js:1943
[   99367ms] [LOG] [useNewPairs] response status: 200 ok: true @ https://solpulse.trade/assets/main-_i6vfeq4.js:1943
[   99388ms] [LOG] [useNewPairs] parsed pairs: 500 ok: true @ https://solpulse.trade/assets/main-_i6vfeq4.js:1943
[   99453ms] [ERROR] Failed to load resource: net::ERR_BLOCKED_BY_RESPONSE.NotSameOrigin @ https://ipfs.io/ipfs/QmWV8QgmH1gSw41yapzsFwkC8yPbzoSreAcJbzqfvo2sVq:0
[   99453ms] [ERROR] Failed to load resource: net::ERR_BLOCKED_BY_RESPONSE.NotSameOrigin @ https://ipfs.io/ipfs/QmbPXzsXLFL6M75GmEKr3Guo9wKwnhjwCkTsP6SZjiw9ss:0
[   99453ms] [ERROR] Failed to load resource: net::ERR_BLOCKED_BY_RESPONSE.NotSameOrigin @ https://ipfs.io/ipfs/Qmbp8NtmX9q4dh1apsrESafCY5E4zqV7dpv1y7KWzB4U5o:0
[   99454ms] [ERROR] Failed to load resource: net::ERR_BLOCKED_BY_RESPONSE.NotSameOrigin @ https://ipfs.io/ipfs/QmWwbE6wBHtvVcpnfr6MNDiXJSsSweCBBLPT9n4AG6jo7R:0
[   99454ms] [ERROR] Failed to load resource: net::ERR_BLOCKED_BY_RESPONSE.NotSameOrigin @ https://ipfs.io/ipfs/bafkreihbfqhg332wjgs3cl2y4bprap4o3zj3v5ssyjrbcoawmdvyvidyaa:0
[   99455ms] [ERROR] Failed to load resource: net::ERR_BLOCKED_BY_RESPONSE.NotSameOrigin @ https://ipfs.io/ipfs/QmVDNVJ9x4aAnZzTbSeaUQuFsopp7msD21cfQiVTkQEdd5:0
[   99455ms] [ERROR] Failed to load resource: net::ERR_BLOCKED_BY_RESPONSE.NotSameOrigin @ https://ipfs.io/ipfs/bafybeihxijuvwctt5q3fnqsskzekxv3aoyx2h6o6zibqckngmms5emhm4a:0
[   99455ms] [ERROR] Failed to load resource: net::ERR_BLOCKED_BY_RESPONSE.NotSameOrigin @ https://ipfs.io/ipfs/QmXcZiGL64oidav8BTVUQ5U5KTFXKFWDqYXErHRBRNpXLq:0
[   99523ms] [ERROR] Failed to load resource: net::ERR_SSL_PROTOCOL_ERROR @ https://gateway.irys.xyz/Lz2szk2NDcDJh7V81cKVLG7tmthynua6p1DePHFqj8v:0
[  107282ms] [LOG] [useNewPairs] fetching: https://api.solpulse.trade/api/new-pairs @ https://solpulse.trade/assets/main-_i6vfeq4.js:1943
[  107354ms] [LOG] [useNewPairs] response status: 200 ok: true @ https://solpulse.trade/assets/main-_i6vfeq4.js:1943
[  107389ms] [LOG] [useNewPairs] parsed pairs: 500 ok: true @ https://solpulse.trade/assets/main-_i6vfeq4.js:1943
[  115282ms] [LOG] [useNewPairs] fetching: https://api.solpulse.trade/api/new-pairs @ https://solpulse.trade/assets/main-_i6vfeq4.js:1943
[  115372ms] [LOG] [useNewPairs] response status: 200 ok: true @ https://solpulse.trade/assets/main-_i6vfeq4.js:1943
[  115395ms] [LOG] [useNewPairs] parsed pairs: 500 ok: true @ https://solpulse.trade/assets/main-_i6vfeq4.js:1943
[  123281ms] [LOG] [useNewPairs] fetching: https://api.solpulse.trade/api/new-pairs @ https://solpulse.trade/assets/main-_i6vfeq4.js:1943
[  123378ms] [LOG] [useNewPairs] response status: 200 ok: true @ https://solpulse.trade/assets/main-_i6vfeq4.js:1943
[  123404ms] [LOG] [useNewPairs] parsed pairs: 500 ok: true @ https://solpulse.trade/assets/main-_i6vfeq4.js:1943
[  131282ms] [LOG] [useNewPairs] fetching: https://api.solpulse.trade/api/new-pairs @ https://solpulse.trade/assets/main-_i6vfeq4.js:1943
[  131387ms] [LOG] [useNewPairs] response status: 200 ok: true @ https://solpulse.trade/assets/main-_i6vfeq4.js:1943
[  131413ms] [LOG] [useNewPairs] parsed pairs: 500 ok: true @ https://solpulse.trade/assets/main-_i6vfeq4.js:1943
[  131465ms] [ERROR] Failed to load resource: net::ERR_BLOCKED_BY_RESPONSE.NotSameOrigin @ https://ipfs.io/ipfs/QmYzCnu1FXN7TM3i4fgCJdwTp3VjV8dHnJ5A6F3xjV43gA:0
[  131465ms] [ERROR] Failed to load resource: net::ERR_BLOCKED_BY_RESPONSE.NotSameOrigin @ https://ipfs.io/ipfs/Qmd5wi2KHqPz93nnvVUanBVmy4WqYMpMxTccDEKuxxZefE:0
[  131617ms] [ERROR] Failed to load resource: the server responded with a status of 401 () @ https://ton.x.com/i/ton/data/grok-attachment/2099463632295997440:0
[  139281ms] [LOG] [useNewPairs] fetching: https://api.solpulse.trade/api/new-pairs @ https://solpulse.trade/assets/main-_i6vfeq4.js:1943
[  139385ms] [LOG] [useNewPairs] response status: 200 ok: true @ https://solpulse.trade/assets/main-_i6vfeq4.js:1943
[  139416ms] [LOG] [useNewPairs] parsed pairs: 500 ok: true @ https://solpulse.trade/assets/main-_i6vfeq4.js:1943
[  147282ms] [LOG] [useNewPairs] fetching: https://api.solpulse.trade/api/new-pairs @ https://solpulse.trade/assets/main-_i6vfeq4.js:1943
[  147358ms] [LOG] [useNewPairs] response status: 200 ok: true @ https://solpulse.trade/assets/main-_i6vfeq4.js:1943
[  147384ms] [LOG] [useNewPairs] parsed pairs: 500 ok: true @ https://solpulse.trade/assets/main-_i6vfeq4.js:1943
[  155282ms] [LOG] [useNewPairs] fetching: https://api.solpulse.trade/api/new-pairs @ https://solpulse.trade/assets/main-_i6vfeq4.js:1943
[  155374ms] [LOG] [useNewPairs] response status: 200 ok: true @ https://solpulse.trade/assets/main-_i6vfeq4.js:1943
[  155396ms] [LOG] [useNewPairs] parsed pairs: 500 ok: true @ https://solpulse.trade/assets/main-_i6vfeq4.js:1943
[  163282ms] [LOG] [useNewPairs] fetching: https://api.solpulse.trade/api/new-pairs @ https://solpulse.trade/assets/main-_i6vfeq4.js:1943
[  163378ms] [LOG] [useNewPairs] response status: 200 ok: true @ https://solpulse.trade/assets/main-_i6vfeq4.js:1943
[  163408ms] [LOG] [useNewPairs] parsed pairs: 500 ok: true @ https://solpulse.trade/assets/main-_i6vfeq4.js:1943
[  163531ms] [ERROR] Failed to load resource: net::ERR_BLOCKED_BY_RESPONSE.NotSameOrigin @ https://ipfs.io/ipfs/bafybeiel7mswtxp5qwmwwze6al7cvq6r7lj3ppfpbr3b4m53b3qdgvpqdm:0
[  163531ms] [ERROR] Failed to load resource: net::ERR_BLOCKED_BY_RESPONSE.NotSameOrigin @ https://ipfs.io/ipfs/QmaYCE4ERSrUPksqqehx3DAZStDhZMFHojvfEeE8uWWXFv:0
[  171281ms] [LOG] [useNewPairs] fetching: https://api.solpulse.trade/api/new-pairs @ https://solpulse.trade/assets/main-_i6vfeq4.js:1943
[  171375ms] [LOG] [useNewPairs] response status: 200 ok: true @ https://solpulse.trade/assets/main-_i6vfeq4.js:1943
[  171404ms] [LOG] [useNewPairs] parsed pairs: 500 ok: true @ https://solpulse.trade/assets/main-_i6vfeq4.js:1943
[  179281ms] [LOG] [useNewPairs] fetching: https://api.solpulse.trade/api/new-pairs @ https://solpulse.trade/assets/main-_i6vfeq4.js:1943
[  179365ms] [LOG] [useNewPairs] response status: 200 ok: true @ https://solpulse.trade/assets/main-_i6vfeq4.js:1943
[  179391ms] [LOG] [useNewPairs] parsed pairs: 500 ok: true @ https://solpulse.trade/assets/main-_i6vfeq4.js:1943
[  187281ms] [LOG] [useNewPairs] fetching: https://api.solpulse.trade/api/new-pairs @ https://solpulse.trade/assets/main-_i6vfeq4.js:1943
[  187371ms] [LOG] [useNewPairs] response status: 200 ok: true @ https://solpulse.trade/assets/main-_i6vfeq4.js:1943
[  187395ms] [LOG] [useNewPairs] parsed pairs: 500 ok: true @ https://solpulse.trade/assets/main-_i6vfeq4.js:1943
[  195282ms] [LOG] [useNewPairs] fetching: https://api.solpulse.trade/api/new-pairs @ https://solpulse.trade/assets/main-_i6vfeq4.js:1943
[  195362ms] [LOG] [useNewPairs] response status: 200 ok: true @ https://solpulse.trade/assets/main-_i6vfeq4.js:1943
[  195382ms] [LOG] [useNewPairs] parsed pairs: 500 ok: true @ https://solpulse.trade/assets/main-_i6vfeq4.js:1943
[  203282ms] [LOG] [useNewPairs] fetching: https://api.solpulse.trade/api/new-pairs @ https://solpulse.trade/assets/main-_i6vfeq4.js:1943
[  203377ms] [LOG] [useNewPairs] response status: 200 ok: true @ https://solpulse.trade/assets/main-_i6vfeq4.js:1943
[  203403ms] [LOG] [useNewPairs] parsed pairs: 500 ok: true @ https://solpulse.trade/assets/main-_i6vfeq4.js:1943
[  211282ms] [LOG] [useNewPairs] fetching: https://api.solpulse.trade/api/new-pairs @ https://solpulse.trade/assets/main-_i6vfeq4.js:1943
[  211374ms] [LOG] [useNewPairs] response status: 200 ok: true @ https://solpulse.trade/assets/main-_i6vfeq4.js:1943
[  211405ms] [LOG] [useNewPairs] parsed pairs: 500 ok: true @ https://solpulse.trade/assets/main-_i6vfeq4.js:1943
[  219282ms] [LOG] [useNewPairs] fetching: https://api.solpulse.trade/api/new-pairs @ https://solpulse.trade/assets/main-_i6vfeq4.js:1943
[  219357ms] [LOG] [useNewPairs] response status: 200 ok: true @ https://solpulse.trade/assets/main-_i6vfeq4.js:1943
[  219381ms] [LOG] [useNewPairs] parsed pairs: 500 ok: true @ https://solpulse.trade/assets/main-_i6vfeq4.js:1943
[  227282ms] [LOG] [useNewPairs] fetching: https://api.solpulse.trade/api/new-pairs @ https://solpulse.trade/assets/main-_i6vfeq4.js:1943
[  227370ms] [LOG] [useNewPairs] response status: 200 ok: true @ https://solpulse.trade/assets/main-_i6vfeq4.js:1943
[  227397ms] [LOG] [useNewPairs] parsed pairs: 500 ok: true @ https://solpulse.trade/assets/main-_i6vfeq4.js:1943
[  235296ms] [LOG] [useNewPairs] fetching: https://api.solpulse.trade/api/new-pairs @ https://solpulse.trade/assets/main-_i6vfeq4.js:1943
[  235381ms] [LOG] [useNewPairs] response status: 200 ok: true @ https://solpulse.trade/assets/main-_i6vfeq4.js:1943
[  235405ms] [LOG] [useNewPairs] parsed pairs: 500 ok: true @ https://solpulse.trade/assets/main-_i6vfeq4.js:1943
[  243304ms] [LOG] [useNewPairs] fetching: https://api.solpulse.trade/api/new-pairs @ https://solpulse.trade/assets/main-_i6vfeq4.js:1943
[  243392ms] [LOG] [useNewPairs] response status: 200 ok: true @ https://solpulse.trade/assets/main-_i6vfeq4.js:1943
[  243420ms] [LOG] [useNewPairs] parsed pairs: 500 ok: true @ https://solpulse.trade/assets/main-_i6vfeq4.js:1943
[  251310ms] [LOG] [useNewPairs] fetching: https://api.solpulse.trade/api/new-pairs @ https://solpulse.trade/assets/main-_i6vfeq4.js:1943
[  251400ms] [LOG] [useNewPairs] response status: 200 ok: true @ https://solpulse.trade/assets/main-_i6vfeq4.js:1943
[  251426ms] [LOG] [useNewPairs] parsed pairs: 500 ok: true @ https://solpulse.trade/assets/main-_i6vfeq4.js:1943
[  259312ms] [LOG] [useNewPairs] fetching: https://api.solpulse.trade/api/new-pairs @ https://solpulse.trade/assets/main-_i6vfeq4.js:1943
[  259398ms] [LOG] [useNewPairs] response status: 200 ok: true @ https://solpulse.trade/assets/main-_i6vfeq4.js:1943
[  259419ms] [LOG] [useNewPairs] parsed pairs: 500 ok: true @ https://solpulse.trade/assets/main-_i6vfeq4.js:1943
[  259596ms] [ERROR] Failed to load resource: net::ERR_BLOCKED_BY_RESPONSE.NotSameOrigin @ https://ipfs.io/ipfs/QmVLxNH5Zt5dU4eEHRP5PDb4mcpfmJZ1E3rinBfdSiwCc2:0
[  267314ms] [LOG] [useNewPairs] fetching: https://api.solpulse.trade/api/new-pairs @ https://solpulse.trade/assets/main-_i6vfeq4.js:1943
[  267403ms] [LOG] [useNewPairs] response status: 200 ok: true @ https://solpulse.trade/assets/main-_i6vfeq4.js:1943
[  267433ms] [LOG] [useNewPairs] parsed pairs: 500 ok: true @ https://solpulse.trade/assets/main-_i6vfeq4.js:1943
[  275314ms] [LOG] [useNewPairs] fetching: https://api.solpulse.trade/api/new-pairs @ https://solpulse.trade/assets/main-_i6vfeq4.js:1943
[  275413ms] [LOG] [useNewPairs] response status: 200 ok: true @ https://solpulse.trade/assets/main-_i6vfeq4.js:1943
[  275444ms] [LOG] [useNewPairs] parsed pairs: 500 ok: true @ https://solpulse.trade/assets/main-_i6vfeq4.js:1943
[  283316ms] [LOG] [useNewPairs] fetching: https://api.solpulse.trade/api/new-pairs @ https://solpulse.trade/assets/main-_i6vfeq4.js:1943
[  283416ms] [LOG] [useNewPairs] response status: 200 ok: true @ https://solpulse.trade/assets/main-_i6vfeq4.js:1943
[  283441ms] [LOG] [useNewPairs] parsed pairs: 500 ok: true @ https://solpulse.trade/assets/main-_i6vfeq4.js:1943
[  291316ms] [LOG] [useNewPairs] fetching: https://api.solpulse.trade/api/new-pairs @ https://solpulse.trade/assets/main-_i6vfeq4.js:1943
[  291413ms] [LOG] [useNewPairs] response status: 200 ok: true @ https://solpulse.trade/assets/main-_i6vfeq4.js:1943
[  291438ms] [LOG] [useNewPairs] parsed pairs: 500 ok: true @ https://solpulse.trade/assets/main-_i6vfeq4.js:1943
[  299317ms] [LOG] [useNewPairs] fetching: https://api.solpulse.trade/api/new-pairs @ https://solpulse.trade/assets/main-_i6vfeq4.js:1943
[  299405ms] [LOG] [useNewPairs] response status: 200 ok: true @ https://solpulse.trade/assets/main-_i6vfeq4.js:1943
[  299431ms] [LOG] [useNewPairs] parsed pairs: 500 ok: true @ https://solpulse.trade/assets/main-_i6vfeq4.js:1943
[  307318ms] [LOG] [useNewPairs] fetching: https://api.solpulse.trade/api/new-pairs @ https://solpulse.trade/assets/main-_i6vfeq4.js:1943
[  307392ms] [LOG] [useNewPairs] response status: 200 ok: true @ https://solpulse.trade/assets/main-_i6vfeq4.js:1943
[  307407ms] [LOG] [useNewPairs] parsed pairs: 500 ok: true @ https://solpulse.trade/assets/main-_i6vfeq4.js:1943
[  315317ms] [LOG] [useNewPairs] fetching: https://api.solpulse.trade/api/new-pairs @ https://solpulse.trade/assets/main-_i6vfeq4.js:1943
[  315409ms] [LOG] [useNewPairs] response status: 200 ok: true @ https://solpulse.trade/assets/main-_i6vfeq4.js:1943
[  315432ms] [LOG] [useNewPairs] parsed pairs: 500 ok: true @ https://solpulse.trade/assets/main-_i6vfeq4.js:1943
[  323318ms] [LOG] [useNewPairs] fetching: https://api.solpulse.trade/api/new-pairs @ https://solpulse.trade/assets/main-_i6vfeq4.js:1943
[  323406ms] [LOG] [useNewPairs] response status: 200 ok: true @ https://solpulse.trade/assets/main-_i6vfeq4.js:1943
[  323431ms] [LOG] [useNewPairs] parsed pairs: 500 ok: true @ https://solpulse.trade/assets/main-_i6vfeq4.js:1943
[  331317ms] [LOG] [useNewPairs] fetching: https://api.solpulse.trade/api/new-pairs @ https://solpulse.trade/assets/main-_i6vfeq4.js:1943
[  331406ms] [LOG] [useNewPairs] response status: 200 ok: true @ https://solpulse.trade/assets/main-_i6vfeq4.js:1943
[  331432ms] [LOG] [useNewPairs] parsed pairs: 500 ok: true @ https://solpulse.trade/assets/main-_i6vfeq4.js:1943
[  339318ms] [LOG] [useNewPairs] fetching: https://api.solpulse.trade/api/new-pairs @ https://solpulse.trade/assets/main-_i6vfeq4.js:1943
[  339413ms] [LOG] [useNewPairs] response status: 200 ok: true @ https://solpulse.trade/assets/main-_i6vfeq4.js:1943
[  339439ms] [LOG] [useNewPairs] parsed pairs: 500 ok: true @ https://solpulse.trade/assets/main-_i6vfeq4.js:1943
[  347318ms] [LOG] [useNewPairs] fetching: https://api.solpulse.trade/api/new-pairs @ https://solpulse.trade/assets/main-_i6vfeq4.js:1943
[  347407ms] [LOG] [useNewPairs] response status: 200 ok: true @ https://solpulse.trade/assets/main-_i6vfeq4.js:1943
[  347436ms] [LOG] [useNewPairs] parsed pairs: 500 ok: true @ https://solpulse.trade/assets/main-_i6vfeq4.js:1943
[  355318ms] [LOG] [useNewPairs] fetching: https://api.solpulse.trade/api/new-pairs @ https://solpulse.trade/assets/main-_i6vfeq4.js:1943
[  355420ms] [LOG] [useNewPairs] response status: 200 ok: true @ https://solpulse.trade/assets/main-_i6vfeq4.js:1943
[  355439ms] [LOG] [useNewPairs] parsed pairs: 500 ok: true @ https://solpulse.trade/assets/main-_i6vfeq4.js:1943
[  355532ms] [ERROR] Failed to load resource: net::ERR_BLOCKED_BY_RESPONSE.NotSameOrigin @ https://ipfs.io/ipfs/QmbRaNe1PXn5SvtWGBtYvhK8nx4PQ3aQCFgtgDzjmD3KGC:0
[  363318ms] [LOG] [useNewPairs] fetching: https://api.solpulse.trade/api/new-pairs @ https://solpulse.trade/assets/main-_i6vfeq4.js:1943
[  363423ms] [LOG] [useNewPairs] response status: 200 ok: true @ https://solpulse.trade/assets/main-_i6vfeq4.js:1943
[  363451ms] [LOG] [useNewPairs] parsed pairs: 500 ok: true @ https://solpulse.trade/assets/main-_i6vfeq4.js:1943
[  371317ms] [LOG] [useNewPairs] fetching: https://api.solpulse.trade/api/new-pairs @ https://solpulse.trade/assets/main-_i6vfeq4.js:1943
[  371409ms] [LOG] [useNewPairs] response status: 200 ok: true @ https://solpulse.trade/assets/main-_i6vfeq4.js:1943
[  371431ms] [LOG] [useNewPairs] parsed pairs: 500 ok: true @ https://solpulse.trade/assets/main-_i6vfeq4.js:1943
[  379318ms] [LOG] [useNewPairs] fetching: https://api.solpulse.trade/api/new-pairs @ https://solpulse.trade/assets/main-_i6vfeq4.js:1943
[  379418ms] [LOG] [useNewPairs] response status: 200 ok: true @ https://solpulse.trade/assets/main-_i6vfeq4.js:1943
[  379445ms] [LOG] [useNewPairs] parsed pairs: 500 ok: true @ https://solpulse.trade/assets/main-_i6vfeq4.js:1943
[  387318ms] [LOG] [useNewPairs] fetching: https://api.solpulse.trade/api/new-pairs @ https://solpulse.trade/assets/main-_i6vfeq4.js:1943
[  387404ms] [LOG] [useNewPairs] response status: 200 ok: true @ https://solpulse.trade/assets/main-_i6vfeq4.js:1943
[  387428ms] [LOG] [useNewPairs] parsed pairs: 500 ok: true @ https://solpulse.trade/assets/main-_i6vfeq4.js:1943
[  387524ms] [ERROR] Failed to load resource: net::ERR_BLOCKED_BY_RESPONSE.NotSameOrigin @ https://ipfs.io/ipfs/bafkreibftvjvax5ahe2qwfhbhmvaqgysh672z2glqlyoo2sknyn7326bzy:0
[  395318ms] [LOG] [useNewPairs] fetching: https://api.solpulse.trade/api/new-pairs @ https://solpulse.trade/assets/main-_i6vfeq4.js:1943
[  395407ms] [LOG] [useNewPairs] response status: 200 ok: true @ https://solpulse.trade/assets/main-_i6vfeq4.js:1943
[  395435ms] [LOG] [useNewPairs] parsed pairs: 500 ok: true @ https://solpulse.trade/assets/main-_i6vfeq4.js:1943
[  403318ms] [LOG] [useNewPairs] fetching: https://api.solpulse.trade/api/new-pairs @ https://solpulse.trade/assets/main-_i6vfeq4.js:1943
[  403416ms] [LOG] [useNewPairs] response status: 200 ok: true @ https://solpulse.trade/assets/main-_i6vfeq4.js:1943
[  403429ms] [LOG] [useNewPairs] parsed pairs: 500 ok: true @ https://solpulse.trade/assets/main-_i6vfeq4.js:1943
[  411318ms] [LOG] [useNewPairs] fetching: https://api.solpulse.trade/api/new-pairs @ https://solpulse.trade/assets/main-_i6vfeq4.js:1943
[  411401ms] [LOG] [useNewPairs] response status: 200 ok: true @ https://solpulse.trade/assets/main-_i6vfeq4.js:1943
[  411419ms] [LOG] [useNewPairs] parsed pairs: 500 ok: true @ https://solpulse.trade/assets/main-_i6vfeq4.js:1943
[  419318ms] [LOG] [useNewPairs] fetching: https://api.solpulse.trade/api/new-pairs @ https://solpulse.trade/assets/main-_i6vfeq4.js:1943
[  419411ms] [LOG] [useNewPairs] response status: 200 ok: true @ https://solpulse.trade/assets/main-_i6vfeq4.js:1943
[  419428ms] [LOG] [useNewPairs] parsed pairs: 500 ok: true @ https://solpulse.trade/assets/main-_i6vfeq4.js:1943
[  427318ms] [LOG] [useNewPairs] fetching: https://api.solpulse.trade/api/new-pairs @ https://solpulse.trade/assets/main-_i6vfeq4.js:1943
[  427405ms] [LOG] [useNewPairs] response status: 200 ok: true @ https://solpulse.trade/assets/main-_i6vfeq4.js:1943
[  427429ms] [LOG] [useNewPairs] parsed pairs: 500 ok: true @ https://solpulse.trade/assets/main-_i6vfeq4.js:1943
[  435319ms] [LOG] [useNewPairs] fetching: https://api.solpulse.trade/api/new-pairs @ https://solpulse.trade/assets/main-_i6vfeq4.js:1943
[  435404ms] [LOG] [useNewPairs] response status: 200 ok: true @ https://solpulse.trade/assets/main-_i6vfeq4.js:1943
[  435432ms] [LOG] [useNewPairs] parsed pairs: 500 ok: true @ https://solpulse.trade/assets/main-_i6vfeq4.js:1943
[  443319ms] [LOG] [useNewPairs] fetching: https://api.solpulse.trade/api/new-pairs @ https://solpulse.trade/assets/main-_i6vfeq4.js:1943
[  443417ms] [LOG] [useNewPairs] response status: 200 ok: true @ https://solpulse.trade/assets/main-_i6vfeq4.js:1943
[  443438ms] [LOG] [useNewPairs] parsed pairs: 500 ok: true @ https://solpulse.trade/assets/main-_i6vfeq4.js:1943
[  451319ms] [LOG] [useNewPairs] fetching: https://api.solpulse.trade/api/new-pairs @ https://solpulse.trade/assets/main-_i6vfeq4.js:1943
[  451414ms] [LOG] [useNewPairs] response status: 200 ok: true @ https://solpulse.trade/assets/main-_i6vfeq4.js:1943
[  451439ms] [LOG] [useNewPairs] parsed pairs: 500 ok: true @ https://solpulse.trade/assets/main-_i6vfeq4.js:1943
[  451544ms] [ERROR] Failed to load resource: net::ERR_SSL_PROTOCOL_ERROR @ https://gateway.irys.xyz/5wTHVjcQcbpWaKGLe2w8T1hpGoQsLAxhTvSMpXuKHPUx:0
[  459319ms] [LOG] [useNewPairs] fetching: https://api.solpulse.trade/api/new-pairs @ https://solpulse.trade/assets/main-_i6vfeq4.js:1943
[  459412ms] [LOG] [useNewPairs] response status: 200 ok: true @ https://solpulse.trade/assets/main-_i6vfeq4.js:1943
[  459437ms] [LOG] [useNewPairs] parsed pairs: 500 ok: true @ https://solpulse.trade/assets/main-_i6vfeq4.js:1943
[  467319ms] [LOG] [useNewPairs] fetching: https://api.solpulse.trade/api/new-pairs @ https://solpulse.trade/assets/main-_i6vfeq4.js:1943
[  467384ms] [LOG] [useNewPairs] response status: 200 ok: true @ https://solpulse.trade/assets/main-_i6vfeq4.js:1943
[  467402ms] [LOG] [useNewPairs] parsed pairs: 500 ok: true @ https://solpulse.trade/assets/main-_i6vfeq4.js:1943
[  475319ms] [LOG] [useNewPairs] fetching: https://api.solpulse.trade/api/new-pairs @ https://solpulse.trade/assets/main-_i6vfeq4.js:1943
[  475409ms] [LOG] [useNewPairs] response status: 200 ok: true @ https://solpulse.trade/assets/main-_i6vfeq4.js:1943
[  475433ms] [LOG] [useNewPairs] parsed pairs: 500 ok: true @ https://solpulse.trade/assets/main-_i6vfeq4.js:1943
[  483320ms] [LOG] [useNewPairs] fetching: https://api.solpulse.trade/api/new-pairs @ https://solpulse.trade/assets/main-_i6vfeq4.js:1943
[  483416ms] [LOG] [useNewPairs] response status: 200 ok: true @ https://solpulse.trade/assets/main-_i6vfeq4.js:1943
[  483439ms] [LOG] [useNewPairs] parsed pairs: 500 ok: true @ https://solpulse.trade/assets/main-_i6vfeq4.js:1943
[  483487ms] [ERROR] Failed to load resource: net::ERR_BLOCKED_BY_RESPONSE.NotSameOrigin @ https://ipfs.io/ipfs/bafybeia5veqysqs4bbnwvyx2ovnmo77vtsbxyu2i52ekjnewexjzbbfo6m:0
[  491319ms] [LOG] [useNewPairs] fetching: https://api.solpulse.trade/api/new-pairs @ https://solpulse.trade/assets/main-_i6vfeq4.js:1943
[  491414ms] [LOG] [useNewPairs] response status: 200 ok: true @ https://solpulse.trade/assets/main-_i6vfeq4.js:1943
[  491439ms] [LOG] [useNewPairs] parsed pairs: 500 ok: true @ https://solpulse.trade/assets/main-_i6vfeq4.js:1943
[  499319ms] [LOG] [useNewPairs] fetching: https://api.solpulse.trade/api/new-pairs @ https://solpulse.trade/assets/main-_i6vfeq4.js:1943
[  499411ms] [LOG] [useNewPairs] response status: 200 ok: true @ https://solpulse.trade/assets/main-_i6vfeq4.js:1943
[  499439ms] [LOG] [useNewPairs] parsed pairs: 500 ok: true @ https://solpulse.trade/assets/main-_i6vfeq4.js:1943
[  507319ms] [LOG] [useNewPairs] fetching: https://api.solpulse.trade/api/new-pairs @ https://solpulse.trade/assets/main-_i6vfeq4.js:1943
[  507405ms] [LOG] [useNewPairs] response status: 200 ok: true @ https://solpulse.trade/assets/main-_i6vfeq4.js:1943
[  507431ms] [LOG] [useNewPairs] parsed pairs: 500 ok: true @ https://solpulse.trade/assets/main-_i6vfeq4.js:1943
[  515319ms] [LOG] [useNewPairs] fetching: https://api.solpulse.trade/api/new-pairs @ https://solpulse.trade/assets/main-_i6vfeq4.js:1943
[  515409ms] [LOG] [useNewPairs] response status: 200 ok: true @ https://solpulse.trade/assets/main-_i6vfeq4.js:1943
[  515437ms] [LOG] [useNewPairs] parsed pairs: 500 ok: true @ https://solpulse.trade/assets/main-_i6vfeq4.js:1943
[  515552ms] [ERROR] Failed to load resource: net::ERR_BLOCKED_BY_RESPONSE.NotSameOrigin @ https://ipfs.io/ipfs/bafkreiajnf5vu2cdfdtreywl6lqaxha53tnmjbi6sqvaskpp2t6h3nn7iy:0
[  523320ms] [LOG] [useNewPairs] fetching: https://api.solpulse.trade/api/new-pairs @ https://solpulse.trade/assets/main-_i6vfeq4.js:1943
[  523405ms] [LOG] [useNewPairs] response status: 200 ok: true @ https://solpulse.trade/assets/main-_i6vfeq4.js:1943
[  523430ms] [LOG] [useNewPairs] parsed pairs: 500 ok: true @ https://solpulse.trade/assets/main-_i6vfeq4.js:1943
[  531320ms] [LOG] [useNewPairs] fetching: https://api.solpulse.trade/api/new-pairs @ https://solpulse.trade/assets/main-_i6vfeq4.js:1943
[  531415ms] [LOG] [useNewPairs] response status: 200 ok: true @ https://solpulse.trade/assets/main-_i6vfeq4.js:1943
[  531437ms] [LOG] [useNewPairs] parsed pairs: 500 ok: true @ https://solpulse.trade/assets/main-_i6vfeq4.js:1943
[  539320ms] [LOG] [useNewPairs] fetching: https://api.solpulse.trade/api/new-pairs @ https://solpulse.trade/assets/main-_i6vfeq4.js:1943
[  539421ms] [LOG] [useNewPairs] response status: 200 ok: true @ https://solpulse.trade/assets/main-_i6vfeq4.js:1943
[  539446ms] [LOG] [useNewPairs] parsed pairs: 500 ok: true @ https://solpulse.trade/assets/main-_i6vfeq4.js:1943
[  547321ms] [LOG] [useNewPairs] fetching: https://api.solpulse.trade/api/new-pairs @ https://solpulse.trade/assets/main-_i6vfeq4.js:1943
[  547409ms] [LOG] [useNewPairs] response status: 200 ok: true @ https://solpulse.trade/assets/main-_i6vfeq4.js:1943
[  547432ms] [LOG] [useNewPairs] parsed pairs: 500 ok: true @ https://solpulse.trade/assets/main-_i6vfeq4.js:1943
[  555321ms] [LOG] [useNewPairs] fetching: https://api.solpulse.trade/api/new-pairs @ https://solpulse.trade/assets/main-_i6vfeq4.js:1943
[  555409ms] [LOG] [useNewPairs] response status: 200 ok: true @ https://solpulse.trade/assets/main-_i6vfeq4.js:1943
[  555433ms] [LOG] [useNewPairs] parsed pairs: 500 ok: true @ https://solpulse.trade/assets/main-_i6vfeq4.js:1943
[  563321ms] [LOG] [useNewPairs] fetching: https://api.solpulse.trade/api/new-pairs @ https://solpulse.trade/assets/main-_i6vfeq4.js:1943
[  563407ms] [LOG] [useNewPairs] response status: 200 ok: true @ https://solpulse.trade/assets/main-_i6vfeq4.js:1943
[  563429ms] [LOG] [useNewPairs] parsed pairs: 500 ok: true @ https://solpulse.trade/assets/main-_i6vfeq4.js:1943
[  571320ms] [LOG] [useNewPairs] fetching: https://api.solpulse.trade/api/new-pairs @ https://solpulse.trade/assets/main-_i6vfeq4.js:1943
[  571416ms] [LOG] [useNewPairs] response status: 200 ok: true @ https://solpulse.trade/assets/main-_i6vfeq4.js:1943
[  571440ms] [LOG] [useNewPairs] parsed pairs: 500 ok: true @ https://solpulse.trade/assets/main-_i6vfeq4.js:1943
[  579321ms] [LOG] [useNewPairs] fetching: https://api.solpulse.trade/api/new-pairs @ https://solpulse.trade/assets/main-_i6vfeq4.js:1943
[  579406ms] [LOG] [useNewPairs] response status: 200 ok: true @ https://solpulse.trade/assets/main-_i6vfeq4.js:1943
[  579424ms] [LOG] [useNewPairs] parsed pairs: 500 ok: true @ https://solpulse.trade/assets/main-_i6vfeq4.js:1943
[  579520ms] [ERROR] Failed to load resource: net::ERR_BLOCKED_BY_RESPONSE.NotSameOrigin @ https://ipfs.io/ipfs/bafkreifz5gmxc573h6krvdao3dfzv27sz6724dvdsfmijxh7db5bugq57y:0
[  579529ms] [ERROR] Failed to load resource: net::ERR_BLOCKED_BY_RESPONSE.NotSameOrigin @ https://ipfs.io/ipfs/Qmdz7rPe3wjLvrvxD9mUVsoiBjzDkRD9NAnk5jgfTa8dTC:0
[  587322ms] [LOG] [useNewPairs] fetching: https://api.solpulse.trade/api/new-pairs @ https://solpulse.trade/assets/main-_i6vfeq4.js:1943
[  587402ms] [LOG] [useNewPairs] response status: 200 ok: true @ https://solpulse.trade/assets/main-_i6vfeq4.js:1943
[  587427ms] [LOG] [useNewPairs] parsed pairs: 500 ok: true @ https://solpulse.trade/assets/main-_i6vfeq4.js:1943
[  595322ms] [LOG] [useNewPairs] fetching: https://api.solpulse.trade/api/new-pairs @ https://solpulse.trade/assets/main-_i6vfeq4.js:1943
[  595403ms] [LOG] [useNewPairs] response status: 200 ok: true @ https://solpulse.trade/assets/main-_i6vfeq4.js:1943
[  595422ms] [LOG] [useNewPairs] parsed pairs: 500 ok: true @ https://solpulse.trade/assets/main-_i6vfeq4.js:1943
[  603321ms] [LOG] [useNewPairs] fetching: https://api.solpulse.trade/api/new-pairs @ https://solpulse.trade/assets/main-_i6vfeq4.js:1943
[  603414ms] [LOG] [useNewPairs] response status: 200 ok: true @ https://solpulse.trade/assets/main-_i6vfeq4.js:1943
[  603433ms] [LOG] [useNewPairs] parsed pairs: 500 ok: true @ https://solpulse.trade/assets/main-_i6vfeq4.js:1943
[  611321ms] [LOG] [useNewPairs] fetching: https://api.solpulse.trade/api/new-pairs @ https://solpulse.trade/assets/main-_i6vfeq4.js:1943
[  611414ms] [LOG] [useNewPairs] response status: 200 ok: true @ https://solpulse.trade/assets/main-_i6vfeq4.js:1943
[  611436ms] [LOG] [useNewPairs] parsed pairs: 500 ok: true @ https://solpulse.trade/assets/main-_i6vfeq4.js:1943
[  611543ms] [ERROR] Failed to load resource: net::ERR_BLOCKED_BY_RESPONSE.NotSameOrigin @ https://ipfs.io/ipfs/bafkreialdemszu7a2dykzvyof5xzd5tvb63r7jtzvpox23amxfpmmphrie:0
[  619321ms] [LOG] [useNewPairs] fetching: https://api.solpulse.trade/api/new-pairs @ https://solpulse.trade/assets/main-_i6vfeq4.js:1943
[  619416ms] [LOG] [useNewPairs] response status: 200 ok: true @ https://solpulse.trade/assets/main-_i6vfeq4.js:1943
[  619445ms] [LOG] [useNewPairs] parsed pairs: 500 ok: true @ https://solpulse.trade/assets/main-_i6vfeq4.js:1943
[  627322ms] [LOG] [useNewPairs] fetching: https://api.solpulse.trade/api/new-pairs @ https://solpulse.trade/assets/main-_i6vfeq4.js:1943
[  627408ms] [LOG] [useNewPairs] response status: 200 ok: true @ https://solpulse.trade/assets/main-_i6vfeq4.js:1943
[  627433ms] [LOG] [useNewPairs] parsed pairs: 500 ok: true @ https://solpulse.trade/assets/main-_i6vfeq4.js:1943
[  635322ms] [LOG] [useNewPairs] fetching: https://api.solpulse.trade/api/new-pairs @ https://solpulse.trade/assets/main-_i6vfeq4.js:1943
[  635411ms] [LOG] [useNewPairs] response status: 200 ok: true @ https://solpulse.trade/assets/main-_i6vfeq4.js:1943
[  635433ms] [LOG] [useNewPairs] parsed pairs: 500 ok: true @ https://solpulse.trade/assets/main-_i6vfeq4.js:1943
[  643322ms] [LOG] [useNewPairs] fetching: https://api.solpulse.trade/api/new-pairs @ https://solpulse.trade/assets/main-_i6vfeq4.js:1943
[  643395ms] [LOG] [useNewPairs] response status: 200 ok: true @ https://solpulse.trade/assets/main-_i6vfeq4.js:1943
[  643413ms] [LOG] [useNewPairs] parsed pairs: 500 ok: true @ https://solpulse.trade/assets/main-_i6vfeq4.js:1943
[  651322ms] [LOG] [useNewPairs] fetching: https://api.solpulse.trade/api/new-pairs @ https://solpulse.trade/assets/main-_i6vfeq4.js:1943
[  651421ms] [LOG] [useNewPairs] response status: 200 ok: true @ https://solpulse.trade/assets/main-_i6vfeq4.js:1943
[  651446ms] [LOG] [useNewPairs] parsed pairs: 500 ok: true @ https://solpulse.trade/assets/main-_i6vfeq4.js:1943
[  659323ms] [LOG] [useNewPairs] fetching: https://api.solpulse.trade/api/new-pairs @ https://solpulse.trade/assets/main-_i6vfeq4.js:1943
[  659409ms] [LOG] [useNewPairs] response status: 200 ok: true @ https://solpulse.trade/assets/main-_i6vfeq4.js:1943
[  659437ms] [LOG] [useNewPairs] parsed pairs: 500 ok: true @ https://solpulse.trade/assets/main-_i6vfeq4.js:1943
[  667322ms] [LOG] [useNewPairs] fetching: https://api.solpulse.trade/api/new-pairs @ https://solpulse.trade/assets/main-_i6vfeq4.js:1943
[  667424ms] [LOG] [useNewPairs] response status: 200 ok: true @ https://solpulse.trade/assets/main-_i6vfeq4.js:1943
[  667448ms] [LOG] [useNewPairs] parsed pairs: 500 ok: true @ https://solpulse.trade/assets/main-_i6vfeq4.js:1943
[  675322ms] [LOG] [useNewPairs] fetching: https://api.solpulse.trade/api/new-pairs @ https://solpulse.trade/assets/main-_i6vfeq4.js:1943
[  675421ms] [LOG] [useNewPairs] response status: 200 ok: true @ https://solpulse.trade/assets/main-_i6vfeq4.js:1943
[  675447ms] [LOG] [useNewPairs] parsed pairs: 500 ok: true @ https://solpulse.trade/assets/main-_i6vfeq4.js:1943
[  675518ms] [ERROR] Failed to load resource: net::ERR_BLOCKED_BY_RESPONSE.NotSameOrigin @ https://ipfs.io/ipfs/QmXpKAmBajv5o3by69hge3dRbPQJjWCX88VbgZDFqWpR6m:0
[  683322ms] [LOG] [useNewPairs] fetching: https://api.solpulse.trade/api/new-pairs @ https://solpulse.trade/assets/main-_i6vfeq4.js:1943
[  683414ms] [LOG] [useNewPairs] response status: 200 ok: true @ https://solpulse.trade/assets/main-_i6vfeq4.js:1943
[  683434ms] [LOG] [useNewPairs] parsed pairs: 500 ok: true @ https://solpulse.trade/assets/main-_i6vfeq4.js:1943
[  691322ms] [LOG] [useNewPairs] fetching: https://api.solpulse.trade/api/new-pairs @ https://solpulse.trade/assets/main-_i6vfeq4.js:1943
[  691418ms] [LOG] [useNewPairs] response status: 200 ok: true @ https://solpulse.trade/assets/main-_i6vfeq4.js:1943
[  691441ms] [LOG] [useNewPairs] parsed pairs: 500 ok: true @ https://solpulse.trade/assets/main-_i6vfeq4.js:1943
[  699323ms] [LOG] [useNewPairs] fetching: https://api.solpulse.trade/api/new-pairs @ https://solpulse.trade/assets/main-_i6vfeq4.js:1943
[  699409ms] [LOG] [useNewPairs] response status: 200 ok: true @ https://solpulse.trade/assets/main-_i6vfeq4.js:1943
[  699436ms] [LOG] [useNewPairs] parsed pairs: 500 ok: true @ https://solpulse.trade/assets/main-_i6vfeq4.js:1943
[  707323ms] [LOG] [useNewPairs] fetching: https://api.solpulse.trade/api/new-pairs @ https://solpulse.trade/assets/main-_i6vfeq4.js:1943
[  707411ms] [LOG] [useNewPairs] response status: 200 ok: true @ https://solpulse.trade/assets/main-_i6vfeq4.js:1943
[  707434ms] [LOG] [useNewPairs] parsed pairs: 500 ok: true @ https://solpulse.trade/assets/main-_i6vfeq4.js:1943
[  715323ms] [LOG] [useNewPairs] fetching: https://api.solpulse.trade/api/new-pairs @ https://solpulse.trade/assets/main-_i6vfeq4.js:1943
[  715412ms] [LOG] [useNewPairs] response status: 200 ok: true @ https://solpulse.trade/assets/main-_i6vfeq4.js:1943
[  715445ms] [LOG] [useNewPairs] parsed pairs: 500 ok: true @ https://solpulse.trade/assets/main-_i6vfeq4.js:1943
[  723323ms] [LOG] [useNewPairs] fetching: https://api.solpulse.trade/api/new-pairs @ https://solpulse.trade/assets/main-_i6vfeq4.js:1943
[  723420ms] [LOG] [useNewPairs] response status: 200 ok: true @ https://solpulse.trade/assets/main-_i6vfeq4.js:1943
[  723444ms] [LOG] [useNewPairs] parsed pairs: 500 ok: true @ https://solpulse.trade/assets/main-_i6vfeq4.js:1943
[  731323ms] [LOG] [useNewPairs] fetching: https://api.solpulse.trade/api/new-pairs @ https://solpulse.trade/assets/main-_i6vfeq4.js:1943
[  731412ms] [LOG] [useNewPairs] response status: 200 ok: true @ https://solpulse.trade/assets/main-_i6vfeq4.js:1943
[  731443ms] [LOG] [useNewPairs] parsed pairs: 500 ok: true @ https://solpulse.trade/assets/main-_i6vfeq4.js:1943
[  739323ms] [LOG] [useNewPairs] fetching: https://api.solpulse.trade/api/new-pairs @ https://solpulse.trade/assets/main-_i6vfeq4.js:1943
[  739425ms] [LOG] [useNewPairs] response status: 200 ok: true @ https://solpulse.trade/assets/main-_i6vfeq4.js:1943
[  739449ms] [LOG] [useNewPairs] parsed pairs: 500 ok: true @ https://solpulse.trade/assets/main-_i6vfeq4.js:1943
[  747323ms] [LOG] [useNewPairs] fetching: https://api.solpulse.trade/api/new-pairs @ https://solpulse.trade/assets/main-_i6vfeq4.js:1943
[  747407ms] [LOG] [useNewPairs] response status: 200 ok: true @ https://solpulse.trade/assets/main-_i6vfeq4.js:1943
[  747432ms] [LOG] [useNewPairs] parsed pairs: 500 ok: true @ https://solpulse.trade/assets/main-_i6vfeq4.js:1943
[  755323ms] [LOG] [useNewPairs] fetching: https://api.solpulse.trade/api/new-pairs @ https://solpulse.trade/assets/main-_i6vfeq4.js:1943
[  755414ms] [LOG] [useNewPairs] response status: 200 ok: true @ https://solpulse.trade/assets/main-_i6vfeq4.js:1943
[  755438ms] [LOG] [useNewPairs] parsed pairs: 500 ok: true @ https://solpulse.trade/assets/main-_i6vfeq4.js:1943
[  763323ms] [LOG] [useNewPairs] fetching: https://api.solpulse.trade/api/new-pairs @ https://solpulse.trade/assets/main-_i6vfeq4.js:1943
[  763416ms] [LOG] [useNewPairs] response status: 200 ok: true @ https://solpulse.trade/assets/main-_i6vfeq4.js:1943
[  763443ms] [LOG] [useNewPairs] parsed pairs: 500 ok: true @ https://solpulse.trade/assets/main-_i6vfeq4.js:1943
[  771323ms] [LOG] [useNewPairs] fetching: https://api.solpulse.trade/api/new-pairs @ https://solpulse.trade/assets/main-_i6vfeq4.js:1943
[  771413ms] [LOG] [useNewPairs] response status: 200 ok: true @ https://solpulse.trade/assets/main-_i6vfeq4.js:1943
[  771429ms] [LOG] [useNewPairs] parsed pairs: 500 ok: true @ https://solpulse.trade/assets/main-_i6vfeq4.js:1943
[  779324ms] [LOG] [useNewPairs] fetching: https://api.solpulse.trade/api/new-pairs @ https://solpulse.trade/assets/main-_i6vfeq4.js:1943
[  779410ms] [LOG] [useNewPairs] response status: 200 ok: true @ https://solpulse.trade/assets/main-_i6vfeq4.js:1943
[  779426ms] [LOG] [useNewPairs] parsed pairs: 500 ok: true @ https://solpulse.trade/assets/main-_i6vfeq4.js:1943
[  787324ms] [LOG] [useNewPairs] fetching: https://api.solpulse.trade/api/new-pairs @ https://solpulse.trade/assets/main-_i6vfeq4.js:1943
[  787395ms] [LOG] [useNewPairs] response status: 200 ok: true @ https://solpulse.trade/assets/main-_i6vfeq4.js:1943
[  787411ms] [LOG] [useNewPairs] parsed pairs: 500 ok: true @ https://solpulse.trade/assets/main-_i6vfeq4.js:1943
[  795324ms] [LOG] [useNewPairs] fetching: https://api.solpulse.trade/api/new-pairs @ https://solpulse.trade/assets/main-_i6vfeq4.js:1943
[  795419ms] [LOG] [useNewPairs] response status: 200 ok: true @ https://solpulse.trade/assets/main-_i6vfeq4.js:1943
[  795447ms] [LOG] [useNewPairs] parsed pairs: 500 ok: true @ https://solpulse.trade/assets/main-_i6vfeq4.js:1943
[  803323ms] [LOG] [useNewPairs] fetching: https://api.solpulse.trade/api/new-pairs @ https://solpulse.trade/assets/main-_i6vfeq4.js:1943
[  803409ms] [LOG] [useNewPairs] response status: 200 ok: true @ https://solpulse.trade/assets/main-_i6vfeq4.js:1943
[  803436ms] [LOG] [useNewPairs] parsed pairs: 500 ok: true @ https://solpulse.trade/assets/main-_i6vfeq4.js:1943
[  811324ms] [LOG] [useNewPairs] fetching: https://api.solpulse.trade/api/new-pairs @ https://solpulse.trade/assets/main-_i6vfeq4.js:1943
[  811417ms] [LOG] [useNewPairs] response status: 200 ok: true @ https://solpulse.trade/assets/main-_i6vfeq4.js:1943
[  811441ms] [LOG] [useNewPairs] parsed pairs: 500 ok: true @ https://solpulse.trade/assets/main-_i6vfeq4.js:1943
[  819324ms] [LOG] [useNewPairs] fetching: https://api.solpulse.trade/api/new-pairs @ https://solpulse.trade/assets/main-_i6vfeq4.js:1943
[  819417ms] [LOG] [useNewPairs] response status: 200 ok: true @ https://solpulse.trade/assets/main-_i6vfeq4.js:1943
[  819441ms] [LOG] [useNewPairs] parsed pairs: 500 ok: true @ https://solpulse.trade/assets/main-_i6vfeq4.js:1943
[  827325ms] [LOG] [useNewPairs] fetching: https://api.solpulse.trade/api/new-pairs @ https://solpulse.trade/assets/main-_i6vfeq4.js:1943
[  827400ms] [LOG] [useNewPairs] response status: 200 ok: true @ https://solpulse.trade/assets/main-_i6vfeq4.js:1943
[  827410ms] [LOG] [useNewPairs] parsed pairs: 500 ok: true @ https://solpulse.trade/assets/main-_i6vfeq4.js:1943
[  835324ms] [LOG] [useNewPairs] fetching: https://api.solpulse.trade/api/new-pairs @ https://solpulse.trade/assets/main-_i6vfeq4.js:1943
[  835414ms] [LOG] [useNewPairs] response status: 200 ok: true @ https://solpulse.trade/assets/main-_i6vfeq4.js:1943
[  835437ms] [LOG] [useNewPairs] parsed pairs: 500 ok: true @ https://solpulse.trade/assets/main-_i6vfeq4.js:1943
[  843324ms] [LOG] [useNewPairs] fetching: https://api.solpulse.trade/api/new-pairs @ https://solpulse.trade/assets/main-_i6vfeq4.js:1943
[  843428ms] [LOG] [useNewPairs] response status: 200 ok: true @ https://solpulse.trade/assets/main-_i6vfeq4.js:1943
[  843441ms] [LOG] [useNewPairs] parsed pairs: 500 ok: true @ https://solpulse.trade/assets/main-_i6vfeq4.js:1943
[  851325ms] [LOG] [useNewPairs] fetching: https://api.solpulse.trade/api/new-pairs @ https://solpulse.trade/assets/main-_i6vfeq4.js:1943
[  851425ms] [LOG] [useNewPairs] response status: 200 ok: true @ https://solpulse.trade/assets/main-_i6vfeq4.js:1943
[  851447ms] [LOG] [useNewPairs] parsed pairs: 500 ok: true @ https://solpulse.trade/assets/main-_i6vfeq4.js:1943
[  859324ms] [LOG] [useNewPairs] fetching: https://api.solpulse.trade/api/new-pairs @ https://solpulse.trade/assets/main-_i6vfeq4.js:1943
[  859414ms] [LOG] [useNewPairs] response status: 200 ok: true @ https://solpulse.trade/assets/main-_i6vfeq4.js:1943
[  859423ms] [LOG] [useNewPairs] parsed pairs: 500 ok: true @ https://solpulse.trade/assets/main-_i6vfeq4.js:1943
[  867325ms] [LOG] [useNewPairs] fetching: https://api.solpulse.trade/api/new-pairs @ https://solpulse.trade/assets/main-_i6vfeq4.js:1943
[  867397ms] [LOG] [useNewPairs] response status: 200 ok: true @ https://solpulse.trade/assets/main-_i6vfeq4.js:1943
[  867406ms] [LOG] [useNewPairs] parsed pairs: 500 ok: true @ https://solpulse.trade/assets/main-_i6vfeq4.js:1943
[  867485ms] [ERROR] Failed to load resource: net::ERR_SSL_PROTOCOL_ERROR @ https://gateway.irys.xyz/F3Q2Sn8qPQLjFquKrsXU8peGrFNDfFkSdeYvdYx4YTmH:0
[  875325ms] [LOG] [useNewPairs] fetching: https://api.solpulse.trade/api/new-pairs @ https://solpulse.trade/assets/main-_i6vfeq4.js:1943
[  875399ms] [LOG] [useNewPairs] response status: 200 ok: true @ https://solpulse.trade/assets/main-_i6vfeq4.js:1943
[  875410ms] [LOG] [useNewPairs] parsed pairs: 500 ok: true @ https://solpulse.trade/assets/main-_i6vfeq4.js:1943
[  883325ms] [LOG] [useNewPairs] fetching: https://api.solpulse.trade/api/new-pairs @ https://solpulse.trade/assets/main-_i6vfeq4.js:1943
[  883411ms] [LOG] [useNewPairs] response status: 200 ok: true @ https://solpulse.trade/assets/main-_i6vfeq4.js:1943
[  883433ms] [LOG] [useNewPairs] parsed pairs: 500 ok: true @ https://solpulse.trade/assets/main-_i6vfeq4.js:1943
[  891325ms] [LOG] [useNewPairs] fetching: https://api.solpulse.trade/api/new-pairs @ https://solpulse.trade/assets/main-_i6vfeq4.js:1943
[  891408ms] [LOG] [useNewPairs] response status: 200 ok: true @ https://solpulse.trade/assets/main-_i6vfeq4.js:1943
[  891417ms] [LOG] [useNewPairs] parsed pairs: 500 ok: true @ https://solpulse.trade/assets/main-_i6vfeq4.js:1943
[  899326ms] [LOG] [useNewPairs] fetching: https://api.solpulse.trade/api/new-pairs @ https://solpulse.trade/assets/main-_i6vfeq4.js:1943
[  899414ms] [LOG] [useNewPairs] response status: 200 ok: true @ https://solpulse.trade/assets/main-_i6vfeq4.js:1943
[  899438ms] [LOG] [useNewPairs] parsed pairs: 500 ok: true @ https://solpulse.trade/assets/main-_i6vfeq4.js:1943
[  907325ms] [LOG] [useNewPairs] fetching: https://api.solpulse.trade/api/new-pairs @ https://solpulse.trade/assets/main-_i6vfeq4.js:1943
[  907417ms] [LOG] [useNewPairs] response status: 200 ok: true @ https://solpulse.trade/assets/main-_i6vfeq4.js:1943
[  907432ms] [LOG] [useNewPairs] parsed pairs: 500 ok: true @ https://solpulse.trade/assets/main-_i6vfeq4.js:1943
[  915326ms] [LOG] [useNewPairs] fetching: https://api.solpulse.trade/api/new-pairs @ https://solpulse.trade/assets/main-_i6vfeq4.js:1943
[  915415ms] [LOG] [useNewPairs] response status: 200 ok: true @ https://solpulse.trade/assets/main-_i6vfeq4.js:1943
[  915439ms] [LOG] [useNewPairs] parsed pairs: 500 ok: true @ https://solpulse.trade/assets/main-_i6vfeq4.js:1943
[  923325ms] [LOG] [useNewPairs] fetching: https://api.solpulse.trade/api/new-pairs @ https://solpulse.trade/assets/main-_i6vfeq4.js:1943
[  923429ms] [LOG] [useNewPairs] response status: 200 ok: true @ https://solpulse.trade/assets/main-_i6vfeq4.js:1943
[  923447ms] [LOG] [useNewPairs] parsed pairs: 500 ok: true @ https://solpulse.trade/assets/main-_i6vfeq4.js:1943
[  931325ms] [LOG] [useNewPairs] fetching: https://api.solpulse.trade/api/new-pairs @ https://solpulse.trade/assets/main-_i6vfeq4.js:1943
[  931421ms] [LOG] [useNewPairs] response status: 200 ok: true @ https://solpulse.trade/assets/main-_i6vfeq4.js:1943
[  931448ms] [LOG] [useNewPairs] parsed pairs: 500 ok: true @ https://solpulse.trade/assets/main-_i6vfeq4.js:1943
[  931591ms] [ERROR] Failed to load resource: net::ERR_BLOCKED_BY_RESPONSE.NotSameOrigin @ https://ipfs.io/ipfs/bafkreic76cx4trctz3rgkrkpg3xqi5gzlr7pq7wlgm32jqtzpjdppvafvy:0
[  939326ms] [LOG] [useNewPairs] fetching: https://api.solpulse.trade/api/new-pairs @ https://solpulse.trade/assets/main-_i6vfeq4.js:1943
[  939414ms] [LOG] [useNewPairs] response status: 200 ok: true @ https://solpulse.trade/assets/main-_i6vfeq4.js:1943
[  939443ms] [LOG] [useNewPairs] parsed pairs: 500 ok: true @ https://solpulse.trade/assets/main-_i6vfeq4.js:1943
[  947326ms] [LOG] [useNewPairs] fetching: https://api.solpulse.trade/api/new-pairs @ https://solpulse.trade/assets/main-_i6vfeq4.js:1943
[  947418ms] [LOG] [useNewPairs] response status: 200 ok: true @ https://solpulse.trade/assets/main-_i6vfeq4.js:1943
[  947440ms] [LOG] [useNewPairs] parsed pairs: 500 ok: true @ https://solpulse.trade/assets/main-_i6vfeq4.js:1943
[  955326ms] [LOG] [useNewPairs] fetching: https://api.solpulse.trade/api/new-pairs @ https://solpulse.trade/assets/main-_i6vfeq4.js:1943
[  955423ms] [LOG] [useNewPairs] response status: 200 ok: true @ https://solpulse.trade/assets/main-_i6vfeq4.js:1943
[  955443ms] [LOG] [useNewPairs] parsed pairs: 500 ok: true @ https://solpulse.trade/assets/main-_i6vfeq4.js:1943
[  963326ms] [LOG] [useNewPairs] fetching: https://api.solpulse.trade/api/new-pairs @ https://solpulse.trade/assets/main-_i6vfeq4.js:1943
[  963378ms] [ERROR] Failed to load resource: the server responded with a status of 401 () @ https://api.solpulse.trade/api/new-pairs:0
[  963531ms] [LOG] [useNewPairs] response status: 200 ok: true @ https://solpulse.trade/assets/main-_i6vfeq4.js:1943
[  963541ms] [LOG] [useNewPairs] parsed pairs: 500 ok: true @ https://solpulse.trade/assets/main-_i6vfeq4.js:1943
[  963642ms] [ERROR] Failed to load resource: net::ERR_BLOCKED_BY_RESPONSE.NotSameOrigin @ https://ipfs.io/ipfs/bafybeidptomqz7h4mslyhu5dimjxqdzvgyjpqxcqibzpksnec7xgssntyi:0
[  971326ms] [LOG] [useNewPairs] fetching: https://api.solpulse.trade/api/new-pairs @ https://solpulse.trade/assets/main-_i6vfeq4.js:1943
[  971431ms] [LOG] [useNewPairs] response status: 200 ok: true @ https://solpulse.trade/assets/main-_i6vfeq4.js:1943
[  971455ms] [LOG] [useNewPairs] parsed pairs: 500 ok: true @ https://solpulse.trade/assets/main-_i6vfeq4.js:1943
[  979326ms] [LOG] [useNewPairs] fetching: https://api.solpulse.trade/api/new-pairs @ https://solpulse.trade/assets/main-_i6vfeq4.js:1943
[  979416ms] [LOG] [useNewPairs] response status: 200 ok: true @ https://solpulse.trade/assets/main-_i6vfeq4.js:1943
[  979440ms] [LOG] [useNewPairs] parsed pairs: 500 ok: true @ https://solpulse.trade/assets/main-_i6vfeq4.js:1943
[  987326ms] [LOG] [useNewPairs] fetching: https://api.solpulse.trade/api/new-pairs @ https://solpulse.trade/assets/main-_i6vfeq4.js:1943
[  987414ms] [LOG] [useNewPairs] response status: 200 ok: true @ https://solpulse.trade/assets/main-_i6vfeq4.js:1943
[  987442ms] [LOG] [useNewPairs] parsed pairs: 500 ok: true @ https://solpulse.trade/assets/main-_i6vfeq4.js:1943
[  995326ms] [LOG] [useNewPairs] fetching: https://api.solpulse.trade/api/new-pairs @ https://solpulse.trade/assets/main-_i6vfeq4.js:1943
[  995415ms] [LOG] [useNewPairs] response status: 200 ok: true @ https://solpulse.trade/assets/main-_i6vfeq4.js:1943
[  995441ms] [LOG] [useNewPairs] parsed pairs: 500 ok: true @ https://solpulse.trade/assets/main-_i6vfeq4.js:1943
[ 1003326ms] [LOG] [useNewPairs] fetching: https://api.solpulse.trade/api/new-pairs @ https://solpulse.trade/assets/main-_i6vfeq4.js:1943
[ 1003419ms] [LOG] [useNewPairs] response status: 200 ok: true @ https://solpulse.trade/assets/main-_i6vfeq4.js:1943
[ 1003447ms] [LOG] [useNewPairs] parsed pairs: 500 ok: true @ https://solpulse.trade/assets/main-_i6vfeq4.js:1943
[ 1011326ms] [LOG] [useNewPairs] fetching: https://api.solpulse.trade/api/new-pairs @ https://solpulse.trade/assets/main-_i6vfeq4.js:1943
[ 1011417ms] [LOG] [useNewPairs] response status: 200 ok: true @ https://solpulse.trade/assets/main-_i6vfeq4.js:1943
[ 1011445ms] [LOG] [useNewPairs] parsed pairs: 500 ok: true @ https://solpulse.trade/assets/main-_i6vfeq4.js:1943
[ 1019326ms] [LOG] [useNewPairs] fetching: https://api.solpulse.trade/api/new-pairs @ https://solpulse.trade/assets/main-_i6vfeq4.js:1943
[ 1019433ms] [LOG] [useNewPairs] response status: 200 ok: true @ https://solpulse.trade/assets/main-_i6vfeq4.js:1943
[ 1019459ms] [LOG] [useNewPairs] parsed pairs: 500 ok: true @ https://solpulse.trade/assets/main-_i6vfeq4.js:1943
[ 1027327ms] [LOG] [useNewPairs] fetching: https://api.solpulse.trade/api/new-pairs @ https://solpulse.trade/assets/main-_i6vfeq4.js:1943
[ 1027413ms] [LOG] [useNewPairs] response status: 200 ok: true @ https://solpulse.trade/assets/main-_i6vfeq4.js:1943
[ 1027437ms] [LOG] [useNewPairs] parsed pairs: 500 ok: true @ https://solpulse.trade/assets/main-_i6vfeq4.js:1943
[ 1035327ms] [LOG] [useNewPairs] fetching: https://api.solpulse.trade/api/new-pairs @ https://solpulse.trade/assets/main-_i6vfeq4.js:1943
[ 1035409ms] [LOG] [useNewPairs] response status: 200 ok: true @ https://solpulse.trade/assets/main-_i6vfeq4.js:1943
[ 1035435ms] [LOG] [useNewPairs] parsed pairs: 500 ok: true @ https://solpulse.trade/assets/main-_i6vfeq4.js:1943
[ 1043327ms] [LOG] [useNewPairs] fetching: https://api.solpulse.trade/api/new-pairs @ https://solpulse.trade/assets/main-_i6vfeq4.js:1943
[ 1043414ms] [LOG] [useNewPairs] response status: 200 ok: true @ https://solpulse.trade/assets/main-_i6vfeq4.js:1943
[ 1043421ms] [LOG] [useNewPairs] parsed pairs: 500 ok: true @ https://solpulse.trade/assets/main-_i6vfeq4.js:1943
[ 1051327ms] [LOG] [useNewPairs] fetching: https://api.solpulse.trade/api/new-pairs @ https://solpulse.trade/assets/main-_i6vfeq4.js:1943
[ 1051410ms] [LOG] [useNewPairs] response status: 200 ok: true @ https://solpulse.trade/assets/main-_i6vfeq4.js:1943
[ 1051434ms] [LOG] [useNewPairs] parsed pairs: 500 ok: true @ https://solpulse.trade/assets/main-_i6vfeq4.js:1943
[ 1059326ms] [LOG] [useNewPairs] fetching: https://api.solpulse.trade/api/new-pairs @ https://solpulse.trade/assets/main-_i6vfeq4.js:1943
[ 1059427ms] [LOG] [useNewPairs] response status: 200 ok: true @ https://solpulse.trade/assets/main-_i6vfeq4.js:1943
[ 1059438ms] [LOG] [useNewPairs] parsed pairs: 500 ok: true @ https://solpulse.trade/assets/main-_i6vfeq4.js:1943
[ 1067328ms] [LOG] [useNewPairs] fetching: https://api.solpulse.trade/api/new-pairs @ https://solpulse.trade/assets/main-_i6vfeq4.js:1943
[ 1067417ms] [LOG] [useNewPairs] response status: 200 ok: true @ https://solpulse.trade/assets/main-_i6vfeq4.js:1943
[ 1067444ms] [LOG] [useNewPairs] parsed pairs: 500 ok: true @ https://solpulse.trade/assets/main-_i6vfeq4.js:1943
[ 1075328ms] [LOG] [useNewPairs] fetching: https://api.solpulse.trade/api/new-pairs @ https://solpulse.trade/assets/main-_i6vfeq4.js:1943
[ 1075414ms] [LOG] [useNewPairs] response status: 200 ok: true @ https://solpulse.trade/assets/main-_i6vfeq4.js:1943
[ 1075434ms] [LOG] [useNewPairs] parsed pairs: 500 ok: true @ https://solpulse.trade/assets/main-_i6vfeq4.js:1943
[ 1083328ms] [LOG] [useNewPairs] fetching: https://api.solpulse.trade/api/new-pairs @ https://solpulse.trade/assets/main-_i6vfeq4.js:1943
[ 1083421ms] [LOG] [useNewPairs] response status: 200 ok: true @ https://solpulse.trade/assets/main-_i6vfeq4.js:1943
[ 1083442ms] [LOG] [useNewPairs] parsed pairs: 500 ok: true @ https://solpulse.trade/assets/main-_i6vfeq4.js:1943
[ 1091328ms] [LOG] [useNewPairs] fetching: https://api.solpulse.trade/api/new-pairs @ https://solpulse.trade/assets/main-_i6vfeq4.js:1943
[ 1091420ms] [LOG] [useNewPairs] response status: 200 ok: true @ https://solpulse.trade/assets/main-_i6vfeq4.js:1943
[ 1091443ms] [LOG] [useNewPairs] parsed pairs: 500 ok: true @ https://solpulse.trade/assets/main-_i6vfeq4.js:1943
[ 1091579ms] [ERROR] Failed to load resource: net::ERR_BLOCKED_BY_RESPONSE.NotSameOrigin @ https://ipfs.io/ipfs/bafybeigwg73xktdi7ydixzlibcxrjcwanbt7hnhvog43gpgmjq6eqoftz4:0
[ 1099328ms] [LOG] [useNewPairs] fetching: https://api.solpulse.trade/api/new-pairs @ https://solpulse.trade/assets/main-_i6vfeq4.js:1943
[ 1099417ms] [LOG] [useNewPairs] response status: 200 ok: true @ https://solpulse.trade/assets/main-_i6vfeq4.js:1943
[ 1099440ms] [LOG] [useNewPairs] parsed pairs: 500 ok: true @ https://solpulse.trade/assets/main-_i6vfeq4.js:1943
[ 1107328ms] [LOG] [useNewPairs] fetching: https://api.solpulse.trade/api/new-pairs @ https://solpulse.trade/assets/main-_i6vfeq4.js:1943
[ 1107408ms] [LOG] [useNewPairs] response status: 200 ok: true @ https://solpulse.trade/assets/main-_i6vfeq4.js:1943
[ 1107420ms] [LOG] [useNewPairs] parsed pairs: 500 ok: true @ https://solpulse.trade/assets/main-_i6vfeq4.js:1943
[ 1115329ms] [LOG] [useNewPairs] fetching: https://api.solpulse.trade/api/new-pairs @ https://solpulse.trade/assets/main-_i6vfeq4.js:1943
[ 1115414ms] [LOG] [useNewPairs] response status: 200 ok: true @ https://solpulse.trade/assets/main-_i6vfeq4.js:1943
[ 1115437ms] [LOG] [useNewPairs] parsed pairs: 500 ok: true @ https://solpulse.trade/assets/main-_i6vfeq4.js:1943
[ 1123328ms] [LOG] [useNewPairs] fetching: https://api.solpulse.trade/api/new-pairs @ https://solpulse.trade/assets/main-_i6vfeq4.js:1943
[ 1123418ms] [LOG] [useNewPairs] response status: 200 ok: true @ https://solpulse.trade/assets/main-_i6vfeq4.js:1943
[ 1123442ms] [LOG] [useNewPairs] parsed pairs: 500 ok: true @ https://solpulse.trade/assets/main-_i6vfeq4.js:1943
[ 1123513ms] [ERROR] Failed to load resource: net::ERR_SSL_PROTOCOL_ERROR @ https://gateway.irys.xyz/BnvhemBUpzwqccJ2s3Xnj82qWtyeq8Rhg6adEtBdWTBj:0
[ 1123516ms] [ERROR] Failed to load resource: net::ERR_SSL_PROTOCOL_ERROR @ https://gateway.irys.xyz/FDv8mgdqXooWooPn7LRGKo8Fz4umeRgeathkNg2CfyPc:0
[ 1131328ms] [LOG] [useNewPairs] fetching: https://api.solpulse.trade/api/new-pairs @ https://solpulse.trade/assets/main-_i6vfeq4.js:1943
[ 1131418ms] [LOG] [useNewPairs] response status: 200 ok: true @ https://solpulse.trade/assets/main-_i6vfeq4.js:1943
[ 1131442ms] [LOG] [useNewPairs] parsed pairs: 500 ok: true @ https://solpulse.trade/assets/main-_i6vfeq4.js:1943
[ 1139328ms] [LOG] [useNewPairs] fetching: https://api.solpulse.trade/api/new-pairs @ https://solpulse.trade/assets/main-_i6vfeq4.js:1943
[ 1139419ms] [LOG] [useNewPairs] response status: 200 ok: true @ https://solpulse.trade/assets/main-_i6vfeq4.js:1943
[ 1139443ms] [LOG] [useNewPairs] parsed pairs: 500 ok: true @ https://solpulse.trade/assets/main-_i6vfeq4.js:1943
[ 1147328ms] [LOG] [useNewPairs] fetching: https://api.solpulse.trade/api/new-pairs @ https://solpulse.trade/assets/main-_i6vfeq4.js:1943
[ 1147403ms] [LOG] [useNewPairs] response status: 200 ok: true @ https://solpulse.trade/assets/main-_i6vfeq4.js:1943
[ 1147413ms] [LOG] [useNewPairs] parsed pairs: 500 ok: true @ https://solpulse.trade/assets/main-_i6vfeq4.js:1943
[ 1155329ms] [LOG] [useNewPairs] fetching: https://api.solpulse.trade/api/new-pairs @ https://solpulse.trade/assets/main-_i6vfeq4.js:1943
[ 1155420ms] [LOG] [useNewPairs] response status: 200 ok: true @ https://solpulse.trade/assets/main-_i6vfeq4.js:1943
[ 1155444ms] [LOG] [useNewPairs] parsed pairs: 500 ok: true @ https://solpulse.trade/assets/main-_i6vfeq4.js:1943
[ 1163329ms] [LOG] [useNewPairs] fetching: https://api.solpulse.trade/api/new-pairs @ https://solpulse.trade/assets/main-_i6vfeq4.js:1943
[ 1163427ms] [LOG] [useNewPairs] response status: 200 ok: true @ https://solpulse.trade/assets/main-_i6vfeq4.js:1943
[ 1163451ms] [LOG] [useNewPairs] parsed pairs: 500 ok: true @ https://solpulse.trade/assets/main-_i6vfeq4.js:1943
[ 1171329ms] [LOG] [useNewPairs] fetching: https://api.solpulse.trade/api/new-pairs @ https://solpulse.trade/assets/main-_i6vfeq4.js:1943
[ 1171418ms] [LOG] [useNewPairs] response status: 200 ok: true @ https://solpulse.trade/assets/main-_i6vfeq4.js:1943
[ 1171443ms] [LOG] [useNewPairs] parsed pairs: 500 ok: true @ https://solpulse.trade/assets/main-_i6vfeq4.js:1943
[ 1179329ms] [LOG] [useNewPairs] fetching: https://api.solpulse.trade/api/new-pairs @ https://solpulse.trade/assets/main-_i6vfeq4.js:1943
[ 1179428ms] [LOG] [useNewPairs] response status: 200 ok: true @ https://solpulse.trade/assets/main-_i6vfeq4.js:1943
[ 1179457ms] [LOG] [useNewPairs] parsed pairs: 500 ok: true @ https://solpulse.trade/assets/main-_i6vfeq4.js:1943
[ 1187329ms] [LOG] [useNewPairs] fetching: https://api.solpulse.trade/api/new-pairs @ https://solpulse.trade/assets/main-_i6vfeq4.js:1943
[ 1187416ms] [LOG] [useNewPairs] response status: 200 ok: true @ https://solpulse.trade/assets/main-_i6vfeq4.js:1943
[ 1187445ms] [LOG] [useNewPairs] parsed pairs: 500 ok: true @ https://solpulse.trade/assets/main-_i6vfeq4.js:1943
[ 1195328ms] [LOG] [useNewPairs] fetching: https://api.solpulse.trade/api/new-pairs @ https://solpulse.trade/assets/main-_i6vfeq4.js:1943
[ 1195423ms] [LOG] [useNewPairs] response status: 200 ok: true @ https://solpulse.trade/assets/main-_i6vfeq4.js:1943
[ 1195430ms] [LOG] [useNewPairs] parsed pairs: 500 ok: true @ https://solpulse.trade/assets/main-_i6vfeq4.js:1943
[ 1203330ms] [LOG] [useNewPairs] fetching: https://api.solpulse.trade/api/new-pairs @ https://solpulse.trade/assets/main-_i6vfeq4.js:1943
[ 1203419ms] [LOG] [useNewPairs] response status: 200 ok: true @ https://solpulse.trade/assets/main-_i6vfeq4.js:1943
[ 1203443ms] [LOG] [useNewPairs] parsed pairs: 500 ok: true @ https://solpulse.trade/assets/main-_i6vfeq4.js:1943
[ 1211331ms] [LOG] [useNewPairs] fetching: https://api.solpulse.trade/api/new-pairs @ https://solpulse.trade/assets/main-_i6vfeq4.js:1943
[ 1211419ms] [LOG] [useNewPairs] response status: 200 ok: true @ https://solpulse.trade/assets/main-_i6vfeq4.js:1943
[ 1211429ms] [LOG] [useNewPairs] parsed pairs: 500 ok: true @ https://solpulse.trade/assets/main-_i6vfeq4.js:1943
[ 1219330ms] [LOG] [useNewPairs] fetching: https://api.solpulse.trade/api/new-pairs @ https://solpulse.trade/assets/main-_i6vfeq4.js:1943
[ 1219420ms] [LOG] [useNewPairs] response status: 200 ok: true @ https://solpulse.trade/assets/main-_i6vfeq4.js:1943
[ 1219447ms] [LOG] [useNewPairs] parsed pairs: 500 ok: true @ https://solpulse.trade/assets/main-_i6vfeq4.js:1943
[ 1219589ms] [ERROR] Failed to load resource: net::ERR_BLOCKED_BY_RESPONSE.NotSameOrigin @ https://ipfs.io/ipfs/QmTmaxBLovgEYKurcrPFG8sTjPsA6vrocBAWH3Ei1yN8g1:0
[ 1219589ms] [ERROR] Failed to load resource: net::ERR_BLOCKED_BY_RESPONSE.NotSameOrigin @ https://ipfs.io/ipfs/QmcVjUUb5UeXDigSynPSvzAS3AiKmiUjtkNNmp1VVY5F3v:0
[ 1227330ms] [LOG] [useNewPairs] fetching: https://api.solpulse.trade/api/new-pairs @ https://solpulse.trade/assets/main-_i6vfeq4.js:1943
[ 1227419ms] [LOG] [useNewPairs] response status: 200 ok: true @ https://solpulse.trade/assets/main-_i6vfeq4.js:1943
[ 1227447ms] [LOG] [useNewPairs] parsed pairs: 500 ok: true @ https://solpulse.trade/assets/main-_i6vfeq4.js:1943
[ 1235331ms] [LOG] [useNewPairs] fetching: https://api.solpulse.trade/api/new-pairs @ https://solpulse.trade/assets/main-_i6vfeq4.js:1943
[ 1235417ms] [LOG] [useNewPairs] response status: 200 ok: true @ https://solpulse.trade/assets/main-_i6vfeq4.js:1943
[ 1235440ms] [LOG] [useNewPairs] parsed pairs: 500 ok: true @ https://solpulse.trade/assets/main-_i6vfeq4.js:1943
[ 1243330ms] [LOG] [useNewPairs] fetching: https://api.solpulse.trade/api/new-pairs @ https://solpulse.trade/assets/main-_i6vfeq4.js:1943
[ 1243420ms] [LOG] [useNewPairs] response status: 200 ok: true @ https://solpulse.trade/assets/main-_i6vfeq4.js:1943
[ 1243445ms] [LOG] [useNewPairs] parsed pairs: 500 ok: true @ https://solpulse.trade/assets/main-_i6vfeq4.js:1943
[ 1251329ms] [LOG] [useNewPairs] fetching: https://api.solpulse.trade/api/new-pairs @ https://solpulse.trade/assets/main-_i6vfeq4.js:1943
[ 1251412ms] [LOG] [useNewPairs] response status: 200 ok: true @ https://solpulse.trade/assets/main-_i6vfeq4.js:1943
[ 1251421ms] [LOG] [useNewPairs] parsed pairs: 500 ok: true @ https://solpulse.trade/assets/main-_i6vfeq4.js:1943
[ 1259331ms] [LOG] [useNewPairs] fetching: https://api.solpulse.trade/api/new-pairs @ https://solpulse.trade/assets/main-_i6vfeq4.js:1943
[ 1259422ms] [LOG] [useNewPairs] response status: 200 ok: true @ https://solpulse.trade/assets/main-_i6vfeq4.js:1943
[ 1259435ms] [LOG] [useNewPairs] parsed pairs: 500 ok: true @ https://solpulse.trade/assets/main-_i6vfeq4.js:1943
[ 1267331ms] [LOG] [useNewPairs] fetching: https://api.solpulse.trade/api/new-pairs @ https://solpulse.trade/assets/main-_i6vfeq4.js:1943
[ 1267418ms] [LOG] [useNewPairs] response status: 200 ok: true @ https://solpulse.trade/assets/main-_i6vfeq4.js:1943
[ 1267441ms] [LOG] [useNewPairs] parsed pairs: 500 ok: true @ https://solpulse.trade/assets/main-_i6vfeq4.js:1943
[ 1275331ms] [LOG] [useNewPairs] fetching: https://api.solpulse.trade/api/new-pairs @ https://solpulse.trade/assets/main-_i6vfeq4.js:1943
[ 1275440ms] [LOG] [useNewPairs] response status: 200 ok: true @ https://solpulse.trade/assets/main-_i6vfeq4.js:1943
[ 1275465ms] [LOG] [useNewPairs] parsed pairs: 500 ok: true @ https://solpulse.trade/assets/main-_i6vfeq4.js:1943
[ 1283332ms] [LOG] [useNewPairs] fetching: https://api.solpulse.trade/api/new-pairs @ https://solpulse.trade/assets/main-_i6vfeq4.js:1943
[ 1283419ms] [LOG] [useNewPairs] response status: 200 ok: true @ https://solpulse.trade/assets/main-_i6vfeq4.js:1943
[ 1283442ms] [LOG] [useNewPairs] parsed pairs: 500 ok: true @ https://solpulse.trade/assets/main-_i6vfeq4.js:1943
[ 1291330ms] [LOG] [useNewPairs] fetching: https://api.solpulse.trade/api/new-pairs @ https://solpulse.trade/assets/main-_i6vfeq4.js:1943
[ 1291428ms] [LOG] [useNewPairs] response status: 200 ok: true @ https://solpulse.trade/assets/main-_i6vfeq4.js:1943
[ 1291457ms] [LOG] [useNewPairs] parsed pairs: 500 ok: true @ https://solpulse.trade/assets/main-_i6vfeq4.js:1943
[ 1299329ms] [LOG] [useNewPairs] fetching: https://api.solpulse.trade/api/new-pairs @ https://solpulse.trade/assets/main-_i6vfeq4.js:1943
[ 1299421ms] [LOG] [useNewPairs] response status: 200 ok: true @ https://solpulse.trade/assets/main-_i6vfeq4.js:1943
[ 1299448ms] [LOG] [useNewPairs] parsed pairs: 500 ok: true @ https://solpulse.trade/assets/main-_i6vfeq4.js:1943
[ 1307332ms] [LOG] [useNewPairs] fetching: https://api.solpulse.trade/api/new-pairs @ https://solpulse.trade/assets/main-_i6vfeq4.js:1943
[ 1307421ms] [LOG] [useNewPairs] response status: 200 ok: true @ https://solpulse.trade/assets/main-_i6vfeq4.js:1943
[ 1307447ms] [LOG] [useNewPairs] parsed pairs: 500 ok: true @ https://solpulse.trade/assets/main-_i6vfeq4.js:1943
[ 1315331ms] [LOG] [useNewPairs] fetching: https://api.solpulse.trade/api/new-pairs @ https://solpulse.trade/assets/main-_i6vfeq4.js:1943
[ 1315414ms] [LOG] [useNewPairs] response status: 200 ok: true @ https://solpulse.trade/assets/main-_i6vfeq4.js:1943
[ 1315439ms] [LOG] [useNewPairs] parsed pairs: 500 ok: true @ https://solpulse.trade/assets/main-_i6vfeq4.js:1943
[ 1323331ms] [LOG] [useNewPairs] fetching: https://api.solpulse.trade/api/new-pairs @ https://solpulse.trade/assets/main-_i6vfeq4.js:1943
[ 1323415ms] [LOG] [useNewPairs] response status: 200 ok: true @ https://solpulse.trade/assets/main-_i6vfeq4.js:1943
[ 1323425ms] [LOG] [useNewPairs] parsed pairs: 500 ok: true @ https://solpulse.trade/assets/main-_i6vfeq4.js:1943
[ 1331332ms] [LOG] [useNewPairs] fetching: https://api.solpulse.trade/api/new-pairs @ https://solpulse.trade/assets/main-_i6vfeq4.js:1943
[ 1331415ms] [LOG] [useNewPairs] response status: 200 ok: true @ https://solpulse.trade/assets/main-_i6vfeq4.js:1943
[ 1331427ms] [LOG] [useNewPairs] parsed pairs: 500 ok: true @ https://solpulse.trade/assets/main-_i6vfeq4.js:1943
[ 1339331ms] [LOG] [useNewPairs] fetching: https://api.solpulse.trade/api/new-pairs @ https://solpulse.trade/assets/main-_i6vfeq4.js:1943
[ 1339432ms] [LOG] [useNewPairs] response status: 200 ok: true @ https://solpulse.trade/assets/main-_i6vfeq4.js:1943
[ 1339456ms] [LOG] [useNewPairs] parsed pairs: 500 ok: true @ https://solpulse.trade/assets/main-_i6vfeq4.js:1943
[ 1347332ms] [LOG] [useNewPairs] fetching: https://api.solpulse.trade/api/new-pairs @ https://solpulse.trade/assets/main-_i6vfeq4.js:1943
[ 1347418ms] [LOG] [useNewPairs] response status: 200 ok: true @ https://solpulse.trade/assets/main-_i6vfeq4.js:1943
[ 1347444ms] [LOG] [useNewPairs] parsed pairs: 500 ok: true @ https://solpulse.trade/assets/main-_i6vfeq4.js:1943
[ 1355333ms] [LOG] [useNewPairs] fetching: https://api.solpulse.trade/api/new-pairs @ https://solpulse.trade/assets/main-_i6vfeq4.js:1943
[ 1355426ms] [LOG] [useNewPairs] response status: 200 ok: true @ https://solpulse.trade/assets/main-_i6vfeq4.js:1943
[ 1355449ms] [LOG] [useNewPairs] parsed pairs: 500 ok: true @ https://solpulse.trade/assets/main-_i6vfeq4.js:1943
[ 1363333ms] [LOG] [useNewPairs] fetching: https://api.solpulse.trade/api/new-pairs @ https://solpulse.trade/assets/main-_i6vfeq4.js:1943
[ 1363416ms] [LOG] [useNewPairs] response status: 200 ok: true @ https://solpulse.trade/assets/main-_i6vfeq4.js:1943
[ 1363439ms] [LOG] [useNewPairs] parsed pairs: 500 ok: true @ https://solpulse.trade/assets/main-_i6vfeq4.js:1943
[ 1371332ms] [LOG] [useNewPairs] fetching: https://api.solpulse.trade/api/new-pairs @ https://solpulse.trade/assets/main-_i6vfeq4.js:1943
[ 1371428ms] [LOG] [useNewPairs] response status: 200 ok: true @ https://solpulse.trade/assets/main-_i6vfeq4.js:1943
[ 1371450ms] [LOG] [useNewPairs] parsed pairs: 500 ok: true @ https://solpulse.trade/assets/main-_i6vfeq4.js:1943
[ 1379333ms] [LOG] [useNewPairs] fetching: https://api.solpulse.trade/api/new-pairs @ https://solpulse.trade/assets/main-_i6vfeq4.js:1943
[ 1379419ms] [LOG] [useNewPairs] response status: 200 ok: true @ https://solpulse.trade/assets/main-_i6vfeq4.js:1943
[ 1379443ms] [LOG] [useNewPairs] parsed pairs: 500 ok: true @ https://solpulse.trade/assets/main-_i6vfeq4.js:1943
[ 1379537ms] [ERROR] Failed to load resource: net::ERR_SSL_PROTOCOL_ERROR @ https://gateway.irys.xyz/BayLaZrn24kJYGt7zVViCZGqc6jdXEo8pGAbdXu9F17L:0
[ 1387333ms] [LOG] [useNewPairs] fetching: https://api.solpulse.trade/api/new-pairs @ https://solpulse.trade/assets/main-_i6vfeq4.js:1943
[ 1387426ms] [LOG] [useNewPairs] response status: 200 ok: true @ https://solpulse.trade/assets/main-_i6vfeq4.js:1943
[ 1387454ms] [LOG] [useNewPairs] parsed pairs: 500 ok: true @ https://solpulse.trade/assets/main-_i6vfeq4.js:1943
[ 1395334ms] [LOG] [useNewPairs] fetching: https://api.solpulse.trade/api/new-pairs @ https://solpulse.trade/assets/main-_i6vfeq4.js:1943
[ 1395424ms] [LOG] [useNewPairs] response status: 200 ok: true @ https://solpulse.trade/assets/main-_i6vfeq4.js:1943
[ 1395446ms] [LOG] [useNewPairs] parsed pairs: 500 ok: true @ https://solpulse.trade/assets/main-_i6vfeq4.js:1943
[ 1403334ms] [LOG] [useNewPairs] fetching: https://api.solpulse.trade/api/new-pairs @ https://solpulse.trade/assets/main-_i6vfeq4.js:1943
[ 1403436ms] [LOG] [useNewPairs] response status: 200 ok: true @ https://solpulse.trade/assets/main-_i6vfeq4.js:1943
[ 1403446ms] [LOG] [useNewPairs] parsed pairs: 500 ok: true @ https://solpulse.trade/assets/main-_i6vfeq4.js:1943
[ 1411333ms] [LOG] [useNewPairs] fetching: https://api.solpulse.trade/api/new-pairs @ https://solpulse.trade/assets/main-_i6vfeq4.js:1943
[ 1411424ms] [LOG] [useNewPairs] response status: 200 ok: true @ https://solpulse.trade/assets/main-_i6vfeq4.js:1943
[ 1411447ms] [LOG] [useNewPairs] parsed pairs: 500 ok: true @ https://solpulse.trade/assets/main-_i6vfeq4.js:1943
[ 1419333ms] [LOG] [useNewPairs] fetching: https://api.solpulse.trade/api/new-pairs @ https://solpulse.trade/assets/main-_i6vfeq4.js:1943
[ 1419427ms] [LOG] [useNewPairs] response status: 200 ok: true @ https://solpulse.trade/assets/main-_i6vfeq4.js:1943
[ 1419453ms] [LOG] [useNewPairs] parsed pairs: 500 ok: true @ https://solpulse.trade/assets/main-_i6vfeq4.js:1943
[ 1427332ms] [LOG] [useNewPairs] fetching: https://api.solpulse.trade/api/new-pairs @ https://solpulse.trade/assets/main-_i6vfeq4.js:1943
[ 1427407ms] [LOG] [useNewPairs] response status: 200 ok: true @ https://solpulse.trade/assets/main-_i6vfeq4.js:1943
[ 1427417ms] [LOG] [useNewPairs] parsed pairs: 500 ok: true @ https://solpulse.trade/assets/main-_i6vfeq4.js:1943
[ 1435334ms] [LOG] [useNewPairs] fetching: https://api.solpulse.trade/api/new-pairs @ https://solpulse.trade/assets/main-_i6vfeq4.js:1943
[ 1435418ms] [LOG] [useNewPairs] response status: 200 ok: true @ https://solpulse.trade/assets/main-_i6vfeq4.js:1943
[ 1435438ms] [LOG] [useNewPairs] parsed pairs: 500 ok: true @ https://solpulse.trade/assets/main-_i6vfeq4.js:1943
[ 1443334ms] [LOG] [useNewPairs] fetching: https://api.solpulse.trade/api/new-pairs @ https://solpulse.trade/assets/main-_i6vfeq4.js:1943
[ 1443420ms] [LOG] [useNewPairs] response status: 200 ok: true @ https://solpulse.trade/assets/main-_i6vfeq4.js:1943
[ 1443426ms] [LOG] [useNewPairs] parsed pairs: 500 ok: true @ https://solpulse.trade/assets/main-_i6vfeq4.js:1943
[ 1443557ms] [ERROR] Failed to load resource: net::ERR_BLOCKED_BY_RESPONSE.NotSameOrigin @ https://ipfs.io/ipfs/bafkreiecsf3sxa66obyoae3qhjrmki2iabu7ims4rfaxgxnjklffyd2wku:0
[ 1451334ms] [LOG] [useNewPairs] fetching: https://api.solpulse.trade/api/new-pairs @ https://solpulse.trade/assets/main-_i6vfeq4.js:1943
[ 1451433ms] [LOG] [useNewPairs] response status: 200 ok: true @ https://solpulse.trade/assets/main-_i6vfeq4.js:1943
[ 1451460ms] [LOG] [useNewPairs] parsed pairs: 500 ok: true @ https://solpulse.trade/assets/main-_i6vfeq4.js:1943
[ 1459334ms] [LOG] [useNewPairs] fetching: https://api.solpulse.trade/api/new-pairs @ https://solpulse.trade/assets/main-_i6vfeq4.js:1943
[ 1459421ms] [LOG] [useNewPairs] response status: 200 ok: true @ https://solpulse.trade/assets/main-_i6vfeq4.js:1943
[ 1459445ms] [LOG] [useNewPairs] parsed pairs: 500 ok: true @ https://solpulse.trade/assets/main-_i6vfeq4.js:1943
[ 1467334ms] [LOG] [useNewPairs] fetching: https://api.solpulse.trade/api/new-pairs @ https://solpulse.trade/assets/main-_i6vfeq4.js:1943
[ 1467423ms] [LOG] [useNewPairs] response status: 200 ok: true @ https://solpulse.trade/assets/main-_i6vfeq4.js:1943
[ 1467447ms] [LOG] [useNewPairs] parsed pairs: 500 ok: true @ https://solpulse.trade/assets/main-_i6vfeq4.js:1943
[ 1475335ms] [LOG] [useNewPairs] fetching: https://api.solpulse.trade/api/new-pairs @ https://solpulse.trade/assets/main-_i6vfeq4.js:1943
[ 1475425ms] [LOG] [useNewPairs] response status: 200 ok: true @ https://solpulse.trade/assets/main-_i6vfeq4.js:1943
[ 1475454ms] [LOG] [useNewPairs] parsed pairs: 500 ok: true @ https://solpulse.trade/assets/main-_i6vfeq4.js:1943
[ 1483334ms] [LOG] [useNewPairs] fetching: https://api.solpulse.trade/api/new-pairs @ https://solpulse.trade/assets/main-_i6vfeq4.js:1943
[ 1483430ms] [LOG] [useNewPairs] response status: 200 ok: true @ https://solpulse.trade/assets/main-_i6vfeq4.js:1943
[ 1483455ms] [LOG] [useNewPairs] parsed pairs: 500 ok: true @ https://solpulse.trade/assets/main-_i6vfeq4.js:1943
[ 1491334ms] [LOG] [useNewPairs] fetching: https://api.solpulse.trade/api/new-pairs @ https://solpulse.trade/assets/main-_i6vfeq4.js:1943
[ 1491426ms] [LOG] [useNewPairs] response status: 200 ok: true @ https://solpulse.trade/assets/main-_i6vfeq4.js:1943
[ 1491452ms] [LOG] [useNewPairs] parsed pairs: 500 ok: true @ https://solpulse.trade/assets/main-_i6vfeq4.js:1943
[ 1499334ms] [LOG] [useNewPairs] fetching: https://api.solpulse.trade/api/new-pairs @ https://solpulse.trade/assets/main-_i6vfeq4.js:1943
[ 1499437ms] [LOG] [useNewPairs] response status: 200 ok: true @ https://solpulse.trade/assets/main-_i6vfeq4.js:1943
[ 1499464ms] [LOG] [useNewPairs] parsed pairs: 500 ok: true @ https://solpulse.trade/assets/main-_i6vfeq4.js:1943
[ 1507335ms] [LOG] [useNewPairs] fetching: https://api.solpulse.trade/api/new-pairs @ https://solpulse.trade/assets/main-_i6vfeq4.js:1943
[ 1507430ms] [LOG] [useNewPairs] response status: 200 ok: true @ https://solpulse.trade/assets/main-_i6vfeq4.js:1943
[ 1507445ms] [LOG] [useNewPairs] parsed pairs: 500 ok: true @ https://solpulse.trade/assets/main-_i6vfeq4.js:1943
[ 1515334ms] [LOG] [useNewPairs] fetching: https://api.solpulse.trade/api/new-pairs @ https://solpulse.trade/assets/main-_i6vfeq4.js:1943
[ 1515449ms] [LOG] [useNewPairs] response status: 200 ok: true @ https://solpulse.trade/assets/main-_i6vfeq4.js:1943
[ 1515454ms] [LOG] [useNewPairs] parsed pairs: 500 ok: true @ https://solpulse.trade/assets/main-_i6vfeq4.js:1943
[ 1523335ms] [LOG] [useNewPairs] fetching: https://api.solpulse.trade/api/new-pairs @ https://solpulse.trade/assets/main-_i6vfeq4.js:1943
[ 1523414ms] [LOG] [useNewPairs] response status: 200 ok: true @ https://solpulse.trade/assets/main-_i6vfeq4.js:1943
[ 1523425ms] [LOG] [useNewPairs] parsed pairs: 500 ok: true @ https://solpulse.trade/assets/main-_i6vfeq4.js:1943
[ 1531335ms] [LOG] [useNewPairs] fetching: https://api.solpulse.trade/api/new-pairs @ https://solpulse.trade/assets/main-_i6vfeq4.js:1943
[ 1531433ms] [LOG] [useNewPairs] response status: 200 ok: true @ https://solpulse.trade/assets/main-_i6vfeq4.js:1943
[ 1531457ms] [LOG] [useNewPairs] parsed pairs: 500 ok: true @ https://solpulse.trade/assets/main-_i6vfeq4.js:1943
[ 1539335ms] [LOG] [useNewPairs] fetching: https://api.solpulse.trade/api/new-pairs @ https://solpulse.trade/assets/main-_i6vfeq4.js:1943
[ 1539426ms] [LOG] [useNewPairs] response status: 200 ok: true @ https://solpulse.trade/assets/main-_i6vfeq4.js:1943
[ 1539457ms] [LOG] [useNewPairs] parsed pairs: 500 ok: true @ https://solpulse.trade/assets/main-_i6vfeq4.js:1943
[ 1547335ms] [LOG] [useNewPairs] fetching: https://api.solpulse.trade/api/new-pairs @ https://solpulse.trade/assets/main-_i6vfeq4.js:1943
[ 1547422ms] [LOG] [useNewPairs] response status: 200 ok: true @ https://solpulse.trade/assets/main-_i6vfeq4.js:1943
[ 1547444ms] [LOG] [useNewPairs] parsed pairs: 500 ok: true @ https://solpulse.trade/assets/main-_i6vfeq4.js:1943
[ 1555333ms] [LOG] [useNewPairs] fetching: https://api.solpulse.trade/api/new-pairs @ https://solpulse.trade/assets/main-_i6vfeq4.js:1943
[ 1555438ms] [LOG] [useNewPairs] response status: 200 ok: true @ https://solpulse.trade/assets/main-_i6vfeq4.js:1943
[ 1555462ms] [LOG] [useNewPairs] parsed pairs: 500 ok: true @ https://solpulse.trade/assets/main-_i6vfeq4.js:1943
[ 1563336ms] [LOG] [useNewPairs] fetching: https://api.solpulse.trade/api/new-pairs @ https://solpulse.trade/assets/main-_i6vfeq4.js:1943
[ 1563403ms] [LOG] [useNewPairs] response status: 200 ok: true @ https://solpulse.trade/assets/main-_i6vfeq4.js:1943
[ 1563418ms] [LOG] [useNewPairs] parsed pairs: 500 ok: true @ https://solpulse.trade/assets/main-_i6vfeq4.js:1943
[ 1571336ms] [LOG] [useNewPairs] fetching: https://api.solpulse.trade/api/new-pairs @ https://solpulse.trade/assets/main-_i6vfeq4.js:1943
[ 1571415ms] [LOG] [useNewPairs] response status: 200 ok: true @ https://solpulse.trade/assets/main-_i6vfeq4.js:1943
[ 1571423ms] [LOG] [useNewPairs] parsed pairs: 500 ok: true @ https://solpulse.trade/assets/main-_i6vfeq4.js:1943
[ 1571567ms] [ERROR] Failed to load resource: net::ERR_BLOCKED_BY_RESPONSE.NotSameOrigin @ https://ipfs.io/ipfs/bafkreidsq4g5gbdkbhgwnrvuldqtrl3jj22jvlvseplcf3n6ughos5k54e:0
[ 1579336ms] [LOG] [useNewPairs] fetching: https://api.solpulse.trade/api/new-pairs @ https://solpulse.trade/assets/main-_i6vfeq4.js:1943
[ 1579451ms] [LOG] [useNewPairs] response status: 200 ok: true @ https://solpulse.trade/assets/main-_i6vfeq4.js:1943
[ 1579471ms] [LOG] [useNewPairs] parsed pairs: 500 ok: true @ https://solpulse.trade/assets/main-_i6vfeq4.js:1943
[ 1587335ms] [LOG] [useNewPairs] fetching: https://api.solpulse.trade/api/new-pairs @ https://solpulse.trade/assets/main-_i6vfeq4.js:1943
[ 1587424ms] [LOG] [useNewPairs] response status: 200 ok: true @ https://solpulse.trade/assets/main-_i6vfeq4.js:1943
[ 1587451ms] [LOG] [useNewPairs] parsed pairs: 500 ok: true @ https://solpulse.trade/assets/main-_i6vfeq4.js:1943
[ 1595336ms] [LOG] [useNewPairs] fetching: https://api.solpulse.trade/api/new-pairs @ https://solpulse.trade/assets/main-_i6vfeq4.js:1943
[ 1595428ms] [LOG] [useNewPairs] response status: 200 ok: true @ https://solpulse.trade/assets/main-_i6vfeq4.js:1943
[ 1595452ms] [LOG] [useNewPairs] parsed pairs: 500 ok: true @ https://solpulse.trade/assets/main-_i6vfeq4.js:1943
[ 1603335ms] [LOG] [useNewPairs] fetching: https://api.solpulse.trade/api/new-pairs @ https://solpulse.trade/assets/main-_i6vfeq4.js:1943
[ 1603420ms] [LOG] [useNewPairs] response status: 200 ok: true @ https://solpulse.trade/assets/main-_i6vfeq4.js:1943
[ 1603445ms] [LOG] [useNewPairs] parsed pairs: 500 ok: true @ https://solpulse.trade/assets/main-_i6vfeq4.js:1943
[ 1603640ms] [ERROR] Failed to load resource: net::ERR_BLOCKED_BY_RESPONSE.NotSameOrigin @ https://ipfs.io/ipfs/QmNuUBPT95QmqQUhMkVHhHTkFu5m3SSt5jT23rgH4H5i3b:0
[ 1611336ms] [LOG] [useNewPairs] fetching: https://api.solpulse.trade/api/new-pairs @ https://solpulse.trade/assets/main-_i6vfeq4.js:1943
[ 1611409ms] [LOG] [useNewPairs] response status: 200 ok: true @ https://solpulse.trade/assets/main-_i6vfeq4.js:1943
[ 1611423ms] [LOG] [useNewPairs] parsed pairs: 500 ok: true @ https://solpulse.trade/assets/main-_i6vfeq4.js:1943
[ 1619335ms] [LOG] [useNewPairs] fetching: https://api.solpulse.trade/api/new-pairs @ https://solpulse.trade/assets/main-_i6vfeq4.js:1943
[ 1619407ms] [LOG] [useNewPairs] response status: 200 ok: true @ https://solpulse.trade/assets/main-_i6vfeq4.js:1943
[ 1619420ms] [LOG] [useNewPairs] parsed pairs: 500 ok: true @ https://solpulse.trade/assets/main-_i6vfeq4.js:1943
[ 1627335ms] [LOG] [useNewPairs] fetching: https://api.solpulse.trade/api/new-pairs @ https://solpulse.trade/assets/main-_i6vfeq4.js:1943
[ 1627423ms] [LOG] [useNewPairs] response status: 200 ok: true @ https://solpulse.trade/assets/main-_i6vfeq4.js:1943
[ 1627437ms] [LOG] [useNewPairs] parsed pairs: 500 ok: true @ https://solpulse.trade/assets/main-_i6vfeq4.js:1943
[ 1635335ms] [LOG] [useNewPairs] fetching: https://api.solpulse.trade/api/new-pairs @ https://solpulse.trade/assets/main-_i6vfeq4.js:1943
[ 1635419ms] [LOG] [useNewPairs] response status: 200 ok: true @ https://solpulse.trade/assets/main-_i6vfeq4.js:1943
[ 1635443ms] [LOG] [useNewPairs] parsed pairs: 500 ok: true @ https://solpulse.trade/assets/main-_i6vfeq4.js:1943
[ 1635586ms] [ERROR] Failed to load resource: net::ERR_BLOCKED_BY_RESPONSE.NotSameOrigin @ https://ipfs.io/ipfs/bafybeidy6h3x3ulxoorkdew5oi57xstxvzkir2obk7dz64q4xurvrbfczu:0
[ 1643337ms] [LOG] [useNewPairs] fetching: https://api.solpulse.trade/api/new-pairs @ https://solpulse.trade/assets/main-_i6vfeq4.js:1943
[ 1643449ms] [LOG] [useNewPairs] response status: 200 ok: true @ https://solpulse.trade/assets/main-_i6vfeq4.js:1943
[ 1643476ms] [LOG] [useNewPairs] parsed pairs: 500 ok: true @ https://solpulse.trade/assets/main-_i6vfeq4.js:1943
[ 1651335ms] [LOG] [useNewPairs] fetching: https://api.solpulse.trade/api/new-pairs @ https://solpulse.trade/assets/main-_i6vfeq4.js:1943
[ 1651423ms] [LOG] [useNewPairs] response status: 200 ok: true @ https://solpulse.trade/assets/main-_i6vfeq4.js:1943
[ 1651446ms] [LOG] [useNewPairs] parsed pairs: 500 ok: true @ https://solpulse.trade/assets/main-_i6vfeq4.js:1943
[ 1659335ms] [LOG] [useNewPairs] fetching: https://api.solpulse.trade/api/new-pairs @ https://solpulse.trade/assets/main-_i6vfeq4.js:1943
[ 1659427ms] [LOG] [useNewPairs] response status: 200 ok: true @ https://solpulse.trade/assets/main-_i6vfeq4.js:1943
[ 1659450ms] [LOG] [useNewPairs] parsed pairs: 500 ok: true @ https://solpulse.trade/assets/main-_i6vfeq4.js:1943
[ 1667337ms] [LOG] [useNewPairs] fetching: https://api.solpulse.trade/api/new-pairs @ https://solpulse.trade/assets/main-_i6vfeq4.js:1943
[ 1667434ms] [LOG] [useNewPairs] response status: 200 ok: true @ https://solpulse.trade/assets/main-_i6vfeq4.js:1943
[ 1667461ms] [LOG] [useNewPairs] parsed pairs: 500 ok: true @ https://solpulse.trade/assets/main-_i6vfeq4.js:1943
[ 1667583ms] [ERROR] Failed to load resource: net::ERR_SSL_PROTOCOL_ERROR @ https://gateway.irys.xyz/iCjfhKBvoXNEbWe6paEhPqrPNtaePS96DMVK1yFVxwC:0
[ 1675337ms] [LOG] [useNewPairs] fetching: https://api.solpulse.trade/api/new-pairs @ https://solpulse.trade/assets/main-_i6vfeq4.js:1943
[ 1675438ms] [LOG] [useNewPairs] response status: 200 ok: true @ https://solpulse.trade/assets/main-_i6vfeq4.js:1943
[ 1675462ms] [LOG] [useNewPairs] parsed pairs: 500 ok: true @ https://solpulse.trade/assets/main-_i6vfeq4.js:1943
[ 1683337ms] [LOG] [useNewPairs] fetching: https://api.solpulse.trade/api/new-pairs @ https://solpulse.trade/assets/main-_i6vfeq4.js:1943
[ 1683449ms] [LOG] [useNewPairs] response status: 200 ok: true @ https://solpulse.trade/assets/main-_i6vfeq4.js:1943
[ 1683456ms] [LOG] [useNewPairs] parsed pairs: 500 ok: true @ https://solpulse.trade/assets/main-_i6vfeq4.js:1943
[ 1691337ms] [LOG] [useNewPairs] fetching: https://api.solpulse.trade/api/new-pairs @ https://solpulse.trade/assets/main-_i6vfeq4.js:1943
[ 1691428ms] [LOG] [useNewPairs] response status: 200 ok: true @ https://solpulse.trade/assets/main-_i6vfeq4.js:1943
[ 1691435ms] [LOG] [useNewPairs] parsed pairs: 500 ok: true @ https://solpulse.trade/assets/main-_i6vfeq4.js:1943
[ 1699337ms] [LOG] [useNewPairs] fetching: https://api.solpulse.trade/api/new-pairs @ https://solpulse.trade/assets/main-_i6vfeq4.js:1943
[ 1699424ms] [LOG] [useNewPairs] response status: 200 ok: true @ https://solpulse.trade/assets/main-_i6vfeq4.js:1943
[ 1699447ms] [LOG] [useNewPairs] parsed pairs: 500 ok: true @ https://solpulse.trade/assets/main-_i6vfeq4.js:1943
[ 1707337ms] [LOG] [useNewPairs] fetching: https://api.solpulse.trade/api/new-pairs @ https://solpulse.trade/assets/main-_i6vfeq4.js:1943
[ 1707430ms] [LOG] [useNewPairs] response status: 200 ok: true @ https://solpulse.trade/assets/main-_i6vfeq4.js:1943
[ 1707435ms] [LOG] [useNewPairs] parsed pairs: 500 ok: true @ https://solpulse.trade/assets/main-_i6vfeq4.js:1943
[ 1715338ms] [LOG] [useNewPairs] fetching: https://api.solpulse.trade/api/new-pairs @ https://solpulse.trade/assets/main-_i6vfeq4.js:1943
[ 1715418ms] [LOG] [useNewPairs] response status: 200 ok: true @ https://solpulse.trade/assets/main-_i6vfeq4.js:1943
[ 1715424ms] [LOG] [useNewPairs] parsed pairs: 500 ok: true @ https://solpulse.trade/assets/main-_i6vfeq4.js:1943
[ 1723337ms] [LOG] [useNewPairs] fetching: https://api.solpulse.trade/api/new-pairs @ https://solpulse.trade/assets/main-_i6vfeq4.js:1943
[ 1723428ms] [LOG] [useNewPairs] response status: 200 ok: true @ https://solpulse.trade/assets/main-_i6vfeq4.js:1943
[ 1723452ms] [LOG] [useNewPairs] parsed pairs: 500 ok: true @ https://solpulse.trade/assets/main-_i6vfeq4.js:1943
[ 1731338ms] [LOG] [useNewPairs] fetching: https://api.solpulse.trade/api/new-pairs @ https://solpulse.trade/assets/main-_i6vfeq4.js:1943
[ 1731426ms] [LOG] [useNewPairs] response status: 200 ok: true @ https://solpulse.trade/assets/main-_i6vfeq4.js:1943
[ 1731451ms] [LOG] [useNewPairs] parsed pairs: 500 ok: true @ https://solpulse.trade/assets/main-_i6vfeq4.js:1943
[ 1739338ms] [LOG] [useNewPairs] fetching: https://api.solpulse.trade/api/new-pairs @ https://solpulse.trade/assets/main-_i6vfeq4.js:1943
[ 1739438ms] [LOG] [useNewPairs] response status: 200 ok: true @ https://solpulse.trade/assets/main-_i6vfeq4.js:1943
[ 1739464ms] [LOG] [useNewPairs] parsed pairs: 500 ok: true @ https://solpulse.trade/assets/main-_i6vfeq4.js:1943
[ 1747339ms] [LOG] [useNewPairs] fetching: https://api.solpulse.trade/api/new-pairs @ https://solpulse.trade/assets/main-_i6vfeq4.js:1943
[ 1747436ms] [LOG] [useNewPairs] response status: 200 ok: true @ https://solpulse.trade/assets/main-_i6vfeq4.js:1943
[ 1747460ms] [LOG] [useNewPairs] parsed pairs: 500 ok: true @ https://solpulse.trade/assets/main-_i6vfeq4.js:1943
[ 1755338ms] [LOG] [useNewPairs] fetching: https://api.solpulse.trade/api/new-pairs @ https://solpulse.trade/assets/main-_i6vfeq4.js:1943
[ 1755452ms] [LOG] [useNewPairs] response status: 200 ok: true @ https://solpulse.trade/assets/main-_i6vfeq4.js:1943
[ 1755472ms] [LOG] [useNewPairs] parsed pairs: 500 ok: true @ https://solpulse.trade/assets/main-_i6vfeq4.js:1943
[ 1763338ms] [LOG] [useNewPairs] fetching: https://api.solpulse.trade/api/new-pairs @ https://solpulse.trade/assets/main-_i6vfeq4.js:1943
[ 1763418ms] [LOG] [useNewPairs] response status: 200 ok: true @ https://solpulse.trade/assets/main-_i6vfeq4.js:1943
[ 1763428ms] [LOG] [useNewPairs] parsed pairs: 500 ok: true @ https://solpulse.trade/assets/main-_i6vfeq4.js:1943
[ 1763549ms] [ERROR] Failed to load resource: net::ERR_BLOCKED_BY_RESPONSE.NotSameOrigin @ https://ipfs.io/ipfs/bafybeidy6h3x3ulxoorkdew5oi57xstxvzkir2obk7dz64q4xurvrbfczu:0
[ 1771338ms] [LOG] [useNewPairs] fetching: https://api.solpulse.trade/api/new-pairs @ https://solpulse.trade/assets/main-_i6vfeq4.js:1943
[ 1771410ms] [LOG] [useNewPairs] response status: 200 ok: true @ https://solpulse.trade/assets/main-_i6vfeq4.js:1943
[ 1771424ms] [LOG] [useNewPairs] parsed pairs: 500 ok: true @ https://solpulse.trade/assets/main-_i6vfeq4.js:1943
[ 1779338ms] [LOG] [useNewPairs] fetching: https://api.solpulse.trade/api/new-pairs @ https://solpulse.trade/assets/main-_i6vfeq4.js:1943
[ 1779430ms] [LOG] [useNewPairs] response status: 200 ok: true @ https://solpulse.trade/assets/main-_i6vfeq4.js:1943
[ 1779442ms] [LOG] [useNewPairs] parsed pairs: 500 ok: true @ https://solpulse.trade/assets/main-_i6vfeq4.js:1943
[ 1787337ms] [LOG] [useNewPairs] fetching: https://api.solpulse.trade/api/new-pairs @ https://solpulse.trade/assets/main-_i6vfeq4.js:1943
[ 1787428ms] [LOG] [useNewPairs] response status: 200 ok: true @ https://solpulse.trade/assets/main-_i6vfeq4.js:1943
[ 1787451ms] [LOG] [useNewPairs] parsed pairs: 500 ok: true @ https://solpulse.trade/assets/main-_i6vfeq4.js:1943
[ 1795339ms] [LOG] [useNewPairs] fetching: https://api.solpulse.trade/api/new-pairs @ https://solpulse.trade/assets/main-_i6vfeq4.js:1943
[ 1795426ms] [LOG] [useNewPairs] response status: 200 ok: true @ https://solpulse.trade/assets/main-_i6vfeq4.js:1943
[ 1795446ms] [LOG] [useNewPairs] parsed pairs: 500 ok: true @ https://solpulse.trade/assets/main-_i6vfeq4.js:1943
[ 1795545ms] [ERROR] Failed to load resource: net::ERR_SSL_PROTOCOL_ERROR @ https://gateway.irys.xyz/iCjfhKBvoXNEbWe6paEhPqrPNtaePS96DMVK1yFVxwC:0
[ 1803339ms] [LOG] [useNewPairs] fetching: https://api.solpulse.trade/api/new-pairs @ https://solpulse.trade/assets/main-_i6vfeq4.js:1943
[ 1803423ms] [LOG] [useNewPairs] response status: 200 ok: true @ https://solpulse.trade/assets/main-_i6vfeq4.js:1943
[ 1803446ms] [LOG] [useNewPairs] parsed pairs: 500 ok: true @ https://solpulse.trade/assets/main-_i6vfeq4.js:1943
[ 1811339ms] [LOG] [useNewPairs] fetching: https://api.solpulse.trade/api/new-pairs @ https://solpulse.trade/assets/main-_i6vfeq4.js:1943
[ 1811433ms] [LOG] [useNewPairs] response status: 200 ok: true @ https://solpulse.trade/assets/main-_i6vfeq4.js:1943
[ 1811463ms] [LOG] [useNewPairs] parsed pairs: 500 ok: true @ https://solpulse.trade/assets/main-_i6vfeq4.js:1943
[ 1819338ms] [LOG] [useNewPairs] fetching: https://api.solpulse.trade/api/new-pairs @ https://solpulse.trade/assets/main-_i6vfeq4.js:1943
[ 1819433ms] [LOG] [useNewPairs] response status: 200 ok: true @ https://solpulse.trade/assets/main-_i6vfeq4.js:1943
[ 1819460ms] [LOG] [useNewPairs] parsed pairs: 500 ok: true @ https://solpulse.trade/assets/main-_i6vfeq4.js:1943
[ 1827338ms] [LOG] [useNewPairs] fetching: https://api.solpulse.trade/api/new-pairs @ https://solpulse.trade/assets/main-_i6vfeq4.js:1943
[ 1827457ms] [LOG] [useNewPairs] response status: 200 ok: true @ https://solpulse.trade/assets/main-_i6vfeq4.js:1943
[ 1827481ms] [LOG] [useNewPairs] parsed pairs: 500 ok: true @ https://solpulse.trade/assets/main-_i6vfeq4.js:1943
[ 1827556ms] [ERROR] Failed to load resource: net::ERR_BLOCKED_BY_RESPONSE.NotSameOrigin @ https://ipfs.io/ipfs/bafybeihgp7dv47jympfqkodvlcm4xngkxtfs77xvzalteigaq4ev65f3ti:0
[ 1827556ms] [ERROR] Failed to load resource: net::ERR_BLOCKED_BY_RESPONSE.NotSameOrigin @ https://ipfs.io/ipfs/bafybeicecxccep2w4gwa5jbrbxzpz6ncz2u7d7vuasijixycblhek6ebdq:0
[ 1835337ms] [LOG] [useNewPairs] fetching: https://api.solpulse.trade/api/new-pairs @ https://solpulse.trade/assets/main-_i6vfeq4.js:1943
[ 1835432ms] [LOG] [useNewPairs] response status: 200 ok: true @ https://solpulse.trade/assets/main-_i6vfeq4.js:1943
[ 1835437ms] [LOG] [useNewPairs] parsed pairs: 500 ok: true @ https://solpulse.trade/assets/main-_i6vfeq4.js:1943
[ 1843340ms] [LOG] [useNewPairs] fetching: https://api.solpulse.trade/api/new-pairs @ https://solpulse.trade/assets/main-_i6vfeq4.js:1943
[ 1843430ms] [LOG] [useNewPairs] response status: 200 ok: true @ https://solpulse.trade/assets/main-_i6vfeq4.js:1943
[ 1843462ms] [LOG] [useNewPairs] parsed pairs: 500 ok: true @ https://solpulse.trade/assets/main-_i6vfeq4.js:1943
[ 1851339ms] [LOG] [useNewPairs] fetching: https://api.solpulse.trade/api/new-pairs @ https://solpulse.trade/assets/main-_i6vfeq4.js:1943
[ 1851432ms] [LOG] [useNewPairs] response status: 200 ok: true @ https://solpulse.trade/assets/main-_i6vfeq4.js:1943
[ 1851443ms] [LOG] [useNewPairs] parsed pairs: 500 ok: true @ https://solpulse.trade/assets/main-_i6vfeq4.js:1943
[ 1859340ms] [LOG] [useNewPairs] fetching: https://api.solpulse.trade/api/new-pairs @ https://solpulse.trade/assets/main-_i6vfeq4.js:1943
[ 1859430ms] [LOG] [useNewPairs] response status: 200 ok: true @ https://solpulse.trade/assets/main-_i6vfeq4.js:1943
[ 1859439ms] [LOG] [useNewPairs] parsed pairs: 500 ok: true @ https://solpulse.trade/assets/main-_i6vfeq4.js:1943
[ 1859566ms] [ERROR] Failed to load resource: net::ERR_BLOCKED_BY_RESPONSE.NotSameOrigin @ https://ipfs.io/ipfs/bafybeicknuuanbqcrvzyodrefpop72bw7j5ypy3jgvpkoarn5wojrqjigi:0
[ 1867340ms] [LOG] [useNewPairs] fetching: https://api.solpulse.trade/api/new-pairs @ https://solpulse.trade/assets/main-_i6vfeq4.js:1943
[ 1867394ms] [ERROR] Failed to load resource: the server responded with a status of 401 () @ https://api.solpulse.trade/api/new-pairs:0
[ 1867557ms] [LOG] [useNewPairs] response status: 200 ok: true @ https://solpulse.trade/assets/main-_i6vfeq4.js:1943
[ 1867585ms] [LOG] [useNewPairs] parsed pairs: 500 ok: true @ https://solpulse.trade/assets/main-_i6vfeq4.js:1943
[ 1875338ms] [LOG] [useNewPairs] fetching: https://api.solpulse.trade/api/new-pairs @ https://solpulse.trade/assets/main-_i6vfeq4.js:1943
[ 1875421ms] [LOG] [useNewPairs] response status: 200 ok: true @ https://solpulse.trade/assets/main-_i6vfeq4.js:1943
[ 1875446ms] [LOG] [useNewPairs] parsed pairs: 500 ok: true @ https://solpulse.trade/assets/main-_i6vfeq4.js:1943
[ 1883339ms] [LOG] [useNewPairs] fetching: https://api.solpulse.trade/api/new-pairs @ https://solpulse.trade/assets/main-_i6vfeq4.js:1943
[ 1883446ms] [LOG] [useNewPairs] response status: 200 ok: true @ https://solpulse.trade/assets/main-_i6vfeq4.js:1943
[ 1883472ms] [LOG] [useNewPairs] parsed pairs: 500 ok: true @ https://solpulse.trade/assets/main-_i6vfeq4.js:1943
[ 1891338ms] [LOG] [useNewPairs] fetching: https://api.solpulse.trade/api/new-pairs @ https://solpulse.trade/assets/main-_i6vfeq4.js:1943
[ 1891426ms] [LOG] [useNewPairs] response status: 200 ok: true @ https://solpulse.trade/assets/main-_i6vfeq4.js:1943
[ 1891449ms] [LOG] [useNewPairs] parsed pairs: 500 ok: true @ https://solpulse.trade/assets/main-_i6vfeq4.js:1943
[ 1891573ms] [ERROR] Failed to load resource: net::ERR_BLOCKED_BY_RESPONSE.NotSameOrigin @ https://ipfs.io/ipfs/QmYwep1MGsXjjzpsSZxKVvqJvcup88Kb656z54v4Yazm67:0
[ 1891573ms] [ERROR] Failed to load resource: net::ERR_BLOCKED_BY_RESPONSE.NotSameOrigin @ https://ipfs.io/ipfs/bafkreifbnldbwd6u4cefjretczv3cxrew4waqpmwflvqsncduudupwfjq4:0
[ 1899339ms] [LOG] [useNewPairs] fetching: https://api.solpulse.trade/api/new-pairs @ https://solpulse.trade/assets/main-_i6vfeq4.js:1943
[ 1899417ms] [LOG] [useNewPairs] response status: 200 ok: true @ https://solpulse.trade/assets/main-_i6vfeq4.js:1943
[ 1899433ms] [LOG] [useNewPairs] parsed pairs: 500 ok: true @ https://solpulse.trade/assets/main-_i6vfeq4.js:1943
[ 1907339ms] [LOG] [useNewPairs] fetching: https://api.solpulse.trade/api/new-pairs @ https://solpulse.trade/assets/main-_i6vfeq4.js:1943
[ 1907435ms] [LOG] [useNewPairs] response status: 200 ok: true @ https://solpulse.trade/assets/main-_i6vfeq4.js:1943
[ 1907459ms] [LOG] [useNewPairs] parsed pairs: 500 ok: true @ https://solpulse.trade/assets/main-_i6vfeq4.js:1943
[ 1915339ms] [LOG] [useNewPairs] fetching: https://api.solpulse.trade/api/new-pairs @ https://solpulse.trade/assets/main-_i6vfeq4.js:1943
[ 1915425ms] [LOG] [useNewPairs] response status: 200 ok: true @ https://solpulse.trade/assets/main-_i6vfeq4.js:1943
[ 1915454ms] [LOG] [useNewPairs] parsed pairs: 500 ok: true @ https://solpulse.trade/assets/main-_i6vfeq4.js:1943
[ 1923338ms] [LOG] [useNewPairs] fetching: https://api.solpulse.trade/api/new-pairs @ https://solpulse.trade/assets/main-_i6vfeq4.js:1943
[ 1923426ms] [LOG] [useNewPairs] response status: 200 ok: true @ https://solpulse.trade/assets/main-_i6vfeq4.js:1943
[ 1923435ms] [LOG] [useNewPairs] parsed pairs: 500 ok: true @ https://solpulse.trade/assets/main-_i6vfeq4.js:1943
[ 1931339ms] [LOG] [useNewPairs] fetching: https://api.solpulse.trade/api/new-pairs @ https://solpulse.trade/assets/main-_i6vfeq4.js:1943
[ 1931428ms] [LOG] [useNewPairs] response status: 200 ok: true @ https://solpulse.trade/assets/main-_i6vfeq4.js:1943
[ 1931441ms] [LOG] [useNewPairs] parsed pairs: 500 ok: true @ https://solpulse.trade/assets/main-_i6vfeq4.js:1943
[ 1939340ms] [LOG] [useNewPairs] fetching: https://api.solpulse.trade/api/new-pairs @ https://solpulse.trade/assets/main-_i6vfeq4.js:1943
[ 1939435ms] [LOG] [useNewPairs] response status: 200 ok: true @ https://solpulse.trade/assets/main-_i6vfeq4.js:1943
[ 1939462ms] [LOG] [useNewPairs] parsed pairs: 500 ok: true @ https://solpulse.trade/assets/main-_i6vfeq4.js:1943
[ 1947340ms] [LOG] [useNewPairs] fetching: https://api.solpulse.trade/api/new-pairs @ https://solpulse.trade/assets/main-_i6vfeq4.js:1943
[ 1947422ms] [LOG] [useNewPairs] response status: 200 ok: true @ https://solpulse.trade/assets/main-_i6vfeq4.js:1943
[ 1947447ms] [LOG] [useNewPairs] parsed pairs: 500 ok: true @ https://solpulse.trade/assets/main-_i6vfeq4.js:1943
[ 1955340ms] [LOG] [useNewPairs] fetching: https://api.solpulse.trade/api/new-pairs @ https://solpulse.trade/assets/main-_i6vfeq4.js:1943
[ 1955457ms] [LOG] [useNewPairs] response status: 200 ok: true @ https://solpulse.trade/assets/main-_i6vfeq4.js:1943
[ 1955482ms] [LOG] [useNewPairs] parsed pairs: 500 ok: true @ https://solpulse.trade/assets/main-_i6vfeq4.js:1943
[ 1963339ms] [LOG] [useNewPairs] fetching: https://api.solpulse.trade/api/new-pairs @ https://solpulse.trade/assets/main-_i6vfeq4.js:1943
[ 1963413ms] [LOG] [useNewPairs] response status: 200 ok: true @ https://solpulse.trade/assets/main-_i6vfeq4.js:1943
[ 1963421ms] [LOG] [useNewPairs] parsed pairs: 500 ok: true @ https://solpulse.trade/assets/main-_i6vfeq4.js:1943
[ 1971339ms] [LOG] [useNewPairs] fetching: https://api.solpulse.trade/api/new-pairs @ https://solpulse.trade/assets/main-_i6vfeq4.js:1943
[ 1971433ms] [LOG] [useNewPairs] response status: 200 ok: true @ https://solpulse.trade/assets/main-_i6vfeq4.js:1943
[ 1971459ms] [LOG] [useNewPairs] parsed pairs: 500 ok: true @ https://solpulse.trade/assets/main-_i6vfeq4.js:1943
[ 1979339ms] [LOG] [useNewPairs] fetching: https://api.solpulse.trade/api/new-pairs @ https://solpulse.trade/assets/main-_i6vfeq4.js:1943
[ 1979421ms] [LOG] [useNewPairs] response status: 200 ok: true @ https://solpulse.trade/assets/main-_i6vfeq4.js:1943
[ 1979428ms] [LOG] [useNewPairs] parsed pairs: 500 ok: true @ https://solpulse.trade/assets/main-_i6vfeq4.js:1943
[ 1987340ms] [LOG] [useNewPairs] fetching: https://api.solpulse.trade/api/new-pairs @ https://solpulse.trade/assets/main-_i6vfeq4.js:1943
[ 1987408ms] [LOG] [useNewPairs] response status: 200 ok: true @ https://solpulse.trade/assets/main-_i6vfeq4.js:1943
[ 1987423ms] [LOG] [useNewPairs] parsed pairs: 500 ok: true @ https://solpulse.trade/assets/main-_i6vfeq4.js:1943
[ 1987541ms] [ERROR] Failed to load resource: net::ERR_BLOCKED_BY_RESPONSE.NotSameOrigin @ https://ipfs.io/ipfs/bafkreifzatjb46gxpgasr6en667c6s64ra2ucvtb7wjhe7ebps3dibcjay:0
[ 1995341ms] [LOG] [useNewPairs] fetching: https://api.solpulse.trade/api/new-pairs @ https://solpulse.trade/assets/main-_i6vfeq4.js:1943
[ 1995430ms] [LOG] [useNewPairs] response status: 200 ok: true @ https://solpulse.trade/assets/main-_i6vfeq4.js:1943
[ 1995437ms] [LOG] [useNewPairs] parsed pairs: 500 ok: true @ https://solpulse.trade/assets/main-_i6vfeq4.js:1943
[ 2003341ms] [LOG] [useNewPairs] fetching: https://api.solpulse.trade/api/new-pairs @ https://solpulse.trade/assets/main-_i6vfeq4.js:1943
[ 2003429ms] [LOG] [useNewPairs] response status: 200 ok: true @ https://solpulse.trade/assets/main-_i6vfeq4.js:1943
[ 2003451ms] [LOG] [useNewPairs] parsed pairs: 500 ok: true @ https://solpulse.trade/assets/main-_i6vfeq4.js:1943
[ 2011340ms] [LOG] [useNewPairs] fetching: https://api.solpulse.trade/api/new-pairs @ https://solpulse.trade/assets/main-_i6vfeq4.js:1943
[ 2011433ms] [LOG] [useNewPairs] response status: 200 ok: true @ https://solpulse.trade/assets/main-_i6vfeq4.js:1943
[ 2011456ms] [LOG] [useNewPairs] parsed pairs: 500 ok: true @ https://solpulse.trade/assets/main-_i6vfeq4.js:1943
[ 2019340ms] [LOG] [useNewPairs] fetching: https://api.solpulse.trade/api/new-pairs @ https://solpulse.trade/assets/main-_i6vfeq4.js:1943
[ 2019436ms] [LOG] [useNewPairs] response status: 200 ok: true @ https://solpulse.trade/assets/main-_i6vfeq4.js:1943
[ 2019460ms] [LOG] [useNewPairs] parsed pairs: 500 ok: true @ https://solpulse.trade/assets/main-_i6vfeq4.js:1943
[ 2027341ms] [LOG] [useNewPairs] fetching: https://api.solpulse.trade/api/new-pairs @ https://solpulse.trade/assets/main-_i6vfeq4.js:1943
[ 2027429ms] [LOG] [useNewPairs] response status: 200 ok: true @ https://solpulse.trade/assets/main-_i6vfeq4.js:1943
[ 2027451ms] [LOG] [useNewPairs] parsed pairs: 500 ok: true @ https://solpulse.trade/assets/main-_i6vfeq4.js:1943
[ 2035341ms] [LOG] [useNewPairs] fetching: https://api.solpulse.trade/api/new-pairs @ https://solpulse.trade/assets/main-_i6vfeq4.js:1943
[ 2035446ms] [LOG] [useNewPairs] response status: 200 ok: true @ https://solpulse.trade/assets/main-_i6vfeq4.js:1943
[ 2035470ms] [LOG] [useNewPairs] parsed pairs: 500 ok: true @ https://solpulse.trade/assets/main-_i6vfeq4.js:1943
[ 2043341ms] [LOG] [useNewPairs] fetching: https://api.solpulse.trade/api/new-pairs @ https://solpulse.trade/assets/main-_i6vfeq4.js:1943
[ 2043435ms] [LOG] [useNewPairs] response status: 200 ok: true @ https://solpulse.trade/assets/main-_i6vfeq4.js:1943
[ 2043457ms] [LOG] [useNewPairs] parsed pairs: 500 ok: true @ https://solpulse.trade/assets/main-_i6vfeq4.js:1943
[ 2051341ms] [LOG] [useNewPairs] fetching: https://api.solpulse.trade/api/new-pairs @ https://solpulse.trade/assets/main-_i6vfeq4.js:1943
[ 2051434ms] [LOG] [useNewPairs] response status: 200 ok: true @ https://solpulse.trade/assets/main-_i6vfeq4.js:1943
[ 2051459ms] [LOG] [useNewPairs] parsed pairs: 500 ok: true @ https://solpulse.trade/assets/main-_i6vfeq4.js:1943
[ 2051556ms] [ERROR] Failed to load resource: net::ERR_BLOCKED_BY_RESPONSE.NotSameOrigin @ https://ipfs.io/ipfs/QmQy5a1p5BbZTTYEh1nGN9hm3p8np8FQHPPkY71Lm3jfc1:0
[ 2059340ms] [LOG] [useNewPairs] fetching: https://api.solpulse.trade/api/new-pairs @ https://solpulse.trade/assets/main-_i6vfeq4.js:1943
[ 2059429ms] [LOG] [useNewPairs] response status: 200 ok: true @ https://solpulse.trade/assets/main-_i6vfeq4.js:1943
[ 2059451ms] [LOG] [useNewPairs] parsed pairs: 500 ok: true @ https://solpulse.trade/assets/main-_i6vfeq4.js:1943
[ 2067341ms] [LOG] [useNewPairs] fetching: https://api.solpulse.trade/api/new-pairs @ https://solpulse.trade/assets/main-_i6vfeq4.js:1943
[ 2067426ms] [LOG] [useNewPairs] response status: 200 ok: true @ https://solpulse.trade/assets/main-_i6vfeq4.js:1943
[ 2067444ms] [LOG] [useNewPairs] parsed pairs: 500 ok: true @ https://solpulse.trade/assets/main-_i6vfeq4.js:1943
[ 2075343ms] [LOG] [useNewPairs] fetching: https://api.solpulse.trade/api/new-pairs @ https://solpulse.trade/assets/main-_i6vfeq4.js:1943
[ 2075441ms] [LOG] [useNewPairs] response status: 200 ok: true @ https://solpulse.trade/assets/main-_i6vfeq4.js:1943
[ 2075464ms] [LOG] [useNewPairs] parsed pairs: 500 ok: true @ https://solpulse.trade/assets/main-_i6vfeq4.js:1943
[ 2083342ms] [LOG] [useNewPairs] fetching: https://api.solpulse.trade/api/new-pairs @ https://solpulse.trade/assets/main-_i6vfeq4.js:1943
[ 2083427ms] [LOG] [useNewPairs] response status: 200 ok: true @ https://solpulse.trade/assets/main-_i6vfeq4.js:1943
[ 2083450ms] [LOG] [useNewPairs] parsed pairs: 500 ok: true @ https://solpulse.trade/assets/main-_i6vfeq4.js:1943
[ 2091341ms] [LOG] [useNewPairs] fetching: https://api.solpulse.trade/api/new-pairs @ https://solpulse.trade/assets/main-_i6vfeq4.js:1943
[ 2091428ms] [LOG] [useNewPairs] response status: 200 ok: true @ https://solpulse.trade/assets/main-_i6vfeq4.js:1943
[ 2091454ms] [LOG] [useNewPairs] parsed pairs: 500 ok: true @ https://solpulse.trade/assets/main-_i6vfeq4.js:1943
[ 2099343ms] [LOG] [useNewPairs] fetching: https://api.solpulse.trade/api/new-pairs @ https://solpulse.trade/assets/main-_i6vfeq4.js:1943
[ 2099441ms] [LOG] [useNewPairs] response status: 200 ok: true @ https://solpulse.trade/assets/main-_i6vfeq4.js:1943
[ 2099464ms] [LOG] [useNewPairs] parsed pairs: 500 ok: true @ https://solpulse.trade/assets/main-_i6vfeq4.js:1943
[ 2107343ms] [LOG] [useNewPairs] fetching: https://api.solpulse.trade/api/new-pairs @ https://solpulse.trade/assets/main-_i6vfeq4.js:1943
[ 2107432ms] [LOG] [useNewPairs] response status: 200 ok: true @ https://solpulse.trade/assets/main-_i6vfeq4.js:1943
[ 2107460ms] [LOG] [useNewPairs] parsed pairs: 500 ok: true @ https://solpulse.trade/assets/main-_i6vfeq4.js:1943
[ 2115342ms] [LOG] [useNewPairs] fetching: https://api.solpulse.trade/api/new-pairs @ https://solpulse.trade/assets/main-_i6vfeq4.js:1943
[ 2115437ms] [LOG] [useNewPairs] response status: 200 ok: true @ https://solpulse.trade/assets/main-_i6vfeq4.js:1943
[ 2115445ms] [LOG] [useNewPairs] parsed pairs: 500 ok: true @ https://solpulse.trade/assets/main-_i6vfeq4.js:1943
[ 2123343ms] [LOG] [useNewPairs] fetching: https://api.solpulse.trade/api/new-pairs @ https://solpulse.trade/assets/main-_i6vfeq4.js:1943
[ 2123438ms] [LOG] [useNewPairs] response status: 200 ok: true @ https://solpulse.trade/assets/main-_i6vfeq4.js:1943
[ 2123460ms] [LOG] [useNewPairs] parsed pairs: 500 ok: true @ https://solpulse.trade/assets/main-_i6vfeq4.js:1943
[ 2131343ms] [LOG] [useNewPairs] fetching: https://api.solpulse.trade/api/new-pairs @ https://solpulse.trade/assets/main-_i6vfeq4.js:1943
[ 2131416ms] [LOG] [useNewPairs] response status: 200 ok: true @ https://solpulse.trade/assets/main-_i6vfeq4.js:1943
[ 2131430ms] [LOG] [useNewPairs] parsed pairs: 500 ok: true @ https://solpulse.trade/assets/main-_i6vfeq4.js:1943
[ 2139344ms] [LOG] [useNewPairs] fetching: https://api.solpulse.trade/api/new-pairs @ https://solpulse.trade/assets/main-_i6vfeq4.js:1943
[ 2139430ms] [LOG] [useNewPairs] response status: 200 ok: true @ https://solpulse.trade/assets/main-_i6vfeq4.js:1943
[ 2139457ms] [LOG] [useNewPairs] parsed pairs: 500 ok: true @ https://solpulse.trade/assets/main-_i6vfeq4.js:1943
[ 2147343ms] [LOG] [useNewPairs] fetching: https://api.solpulse.trade/api/new-pairs @ https://solpulse.trade/assets/main-_i6vfeq4.js:1943
[ 2147435ms] [LOG] [useNewPairs] response status: 200 ok: true @ https://solpulse.trade/assets/main-_i6vfeq4.js:1943
[ 2147459ms] [LOG] [useNewPairs] parsed pairs: 500 ok: true @ https://solpulse.trade/assets/main-_i6vfeq4.js:1943
[ 2155342ms] [LOG] [useNewPairs] fetching: https://api.solpulse.trade/api/new-pairs @ https://solpulse.trade/assets/main-_i6vfeq4.js:1943
[ 2155433ms] [LOG] [useNewPairs] response status: 200 ok: true @ https://solpulse.trade/assets/main-_i6vfeq4.js:1943
[ 2155457ms] [LOG] [useNewPairs] parsed pairs: 500 ok: true @ https://solpulse.trade/assets/main-_i6vfeq4.js:1943
[ 2163342ms] [LOG] [useNewPairs] fetching: https://api.solpulse.trade/api/new-pairs @ https://solpulse.trade/assets/main-_i6vfeq4.js:1943
[ 2163574ms] [LOG] [useNewPairs] response status: 200 ok: true @ https://solpulse.trade/assets/main-_i6vfeq4.js:1943
[ 2163586ms] [LOG] [useNewPairs] parsed pairs: 500 ok: true @ https://solpulse.trade/assets/main-_i6vfeq4.js:1943
[ 2171344ms] [LOG] [useNewPairs] fetching: https://api.solpulse.trade/api/new-pairs @ https://solpulse.trade/assets/main-_i6vfeq4.js:1943
[ 2171442ms] [LOG] [useNewPairs] response status: 200 ok: true @ https://solpulse.trade/assets/main-_i6vfeq4.js:1943
[ 2171462ms] [LOG] [useNewPairs] parsed pairs: 500 ok: true @ https://solpulse.trade/assets/main-_i6vfeq4.js:1943
[ 2179344ms] [LOG] [useNewPairs] fetching: https://api.solpulse.trade/api/new-pairs @ https://solpulse.trade/assets/main-_i6vfeq4.js:1943
[ 2179443ms] [LOG] [useNewPairs] response status: 200 ok: true @ https://solpulse.trade/assets/main-_i6vfeq4.js:1943
[ 2179467ms] [LOG] [useNewPairs] parsed pairs: 500 ok: true @ https://solpulse.trade/assets/main-_i6vfeq4.js:1943
[ 2187336ms] [LOG] [useNewPairs] fetching: https://api.solpulse.trade/api/new-pairs @ https://solpulse.trade/assets/main-_i6vfeq4.js:1943
[ 2187432ms] [LOG] [useNewPairs] response status: 200 ok: true @ https://solpulse.trade/assets/main-_i6vfeq4.js:1943
[ 2187456ms] [LOG] [useNewPairs] parsed pairs: 500 ok: true @ https://solpulse.trade/assets/main-_i6vfeq4.js:1943
[ 2195327ms] [LOG] [useNewPairs] fetching: https://api.solpulse.trade/api/new-pairs @ https://solpulse.trade/assets/main-_i6vfeq4.js:1943
[ 2195413ms] [LOG] [useNewPairs] response status: 200 ok: true @ https://solpulse.trade/assets/main-_i6vfeq4.js:1943
[ 2195425ms] [LOG] [useNewPairs] parsed pairs: 500 ok: true @ https://solpulse.trade/assets/main-_i6vfeq4.js:1943
[ 2203320ms] [LOG] [useNewPairs] fetching: https://api.solpulse.trade/api/new-pairs @ https://solpulse.trade/assets/main-_i6vfeq4.js:1943
[ 2203413ms] [LOG] [useNewPairs] response status: 200 ok: true @ https://solpulse.trade/assets/main-_i6vfeq4.js:1943
[ 2203440ms] [LOG] [useNewPairs] parsed pairs: 500 ok: true @ https://solpulse.trade/assets/main-_i6vfeq4.js:1943
[ 2211315ms] [LOG] [useNewPairs] fetching: https://api.solpulse.trade/api/new-pairs @ https://solpulse.trade/assets/main-_i6vfeq4.js:1943
[ 2211417ms] [LOG] [useNewPairs] response status: 200 ok: true @ https://solpulse.trade/assets/main-_i6vfeq4.js:1943
[ 2211440ms] [LOG] [useNewPairs] parsed pairs: 500 ok: true @ https://solpulse.trade/assets/main-_i6vfeq4.js:1943
[ 2211516ms] [ERROR] Failed to load resource: net::ERR_BLOCKED_BY_RESPONSE.NotSameOrigin @ https://ipfs.io/ipfs/bafybeicecxccep2w4gwa5jbrbxzpz6ncz2u7d7vuasijixycblhek6ebdq:0
[ 2211549ms] [ERROR] Failed to load resource: net::ERR_BLOCKED_BY_RESPONSE.NotSameOrigin @ https://ipfs.io/ipfs/QmXdrtFwn4S6NKJ5A8PSssQqMewS9xMHWBx2UR6zDjNuCo:0
[ 2219313ms] [LOG] [useNewPairs] fetching: https://api.solpulse.trade/api/new-pairs @ https://solpulse.trade/assets/main-_i6vfeq4.js:1943
[ 2219405ms] [LOG] [useNewPairs] response status: 200 ok: true @ https://solpulse.trade/assets/main-_i6vfeq4.js:1943
[ 2219417ms] [LOG] [useNewPairs] parsed pairs: 500 ok: true @ https://solpulse.trade/assets/main-_i6vfeq4.js:1943
[ 2227312ms] [LOG] [useNewPairs] fetching: https://api.solpulse.trade/api/new-pairs @ https://solpulse.trade/assets/main-_i6vfeq4.js:1943
[ 2227385ms] [LOG] [useNewPairs] response status: 200 ok: true @ https://solpulse.trade/assets/main-_i6vfeq4.js:1943
[ 2227408ms] [LOG] [useNewPairs] parsed pairs: 500 ok: true @ https://solpulse.trade/assets/main-_i6vfeq4.js:1943
[ 2235311ms] [LOG] [useNewPairs] fetching: https://api.solpulse.trade/api/new-pairs @ https://solpulse.trade/assets/main-_i6vfeq4.js:1943
[ 2235393ms] [LOG] [useNewPairs] response status: 200 ok: true @ https://solpulse.trade/assets/main-_i6vfeq4.js:1943
[ 2235407ms] [LOG] [useNewPairs] parsed pairs: 500 ok: true @ https://solpulse.trade/assets/main-_i6vfeq4.js:1943
[ 2243310ms] [LOG] [useNewPairs] fetching: https://api.solpulse.trade/api/new-pairs @ https://solpulse.trade/assets/main-_i6vfeq4.js:1943
[ 2243396ms] [LOG] [useNewPairs] response status: 200 ok: true @ https://solpulse.trade/assets/main-_i6vfeq4.js:1943
[ 2243404ms] [LOG] [useNewPairs] parsed pairs: 500 ok: true @ https://solpulse.trade/assets/main-_i6vfeq4.js:1943
[ 2251310ms] [LOG] [useNewPairs] fetching: https://api.solpulse.trade/api/new-pairs @ https://solpulse.trade/assets/main-_i6vfeq4.js:1943
[ 2251402ms] [LOG] [useNewPairs] response status: 200 ok: true @ https://solpulse.trade/assets/main-_i6vfeq4.js:1943
[ 2251423ms] [LOG] [useNewPairs] parsed pairs: 500 ok: true @ https://solpulse.trade/assets/main-_i6vfeq4.js:1943
[ 2259311ms] [LOG] [useNewPairs] fetching: https://api.solpulse.trade/api/new-pairs @ https://solpulse.trade/assets/main-_i6vfeq4.js:1943
[ 2259386ms] [LOG] [useNewPairs] response status: 200 ok: true @ https://solpulse.trade/assets/main-_i6vfeq4.js:1943
[ 2259397ms] [LOG] [useNewPairs] parsed pairs: 500 ok: true @ https://solpulse.trade/assets/main-_i6vfeq4.js:1943
[ 2267310ms] [LOG] [useNewPairs] fetching: https://api.solpulse.trade/api/new-pairs @ https://solpulse.trade/assets/main-_i6vfeq4.js:1943
[ 2267402ms] [LOG] [useNewPairs] response status: 200 ok: true @ https://solpulse.trade/assets/main-_i6vfeq4.js:1943
[ 2267434ms] [LOG] [useNewPairs] parsed pairs: 500 ok: true @ https://solpulse.trade/assets/main-_i6vfeq4.js:1943
[ 2275310ms] [LOG] [useNewPairs] fetching: https://api.solpulse.trade/api/new-pairs @ https://solpulse.trade/assets/main-_i6vfeq4.js:1943
[ 2275396ms] [LOG] [useNewPairs] response status: 200 ok: true @ https://solpulse.trade/assets/main-_i6vfeq4.js:1943
[ 2275419ms] [LOG] [useNewPairs] parsed pairs: 500 ok: true @ https://solpulse.trade/assets/main-_i6vfeq4.js:1943
[ 2275542ms] [ERROR] Failed to load resource: net::ERR_BLOCKED_BY_RESPONSE.NotSameOrigin @ https://ipfs.io/ipfs/bafkreic6ukcb5fljto4e7dlh5ivwmoqcxr4crwxucf7rsy4qdplfwn7yry:0
[ 2275544ms] [ERROR] Failed to load resource: net::ERR_BLOCKED_BY_RESPONSE.NotSameOrigin @ https://ipfs.io/ipfs/bafkreievz5ochlycqqzhwnfd7dsjmlqw7fc5t33tmi4wskvmcoakgelhe4:0
[ 2283310ms] [LOG] [useNewPairs] fetching: https://api.solpulse.trade/api/new-pairs @ https://solpulse.trade/assets/main-_i6vfeq4.js:1943
[ 2283397ms] [LOG] [useNewPairs] response status: 200 ok: true @ https://solpulse.trade/assets/main-_i6vfeq4.js:1943
[ 2283422ms] [LOG] [useNewPairs] parsed pairs: 500 ok: true @ https://solpulse.trade/assets/main-_i6vfeq4.js:1943
[ 2291309ms] [LOG] [useNewPairs] fetching: https://api.solpulse.trade/api/new-pairs @ https://solpulse.trade/assets/main-_i6vfeq4.js:1943
[ 2291394ms] [LOG] [useNewPairs] response status: 200 ok: true @ https://solpulse.trade/assets/main-_i6vfeq4.js:1943
[ 2291417ms] [LOG] [useNewPairs] parsed pairs: 500 ok: true @ https://solpulse.trade/assets/main-_i6vfeq4.js:1943
[ 2299309ms] [LOG] [useNewPairs] fetching: https://api.solpulse.trade/api/new-pairs @ https://solpulse.trade/assets/main-_i6vfeq4.js:1943
[ 2299399ms] [LOG] [useNewPairs] response status: 200 ok: true @ https://solpulse.trade/assets/main-_i6vfeq4.js:1943
[ 2299423ms] [LOG] [useNewPairs] parsed pairs: 500 ok: true @ https://solpulse.trade/assets/main-_i6vfeq4.js:1943
[ 2307310ms] [LOG] [useNewPairs] fetching: https://api.solpulse.trade/api/new-pairs @ https://solpulse.trade/assets/main-_i6vfeq4.js:1943
[ 2307399ms] [LOG] [useNewPairs] response status: 200 ok: true @ https://solpulse.trade/assets/main-_i6vfeq4.js:1943
[ 2307422ms] [LOG] [useNewPairs] parsed pairs: 500 ok: true @ https://solpulse.trade/assets/main-_i6vfeq4.js:1943
[ 2307523ms] [ERROR] Failed to load resource: net::ERR_SSL_PROTOCOL_ERROR @ https://gateway.irys.xyz/HT7fkziZKDr4ze4nviQL3S1ttHjBQRtdth56VCytCDaM:0
[ 2315311ms] [LOG] [useNewPairs] fetching: https://api.solpulse.trade/api/new-pairs @ https://solpulse.trade/assets/main-_i6vfeq4.js:1943
[ 2315402ms] [LOG] [useNewPairs] response status: 200 ok: true @ https://solpulse.trade/assets/main-_i6vfeq4.js:1943
[ 2315426ms] [LOG] [useNewPairs] parsed pairs: 500 ok: true @ https://solpulse.trade/assets/main-_i6vfeq4.js:1943
[ 2323311ms] [LOG] [useNewPairs] fetching: https://api.solpulse.trade/api/new-pairs @ https://solpulse.trade/assets/main-_i6vfeq4.js:1943
[ 2323397ms] [LOG] [useNewPairs] response status: 200 ok: true @ https://solpulse.trade/assets/main-_i6vfeq4.js:1943
[ 2323420ms] [LOG] [useNewPairs] parsed pairs: 500 ok: true @ https://solpulse.trade/assets/main-_i6vfeq4.js:1943
[ 2331310ms] [LOG] [useNewPairs] fetching: https://api.solpulse.trade/api/new-pairs @ https://solpulse.trade/assets/main-_i6vfeq4.js:1943
[ 2331406ms] [LOG] [useNewPairs] response status: 200 ok: true @ https://solpulse.trade/assets/main-_i6vfeq4.js:1943
[ 2331431ms] [LOG] [useNewPairs] parsed pairs: 500 ok: true @ https://solpulse.trade/assets/main-_i6vfeq4.js:1943
[ 2339310ms] [LOG] [useNewPairs] fetching: https://api.solpulse.trade/api/new-pairs @ https://solpulse.trade/assets/main-_i6vfeq4.js:1943
[ 2339395ms] [LOG] [useNewPairs] response status: 200 ok: true @ https://solpulse.trade/assets/main-_i6vfeq4.js:1943
[ 2339425ms] [LOG] [useNewPairs] parsed pairs: 500 ok: true @ https://solpulse.trade/assets/main-_i6vfeq4.js:1943
[ 2347309ms] [LOG] [useNewPairs] fetching: https://api.solpulse.trade/api/new-pairs @ https://solpulse.trade/assets/main-_i6vfeq4.js:1943
[ 2347398ms] [LOG] [useNewPairs] response status: 200 ok: true @ https://solpulse.trade/assets/main-_i6vfeq4.js:1943
[ 2347423ms] [LOG] [useNewPairs] parsed pairs: 500 ok: true @ https://solpulse.trade/assets/main-_i6vfeq4.js:1943
[ 2355310ms] [LOG] [useNewPairs] fetching: https://api.solpulse.trade/api/new-pairs @ https://solpulse.trade/assets/main-_i6vfeq4.js:1943
[ 2355398ms] [LOG] [useNewPairs] response status: 200 ok: true @ https://solpulse.trade/assets/main-_i6vfeq4.js:1943
[ 2355426ms] [LOG] [useNewPairs] parsed pairs: 500 ok: true @ https://solpulse.trade/assets/main-_i6vfeq4.js:1943
[ 2363311ms] [LOG] [useNewPairs] fetching: https://api.solpulse.trade/api/new-pairs @ https://solpulse.trade/assets/main-_i6vfeq4.js:1943
[ 2363411ms] [LOG] [useNewPairs] response status: 200 ok: true @ https://solpulse.trade/assets/main-_i6vfeq4.js:1943
[ 2363419ms] [LOG] [useNewPairs] parsed pairs: 500 ok: true @ https://solpulse.trade/assets/main-_i6vfeq4.js:1943
[ 2371310ms] [LOG] [useNewPairs] fetching: https://api.solpulse.trade/api/new-pairs @ https://solpulse.trade/assets/main-_i6vfeq4.js:1943
[ 2371400ms] [LOG] [useNewPairs] response status: 200 ok: true @ https://solpulse.trade/assets/main-_i6vfeq4.js:1943
[ 2371414ms] [LOG] [useNewPairs] parsed pairs: 500 ok: true @ https://solpulse.trade/assets/main-_i6vfeq4.js:1943
[ 2371640ms] [ERROR] Failed to load resource: net::ERR_BLOCKED_BY_RESPONSE.NotSameOrigin @ https://ipfs.io/ipfs/bafybeihrsncmmraplwt3ss5ghaefagx2jb75ofno7yyjiqay2otzsgi25u:0
[ 2379309ms] [LOG] [useNewPairs] fetching: https://api.solpulse.trade/api/new-pairs @ https://solpulse.trade/assets/main-_i6vfeq4.js:1943
[ 2379406ms] [LOG] [useNewPairs] response status: 200 ok: true @ https://solpulse.trade/assets/main-_i6vfeq4.js:1943
[ 2379430ms] [LOG] [useNewPairs] parsed pairs: 500 ok: true @ https://solpulse.trade/assets/main-_i6vfeq4.js:1943
[ 2387310ms] [LOG] [useNewPairs] fetching: https://api.solpulse.trade/api/new-pairs @ https://solpulse.trade/assets/main-_i6vfeq4.js:1943
[ 2387398ms] [LOG] [useNewPairs] response status: 200 ok: true @ https://solpulse.trade/assets/main-_i6vfeq4.js:1943
[ 2387423ms] [LOG] [useNewPairs] parsed pairs: 500 ok: true @ https://solpulse.trade/assets/main-_i6vfeq4.js:1943
[ 2395310ms] [LOG] [useNewPairs] fetching: https://api.solpulse.trade/api/new-pairs @ https://solpulse.trade/assets/main-_i6vfeq4.js:1943
[ 2395408ms] [LOG] [useNewPairs] response status: 200 ok: true @ https://solpulse.trade/assets/main-_i6vfeq4.js:1943
[ 2395432ms] [LOG] [useNewPairs] parsed pairs: 500 ok: true @ https://solpulse.trade/assets/main-_i6vfeq4.js:1943
[ 2403311ms] [LOG] [useNewPairs] fetching: https://api.solpulse.trade/api/new-pairs @ https://solpulse.trade/assets/main-_i6vfeq4.js:1943
[ 2403401ms] [LOG] [useNewPairs] response status: 200 ok: true @ https://solpulse.trade/assets/main-_i6vfeq4.js:1943
[ 2403425ms] [LOG] [useNewPairs] parsed pairs: 500 ok: true @ https://solpulse.trade/assets/main-_i6vfeq4.js:1943
[ 2411311ms] [LOG] [useNewPairs] fetching: https://api.solpulse.trade/api/new-pairs @ https://solpulse.trade/assets/main-_i6vfeq4.js:1943
[ 2411389ms] [LOG] [useNewPairs] response status: 200 ok: true @ https://solpulse.trade/assets/main-_i6vfeq4.js:1943
[ 2411401ms] [LOG] [useNewPairs] parsed pairs: 500 ok: true @ https://solpulse.trade/assets/main-_i6vfeq4.js:1943
[ 2419311ms] [LOG] [useNewPairs] fetching: https://api.solpulse.trade/api/new-pairs @ https://solpulse.trade/assets/main-_i6vfeq4.js:1943
[ 2419397ms] [LOG] [useNewPairs] response status: 200 ok: true @ https://solpulse.trade/assets/main-_i6vfeq4.js:1943
[ 2419421ms] [LOG] [useNewPairs] parsed pairs: 500 ok: true @ https://solpulse.trade/assets/main-_i6vfeq4.js:1943
[ 2427311ms] [LOG] [useNewPairs] fetching: https://api.solpulse.trade/api/new-pairs @ https://solpulse.trade/assets/main-_i6vfeq4.js:1943
[ 2427401ms] [LOG] [useNewPairs] response status: 200 ok: true @ https://solpulse.trade/assets/main-_i6vfeq4.js:1943
[ 2427427ms] [LOG] [useNewPairs] parsed pairs: 500 ok: true @ https://solpulse.trade/assets/main-_i6vfeq4.js:1943
[ 2435311ms] [LOG] [useNewPairs] fetching: https://api.solpulse.trade/api/new-pairs @ https://solpulse.trade/assets/main-_i6vfeq4.js:1943
[ 2435383ms] [LOG] [useNewPairs] response status: 200 ok: true @ https://solpulse.trade/assets/main-_i6vfeq4.js:1943
[ 2435394ms] [LOG] [useNewPairs] parsed pairs: 500 ok: true @ https://solpulse.trade/assets/main-_i6vfeq4.js:1943
[ 2435509ms] [ERROR] Failed to load resource: net::ERR_BLOCKED_BY_RESPONSE.NotSameOrigin @ https://ipfs.io/ipfs/bafkreif4vknamc3rlob3dwgvjxvdl4nbb5xvm5ij73a3vzsfnuwfbw5ibq:0
[ 2435509ms] [ERROR] Failed to load resource: net::ERR_BLOCKED_BY_RESPONSE.NotSameOrigin @ https://ipfs.io/ipfs/QmVjZYy6NAHpwDpEU2edjB38x7m1kekj6hRQm7Zv56jJWy:0
[ 2435509ms] [ERROR] Failed to load resource: net::ERR_BLOCKED_BY_RESPONSE.NotSameOrigin @ https://ipfs.io/ipfs/QmR6kX7KWs8u596Qr5MUJFJLj8rdsVan9TUmhymQRZDVrB:0
[ 2443311ms] [LOG] [useNewPairs] fetching: https://api.solpulse.trade/api/new-pairs @ https://solpulse.trade/assets/main-_i6vfeq4.js:1943
[ 2443402ms] [LOG] [useNewPairs] response status: 200 ok: true @ https://solpulse.trade/assets/main-_i6vfeq4.js:1943
[ 2443425ms] [LOG] [useNewPairs] parsed pairs: 500 ok: true @ https://solpulse.trade/assets/main-_i6vfeq4.js:1943
[ 2451312ms] [LOG] [useNewPairs] fetching: https://api.solpulse.trade/api/new-pairs @ https://solpulse.trade/assets/main-_i6vfeq4.js:1943
[ 2451403ms] [LOG] [useNewPairs] response status: 200 ok: true @ https://solpulse.trade/assets/main-_i6vfeq4.js:1943
[ 2451425ms] [LOG] [useNewPairs] parsed pairs: 500 ok: true @ https://solpulse.trade/assets/main-_i6vfeq4.js:1943
[ 2459311ms] [LOG] [useNewPairs] fetching: https://api.solpulse.trade/api/new-pairs @ https://solpulse.trade/assets/main-_i6vfeq4.js:1943
[ 2459399ms] [LOG] [useNewPairs] response status: 200 ok: true @ https://solpulse.trade/assets/main-_i6vfeq4.js:1943
[ 2459424ms] [LOG] [useNewPairs] parsed pairs: 500 ok: true @ https://solpulse.trade/assets/main-_i6vfeq4.js:1943
[ 2467310ms] [LOG] [useNewPairs] fetching: https://api.solpulse.trade/api/new-pairs @ https://solpulse.trade/assets/main-_i6vfeq4.js:1943
[ 2467398ms] [LOG] [useNewPairs] response status: 200 ok: true @ https://solpulse.trade/assets/main-_i6vfeq4.js:1943
[ 2467425ms] [LOG] [useNewPairs] parsed pairs: 500 ok: true @ https://solpulse.trade/assets/main-_i6vfeq4.js:1943
[ 2475311ms] [LOG] [useNewPairs] fetching: https://api.solpulse.trade/api/new-pairs @ https://solpulse.trade/assets/main-_i6vfeq4.js:1943
[ 2475395ms] [LOG] [useNewPairs] response status: 200 ok: true @ https://solpulse.trade/assets/main-_i6vfeq4.js:1943
[ 2475419ms] [LOG] [useNewPairs] parsed pairs: 500 ok: true @ https://solpulse.trade/assets/main-_i6vfeq4.js:1943
[ 2483312ms] [LOG] [useNewPairs] fetching: https://api.solpulse.trade/api/new-pairs @ https://solpulse.trade/assets/main-_i6vfeq4.js:1943
[ 2483407ms] [LOG] [useNewPairs] response status: 200 ok: true @ https://solpulse.trade/assets/main-_i6vfeq4.js:1943
[ 2483432ms] [LOG] [useNewPairs] parsed pairs: 500 ok: true @ https://solpulse.trade/assets/main-_i6vfeq4.js:1943
[ 2491312ms] [LOG] [useNewPairs] fetching: https://api.solpulse.trade/api/new-pairs @ https://solpulse.trade/assets/main-_i6vfeq4.js:1943
[ 2491423ms] [LOG] [useNewPairs] response status: 200 ok: true @ https://solpulse.trade/assets/main-_i6vfeq4.js:1943
[ 2491431ms] [LOG] [useNewPairs] parsed pairs: 500 ok: true @ https://solpulse.trade/assets/main-_i6vfeq4.js:1943
[ 2499310ms] [LOG] [useNewPairs] fetching: https://api.solpulse.trade/api/new-pairs @ https://solpulse.trade/assets/main-_i6vfeq4.js:1943
[ 2499402ms] [LOG] [useNewPairs] response status: 200 ok: true @ https://solpulse.trade/assets/main-_i6vfeq4.js:1943
[ 2499407ms] [LOG] [useNewPairs] parsed pairs: 500 ok: true @ https://solpulse.trade/assets/main-_i6vfeq4.js:1943
[ 2499502ms] [ERROR] Failed to load resource: net::ERR_BLOCKED_BY_RESPONSE.NotSameOrigin @ https://ipfs.io/ipfs/bafkreicnqjqxe7kjmlksqxxoz7jydiqjir4ge2uiqnm3lfpiuatqybb4j4:0
[ 2507311ms] [LOG] [useNewPairs] fetching: https://api.solpulse.trade/api/new-pairs @ https://solpulse.trade/assets/main-_i6vfeq4.js:1943
[ 2507396ms] [LOG] [useNewPairs] response status: 200 ok: true @ https://solpulse.trade/assets/main-_i6vfeq4.js:1943
[ 2507404ms] [LOG] [useNewPairs] parsed pairs: 500 ok: true @ https://solpulse.trade/assets/main-_i6vfeq4.js:1943
[ 2515310ms] [LOG] [useNewPairs] fetching: https://api.solpulse.trade/api/new-pairs @ https://solpulse.trade/assets/main-_i6vfeq4.js:1943
[ 2515393ms] [LOG] [useNewPairs] response status: 200 ok: true @ https://solpulse.trade/assets/main-_i6vfeq4.js:1943
[ 2515418ms] [LOG] [useNewPairs] parsed pairs: 500 ok: true @ https://solpulse.trade/assets/main-_i6vfeq4.js:1943
[ 2523312ms] [LOG] [useNewPairs] fetching: https://api.solpulse.trade/api/new-pairs @ https://solpulse.trade/assets/main-_i6vfeq4.js:1943
[ 2523405ms] [LOG] [useNewPairs] response status: 200 ok: true @ https://solpulse.trade/assets/main-_i6vfeq4.js:1943
[ 2523430ms] [LOG] [useNewPairs] parsed pairs: 500 ok: true @ https://solpulse.trade/assets/main-_i6vfeq4.js:1943
[ 2531312ms] [LOG] [useNewPairs] fetching: https://api.solpulse.trade/api/new-pairs @ https://solpulse.trade/assets/main-_i6vfeq4.js:1943
[ 2531424ms] [LOG] [useNewPairs] response status: 200 ok: true @ https://solpulse.trade/assets/main-_i6vfeq4.js:1943
[ 2531436ms] [LOG] [useNewPairs] parsed pairs: 500 ok: true @ https://solpulse.trade/assets/main-_i6vfeq4.js:1943
[ 2539311ms] [LOG] [useNewPairs] fetching: https://api.solpulse.trade/api/new-pairs @ https://solpulse.trade/assets/main-_i6vfeq4.js:1943
[ 2539409ms] [LOG] [useNewPairs] response status: 200 ok: true @ https://solpulse.trade/assets/main-_i6vfeq4.js:1943
[ 2539435ms] [LOG] [useNewPairs] parsed pairs: 500 ok: true @ https://solpulse.trade/assets/main-_i6vfeq4.js:1943
[ 2547311ms] [LOG] [useNewPairs] fetching: https://api.solpulse.trade/api/new-pairs @ https://solpulse.trade/assets/main-_i6vfeq4.js:1943
[ 2547396ms] [LOG] [useNewPairs] response status: 200 ok: true @ https://solpulse.trade/assets/main-_i6vfeq4.js:1943
[ 2547424ms] [LOG] [useNewPairs] parsed pairs: 500 ok: true @ https://solpulse.trade/assets/main-_i6vfeq4.js:1943
[ 2555311ms] [LOG] [useNewPairs] fetching: https://api.solpulse.trade/api/new-pairs @ https://solpulse.trade/assets/main-_i6vfeq4.js:1943
[ 2555397ms] [LOG] [useNewPairs] response status: 200 ok: true @ https://solpulse.trade/assets/main-_i6vfeq4.js:1943
[ 2555421ms] [LOG] [useNewPairs] parsed pairs: 500 ok: true @ https://solpulse.trade/assets/main-_i6vfeq4.js:1943
[ 2563310ms] [LOG] [useNewPairs] fetching: https://api.solpulse.trade/api/new-pairs @ https://solpulse.trade/assets/main-_i6vfeq4.js:1943
[ 2563404ms] [LOG] [useNewPairs] response status: 200 ok: true @ https://solpulse.trade/assets/main-_i6vfeq4.js:1943
[ 2563430ms] [LOG] [useNewPairs] parsed pairs: 500 ok: true @ https://solpulse.trade/assets/main-_i6vfeq4.js:1943
[ 2571310ms] [LOG] [useNewPairs] fetching: https://api.solpulse.trade/api/new-pairs @ https://solpulse.trade/assets/main-_i6vfeq4.js:1943
[ 2571399ms] [LOG] [useNewPairs] response status: 200 ok: true @ https://solpulse.trade/assets/main-_i6vfeq4.js:1943
[ 2571423ms] [LOG] [useNewPairs] parsed pairs: 500 ok: true @ https://solpulse.trade/assets/main-_i6vfeq4.js:1943
[ 2579311ms] [LOG] [useNewPairs] fetching: https://api.solpulse.trade/api/new-pairs @ https://solpulse.trade/assets/main-_i6vfeq4.js:1943
[ 2579408ms] [LOG] [useNewPairs] response status: 200 ok: true @ https://solpulse.trade/assets/main-_i6vfeq4.js:1943
[ 2579415ms] [LOG] [useNewPairs] parsed pairs: 500 ok: true @ https://solpulse.trade/assets/main-_i6vfeq4.js:1943
[ 2587312ms] [LOG] [useNewPairs] fetching: https://api.solpulse.trade/api/new-pairs @ https://solpulse.trade/assets/main-_i6vfeq4.js:1943
[ 2587407ms] [LOG] [useNewPairs] response status: 200 ok: true @ https://solpulse.trade/assets/main-_i6vfeq4.js:1943
[ 2587434ms] [LOG] [useNewPairs] parsed pairs: 500 ok: true @ https://solpulse.trade/assets/main-_i6vfeq4.js:1943
[ 2595312ms] [LOG] [useNewPairs] fetching: https://api.solpulse.trade/api/new-pairs @ https://solpulse.trade/assets/main-_i6vfeq4.js:1943
[ 2595401ms] [LOG] [useNewPairs] response status: 200 ok: true @ https://solpulse.trade/assets/main-_i6vfeq4.js:1943
[ 2595426ms] [LOG] [useNewPairs] parsed pairs: 500 ok: true @ https://solpulse.trade/assets/main-_i6vfeq4.js:1943
[ 2603311ms] [LOG] [useNewPairs] fetching: https://api.solpulse.trade/api/new-pairs @ https://solpulse.trade/assets/main-_i6vfeq4.js:1943
[ 2603412ms] [LOG] [useNewPairs] response status: 200 ok: true @ https://solpulse.trade/assets/main-_i6vfeq4.js:1943
[ 2603435ms] [LOG] [useNewPairs] parsed pairs: 500 ok: true @ https://solpulse.trade/assets/main-_i6vfeq4.js:1943
[ 2611312ms] [LOG] [useNewPairs] fetching: https://api.solpulse.trade/api/new-pairs @ https://solpulse.trade/assets/main-_i6vfeq4.js:1943
[ 2611400ms] [LOG] [useNewPairs] response status: 200 ok: true @ https://solpulse.trade/assets/main-_i6vfeq4.js:1943
[ 2611410ms] [LOG] [useNewPairs] parsed pairs: 500 ok: true @ https://solpulse.trade/assets/main-_i6vfeq4.js:1943
[ 2619312ms] [LOG] [useNewPairs] fetching: https://api.solpulse.trade/api/new-pairs @ https://solpulse.trade/assets/main-_i6vfeq4.js:1943
[ 2619389ms] [LOG] [useNewPairs] response status: 200 ok: true @ https://solpulse.trade/assets/main-_i6vfeq4.js:1943
[ 2619397ms] [LOG] [useNewPairs] parsed pairs: 500 ok: true @ https://solpulse.trade/assets/main-_i6vfeq4.js:1943
[ 2627312ms] [LOG] [useNewPairs] fetching: https://api.solpulse.trade/api/new-pairs @ https://solpulse.trade/assets/main-_i6vfeq4.js:1943
[ 2627408ms] [LOG] [useNewPairs] response status: 200 ok: true @ https://solpulse.trade/assets/main-_i6vfeq4.js:1943
[ 2627436ms] [LOG] [useNewPairs] parsed pairs: 500 ok: true @ https://solpulse.trade/assets/main-_i6vfeq4.js:1943
[ 2627553ms] [ERROR] Failed to load resource: net::ERR_BLOCKED_BY_RESPONSE.NotSameOrigin @ https://ipfs.io/ipfs/bafkreifithy7uyzrjk3kn5xbezlc2zdgfzqftism2v4pi7qk5piyuzc7di:0
[ 2635311ms] [LOG] [useNewPairs] fetching: https://api.solpulse.trade/api/new-pairs @ https://solpulse.trade/assets/main-_i6vfeq4.js:1943
[ 2635388ms] [LOG] [useNewPairs] response status: 200 ok: true @ https://solpulse.trade/assets/main-_i6vfeq4.js:1943
[ 2635411ms] [LOG] [useNewPairs] parsed pairs: 500 ok: true @ https://solpulse.trade/assets/main-_i6vfeq4.js:1943
[ 2643311ms] [LOG] [useNewPairs] fetching: https://api.solpulse.trade/api/new-pairs @ https://solpulse.trade/assets/main-_i6vfeq4.js:1943
[ 2643402ms] [LOG] [useNewPairs] response status: 200 ok: true @ https://solpulse.trade/assets/main-_i6vfeq4.js:1943
[ 2643429ms] [LOG] [useNewPairs] parsed pairs: 500 ok: true @ https://solpulse.trade/assets/main-_i6vfeq4.js:1943
[ 2651311ms] [LOG] [useNewPairs] fetching: https://api.solpulse.trade/api/new-pairs @ https://solpulse.trade/assets/main-_i6vfeq4.js:1943
[ 2651411ms] [LOG] [useNewPairs] response status: 200 ok: true @ https://solpulse.trade/assets/main-_i6vfeq4.js:1943
[ 2651433ms] [LOG] [useNewPairs] parsed pairs: 500 ok: true @ https://solpulse.trade/assets/main-_i6vfeq4.js:1943
[ 2659310ms] [LOG] [useNewPairs] fetching: https://api.solpulse.trade/api/new-pairs @ https://solpulse.trade/assets/main-_i6vfeq4.js:1943
[ 2659402ms] [LOG] [useNewPairs] response status: 200 ok: true @ https://solpulse.trade/assets/main-_i6vfeq4.js:1943
[ 2659433ms] [LOG] [useNewPairs] parsed pairs: 500 ok: true @ https://solpulse.trade/assets/main-_i6vfeq4.js:1943
[ 2659681ms] [ERROR] Failed to load resource: net::ERR_BLOCKED_BY_RESPONSE.NotSameOrigin @ https://ipfs.io/ipfs/bafkreif4vknamc3rlob3dwgvjxvdl4nbb5xvm5ij73a3vzsfnuwfbw5ibq:0
[ 2667312ms] [LOG] [useNewPairs] fetching: https://api.solpulse.trade/api/new-pairs @ https://solpulse.trade/assets/main-_i6vfeq4.js:1943
[ 2667388ms] [LOG] [useNewPairs] response status: 200 ok: true @ https://solpulse.trade/assets/main-_i6vfeq4.js:1943
[ 2667402ms] [LOG] [useNewPairs] parsed pairs: 500 ok: true @ https://solpulse.trade/assets/main-_i6vfeq4.js:1943
[ 2675310ms] [LOG] [useNewPairs] fetching: https://api.solpulse.trade/api/new-pairs @ https://solpulse.trade/assets/main-_i6vfeq4.js:1943
[ 2675398ms] [LOG] [useNewPairs] response status: 200 ok: true @ https://solpulse.trade/assets/main-_i6vfeq4.js:1943
[ 2675421ms] [LOG] [useNewPairs] parsed pairs: 500 ok: true @ https://solpulse.trade/assets/main-_i6vfeq4.js:1943
[ 2683311ms] [LOG] [useNewPairs] fetching: https://api.solpulse.trade/api/new-pairs @ https://solpulse.trade/assets/main-_i6vfeq4.js:1943
[ 2683409ms] [LOG] [useNewPairs] response status: 200 ok: true @ https://solpulse.trade/assets/main-_i6vfeq4.js:1943
[ 2683432ms] [LOG] [useNewPairs] parsed pairs: 500 ok: true @ https://solpulse.trade/assets/main-_i6vfeq4.js:1943
[ 2691311ms] [LOG] [useNewPairs] fetching: https://api.solpulse.trade/api/new-pairs @ https://solpulse.trade/assets/main-_i6vfeq4.js:1943
[ 2691397ms] [LOG] [useNewPairs] response status: 200 ok: true @ https://solpulse.trade/assets/main-_i6vfeq4.js:1943
[ 2691421ms] [LOG] [useNewPairs] parsed pairs: 500 ok: true @ https://solpulse.trade/assets/main-_i6vfeq4.js:1943
[ 2699312ms] [LOG] [useNewPairs] fetching: https://api.solpulse.trade/api/new-pairs @ https://solpulse.trade/assets/main-_i6vfeq4.js:1943
[ 2699418ms] [LOG] [useNewPairs] response status: 200 ok: true @ https://solpulse.trade/assets/main-_i6vfeq4.js:1943
[ 2699442ms] [LOG] [useNewPairs] parsed pairs: 500 ok: true @ https://solpulse.trade/assets/main-_i6vfeq4.js:1943
[ 2707311ms] [LOG] [useNewPairs] fetching: https://api.solpulse.trade/api/new-pairs @ https://solpulse.trade/assets/main-_i6vfeq4.js:1943
[ 2707390ms] [LOG] [useNewPairs] response status: 200 ok: true @ https://solpulse.trade/assets/main-_i6vfeq4.js:1943
[ 2707398ms] [LOG] [useNewPairs] parsed pairs: 500 ok: true @ https://solpulse.trade/assets/main-_i6vfeq4.js:1943
[ 2715311ms] [LOG] [useNewPairs] fetching: https://api.solpulse.trade/api/new-pairs @ https://solpulse.trade/assets/main-_i6vfeq4.js:1943
[ 2715411ms] [LOG] [useNewPairs] response status: 200 ok: true @ https://solpulse.trade/assets/main-_i6vfeq4.js:1943
[ 2715439ms] [LOG] [useNewPairs] parsed pairs: 500 ok: true @ https://solpulse.trade/assets/main-_i6vfeq4.js:1943
[ 2723310ms] [LOG] [useNewPairs] fetching: https://api.solpulse.trade/api/new-pairs @ https://solpulse.trade/assets/main-_i6vfeq4.js:1943
[ 2723400ms] [LOG] [useNewPairs] response status: 200 ok: true @ https://solpulse.trade/assets/main-_i6vfeq4.js:1943
[ 2723427ms] [LOG] [useNewPairs] parsed pairs: 500 ok: true @ https://solpulse.trade/assets/main-_i6vfeq4.js:1943
[ 2731311ms] [LOG] [useNewPairs] fetching: https://api.solpulse.trade/api/new-pairs @ https://solpulse.trade/assets/main-_i6vfeq4.js:1943
[ 2731387ms] [LOG] [useNewPairs] response status: 200 ok: true @ https://solpulse.trade/assets/main-_i6vfeq4.js:1943
[ 2731397ms] [LOG] [useNewPairs] parsed pairs: 500 ok: true @ https://solpulse.trade/assets/main-_i6vfeq4.js:1943
[ 2739312ms] [LOG] [useNewPairs] fetching: https://api.solpulse.trade/api/new-pairs @ https://solpulse.trade/assets/main-_i6vfeq4.js:1943
[ 2739399ms] [LOG] [useNewPairs] response status: 200 ok: true @ https://solpulse.trade/assets/main-_i6vfeq4.js:1943
[ 2739423ms] [LOG] [useNewPairs] parsed pairs: 500 ok: true @ https://solpulse.trade/assets/main-_i6vfeq4.js:1943
[ 2747309ms] [LOG] [useNewPairs] fetching: https://api.solpulse.trade/api/new-pairs @ https://solpulse.trade/assets/main-_i6vfeq4.js:1943
[ 2747401ms] [LOG] [useNewPairs] response status: 200 ok: true @ https://solpulse.trade/assets/main-_i6vfeq4.js:1943
[ 2747430ms] [LOG] [useNewPairs] parsed pairs: 500 ok: true @ https://solpulse.trade/assets/main-_i6vfeq4.js:1943
[ 2755311ms] [LOG] [useNewPairs] fetching: https://api.solpulse.trade/api/new-pairs @ https://solpulse.trade/assets/main-_i6vfeq4.js:1943
[ 2755403ms] [LOG] [useNewPairs] response status: 200 ok: true @ https://solpulse.trade/assets/main-_i6vfeq4.js:1943
[ 2755423ms] [LOG] [useNewPairs] parsed pairs: 500 ok: true @ https://solpulse.trade/assets/main-_i6vfeq4.js:1943
[ 2755588ms] [ERROR] Failed to load resource: net::ERR_BLOCKED_BY_RESPONSE.NotSameOrigin @ https://ipfs.io/ipfs/bafybeihrsncmmraplwt3ss5ghaefagx2jb75ofno7yyjiqay2otzsgi25u:0
[ 2763311ms] [LOG] [useNewPairs] fetching: https://api.solpulse.trade/api/new-pairs @ https://solpulse.trade/assets/main-_i6vfeq4.js:1943
[ 2763401ms] [LOG] [useNewPairs] response status: 200 ok: true @ https://solpulse.trade/assets/main-_i6vfeq4.js:1943
[ 2763425ms] [LOG] [useNewPairs] parsed pairs: 500 ok: true @ https://solpulse.trade/assets/main-_i6vfeq4.js:1943
[ 2771311ms] [LOG] [useNewPairs] fetching: https://api.solpulse.trade/api/new-pairs @ https://solpulse.trade/assets/main-_i6vfeq4.js:1943
[ 2771362ms] [ERROR] Failed to load resource: the server responded with a status of 401 () @ https://api.solpulse.trade/api/new-pairs:0
[ 2771593ms] [LOG] [useNewPairs] response status: 200 ok: true @ https://solpulse.trade/assets/main-_i6vfeq4.js:1943
[ 2771617ms] [LOG] [useNewPairs] parsed pairs: 500 ok: true @ https://solpulse.trade/assets/main-_i6vfeq4.js:1943
[ 2779312ms] [LOG] [useNewPairs] fetching: https://api.solpulse.trade/api/new-pairs @ https://solpulse.trade/assets/main-_i6vfeq4.js:1943
[ 2779410ms] [LOG] [useNewPairs] response status: 200 ok: true @ https://solpulse.trade/assets/main-_i6vfeq4.js:1943
[ 2779421ms] [LOG] [useNewPairs] parsed pairs: 500 ok: true @ https://solpulse.trade/assets/main-_i6vfeq4.js:1943
[ 2787312ms] [LOG] [useNewPairs] fetching: https://api.solpulse.trade/api/new-pairs @ https://solpulse.trade/assets/main-_i6vfeq4.js:1943
[ 2787430ms] [LOG] [useNewPairs] response status: 200 ok: true @ https://solpulse.trade/assets/main-_i6vfeq4.js:1943
[ 2787464ms] [LOG] [useNewPairs] parsed pairs: 500 ok: true @ https://solpulse.trade/assets/main-_i6vfeq4.js:1943
[ 2787529ms] [ERROR] Failed to load resource: net::ERR_BLOCKED_BY_RESPONSE.NotSameOrigin @ https://ipfs.io/ipfs/QmTTCcWgmiwhZQzg2RBdrLbwyg3Z5KFWGeeyQ7EdS7VsUc:0
[ 2787566ms] [ERROR] Failed to load resource: net::ERR_SSL_PROTOCOL_ERROR @ https://gateway.irys.xyz/5wTHVjcQcbpWaKGLe2w8T1hpGoQsLAxhTvSMpXuKHPUx:0
[ 2795311ms] [LOG] [useNewPairs] fetching: https://api.solpulse.trade/api/new-pairs @ https://solpulse.trade/assets/main-_i6vfeq4.js:1943
[ 2795419ms] [LOG] [useNewPairs] response status: 200 ok: true @ https://solpulse.trade/assets/main-_i6vfeq4.js:1943
[ 2795434ms] [LOG] [useNewPairs] parsed pairs: 500 ok: true @ https://solpulse.trade/assets/main-_i6vfeq4.js:1943
[ 2803312ms] [LOG] [useNewPairs] fetching: https://api.solpulse.trade/api/new-pairs @ https://solpulse.trade/assets/main-_i6vfeq4.js:1943
[ 2803404ms] [LOG] [useNewPairs] response status: 200 ok: true @ https://solpulse.trade/assets/main-_i6vfeq4.js:1943
[ 2803431ms] [LOG] [useNewPairs] parsed pairs: 500 ok: true @ https://solpulse.trade/assets/main-_i6vfeq4.js:1943
[ 2811312ms] [LOG] [useNewPairs] fetching: https://api.solpulse.trade/api/new-pairs @ https://solpulse.trade/assets/main-_i6vfeq4.js:1943
[ 2811407ms] [LOG] [useNewPairs] response status: 200 ok: true @ https://solpulse.trade/assets/main-_i6vfeq4.js:1943
[ 2811438ms] [LOG] [useNewPairs] parsed pairs: 500 ok: true @ https://solpulse.trade/assets/main-_i6vfeq4.js:1943
[ 2819311ms] [LOG] [useNewPairs] fetching: https://api.solpulse.trade/api/new-pairs @ https://solpulse.trade/assets/main-_i6vfeq4.js:1943
[ 2819410ms] [LOG] [useNewPairs] response status: 200 ok: true @ https://solpulse.trade/assets/main-_i6vfeq4.js:1943
[ 2819436ms] [LOG] [useNewPairs] parsed pairs: 500 ok: true @ https://solpulse.trade/assets/main-_i6vfeq4.js:1943
[ 2819575ms] [ERROR] Failed to load resource: net::ERR_BLOCKED_BY_RESPONSE.NotSameOrigin @ https://ipfs.io/ipfs/bafybeicv2ycvb3t6nnysyfwep7xhwuqvmirjxem62bxizecznulc2avtaa:0
[ 2819575ms] [ERROR] Failed to load resource: net::ERR_BLOCKED_BY_RESPONSE.NotSameOrigin @ https://ipfs.io/ipfs/QmV3Yy4DKpSffJPTEzkJ6vPNF1dp96MsM4Mpf7jmc1pF6s:0
[ 2827311ms] [LOG] [useNewPairs] fetching: https://api.solpulse.trade/api/new-pairs @ https://solpulse.trade/assets/main-_i6vfeq4.js:1943
[ 2827410ms] [LOG] [useNewPairs] response status: 200 ok: true @ https://solpulse.trade/assets/main-_i6vfeq4.js:1943
[ 2827423ms] [LOG] [useNewPairs] parsed pairs: 500 ok: true @ https://solpulse.trade/assets/main-_i6vfeq4.js:1943
[ 2835312ms] [LOG] [useNewPairs] fetching: https://api.solpulse.trade/api/new-pairs @ https://solpulse.trade/assets/main-_i6vfeq4.js:1943
[ 2835393ms] [LOG] [useNewPairs] response status: 200 ok: true @ https://solpulse.trade/assets/main-_i6vfeq4.js:1943
[ 2835420ms] [LOG] [useNewPairs] parsed pairs: 500 ok: true @ https://solpulse.trade/assets/main-_i6vfeq4.js:1943
[ 2843312ms] [LOG] [useNewPairs] fetching: https://api.solpulse.trade/api/new-pairs @ https://solpulse.trade/assets/main-_i6vfeq4.js:1943
[ 2843417ms] [LOG] [useNewPairs] response status: 200 ok: true @ https://solpulse.trade/assets/main-_i6vfeq4.js:1943
[ 2843431ms] [LOG] [useNewPairs] parsed pairs: 500 ok: true @ https://solpulse.trade/assets/main-_i6vfeq4.js:1943
[ 2851310ms] [LOG] [useNewPairs] fetching: https://api.solpulse.trade/api/new-pairs @ https://solpulse.trade/assets/main-_i6vfeq4.js:1943
[ 2851413ms] [LOG] [useNewPairs] response status: 200 ok: true @ https://solpulse.trade/assets/main-_i6vfeq4.js:1943
[ 2851437ms] [LOG] [useNewPairs] parsed pairs: 500 ok: true @ https://solpulse.trade/assets/main-_i6vfeq4.js:1943
[ 2851578ms] [ERROR] Failed to load resource: net::ERR_BLOCKED_BY_RESPONSE.NotSameOrigin @ https://ipfs.io/ipfs/bafkreichgyvh4xfmfmuomyfchcyfg572zwdhtt2xtylltbxsboaizhprda:0
[ 2859311ms] [LOG] [useNewPairs] fetching: https://api.solpulse.trade/api/new-pairs @ https://solpulse.trade/assets/main-_i6vfeq4.js:1943
[ 2859412ms] [LOG] [useNewPairs] response status: 200 ok: true @ https://solpulse.trade/assets/main-_i6vfeq4.js:1943
[ 2859435ms] [LOG] [useNewPairs] parsed pairs: 500 ok: true @ https://solpulse.trade/assets/main-_i6vfeq4.js:1943
[ 2867311ms] [LOG] [useNewPairs] fetching: https://api.solpulse.trade/api/new-pairs @ https://solpulse.trade/assets/main-_i6vfeq4.js:1943
[ 2867403ms] [LOG] [useNewPairs] response status: 200 ok: true @ https://solpulse.trade/assets/main-_i6vfeq4.js:1943
[ 2867426ms] [LOG] [useNewPairs] parsed pairs: 500 ok: true @ https://solpulse.trade/assets/main-_i6vfeq4.js:1943
[ 2875312ms] [LOG] [useNewPairs] fetching: https://api.solpulse.trade/api/new-pairs @ https://solpulse.trade/assets/main-_i6vfeq4.js:1943
[ 2875403ms] [LOG] [useNewPairs] response status: 200 ok: true @ https://solpulse.trade/assets/main-_i6vfeq4.js:1943
[ 2875411ms] [LOG] [useNewPairs] parsed pairs: 500 ok: true @ https://solpulse.trade/assets/main-_i6vfeq4.js:1943
[ 2883312ms] [LOG] [useNewPairs] fetching: https://api.solpulse.trade/api/new-pairs @ https://solpulse.trade/assets/main-_i6vfeq4.js:1943
[ 2883403ms] [LOG] [useNewPairs] response status: 200 ok: true @ https://solpulse.trade/assets/main-_i6vfeq4.js:1943
[ 2883426ms] [LOG] [useNewPairs] parsed pairs: 500 ok: true @ https://solpulse.trade/assets/main-_i6vfeq4.js:1943
[ 2891311ms] [LOG] [useNewPairs] fetching: https://api.solpulse.trade/api/new-pairs @ https://solpulse.trade/assets/main-_i6vfeq4.js:1943
[ 2891416ms] [LOG] [useNewPairs] response status: 200 ok: true @ https://solpulse.trade/assets/main-_i6vfeq4.js:1943
[ 2891443ms] [LOG] [useNewPairs] parsed pairs: 500 ok: true @ https://solpulse.trade/assets/main-_i6vfeq4.js:1943
[ 2899311ms] [LOG] [useNewPairs] fetching: https://api.solpulse.trade/api/new-pairs @ https://solpulse.trade/assets/main-_i6vfeq4.js:1943
[ 2899406ms] [LOG] [useNewPairs] response status: 200 ok: true @ https://solpulse.trade/assets/main-_i6vfeq4.js:1943
[ 2899434ms] [LOG] [useNewPairs] parsed pairs: 500 ok: true @ https://solpulse.trade/assets/main-_i6vfeq4.js:1943
[ 2907312ms] [LOG] [useNewPairs] fetching: https://api.solpulse.trade/api/new-pairs @ https://solpulse.trade/assets/main-_i6vfeq4.js:1943
[ 2907399ms] [LOG] [useNewPairs] response status: 200 ok: true @ https://solpulse.trade/assets/main-_i6vfeq4.js:1943
[ 2907426ms] [LOG] [useNewPairs] parsed pairs: 500 ok: true @ https://solpulse.trade/assets/main-_i6vfeq4.js:1943
[ 2915312ms] [LOG] [useNewPairs] fetching: https://api.solpulse.trade/api/new-pairs @ https://solpulse.trade/assets/main-_i6vfeq4.js:1943
[ 2915398ms] [LOG] [useNewPairs] response status: 200 ok: true @ https://solpulse.trade/assets/main-_i6vfeq4.js:1943
[ 2915424ms] [LOG] [useNewPairs] parsed pairs: 500 ok: true @ https://solpulse.trade/assets/main-_i6vfeq4.js:1943
[ 2915536ms] [ERROR] Failed to load resource: net::ERR_BLOCKED_BY_RESPONSE.NotSameOrigin @ https://ipfs.io/ipfs/bafkreibyb3hcn7gglvdqpmklfev3fut3eqv3kje54l3to3xzxxbgpt5wjm:0
[ 2923312ms] [LOG] [useNewPairs] fetching: https://api.solpulse.trade/api/new-pairs @ https://solpulse.trade/assets/main-_i6vfeq4.js:1943
[ 2923407ms] [LOG] [useNewPairs] response status: 200 ok: true @ https://solpulse.trade/assets/main-_i6vfeq4.js:1943
[ 2923435ms] [LOG] [useNewPairs] parsed pairs: 500 ok: true @ https://solpulse.trade/assets/main-_i6vfeq4.js:1943
[ 2931312ms] [LOG] [useNewPairs] fetching: https://api.solpulse.trade/api/new-pairs @ https://solpulse.trade/assets/main-_i6vfeq4.js:1943
[ 2931413ms] [LOG] [useNewPairs] response status: 200 ok: true @ https://solpulse.trade/assets/main-_i6vfeq4.js:1943
[ 2931444ms] [LOG] [useNewPairs] parsed pairs: 500 ok: true @ https://solpulse.trade/assets/main-_i6vfeq4.js:1943
[ 2939311ms] [LOG] [useNewPairs] fetching: https://api.solpulse.trade/api/new-pairs @ https://solpulse.trade/assets/main-_i6vfeq4.js:1943
[ 2939399ms] [LOG] [useNewPairs] response status: 200 ok: true @ https://solpulse.trade/assets/main-_i6vfeq4.js:1943
[ 2939412ms] [LOG] [useNewPairs] parsed pairs: 500 ok: true @ https://solpulse.trade/assets/main-_i6vfeq4.js:1943
[ 2947312ms] [LOG] [useNewPairs] fetching: https://api.solpulse.trade/api/new-pairs @ https://solpulse.trade/assets/main-_i6vfeq4.js:1943
[ 2947396ms] [LOG] [useNewPairs] response status: 200 ok: true @ https://solpulse.trade/assets/main-_i6vfeq4.js:1943
[ 2947410ms] [LOG] [useNewPairs] parsed pairs: 500 ok: true @ https://solpulse.trade/assets/main-_i6vfeq4.js:1943
[ 2955312ms] [LOG] [useNewPairs] fetching: https://api.solpulse.trade/api/new-pairs @ https://solpulse.trade/assets/main-_i6vfeq4.js:1943
[ 2955404ms] [LOG] [useNewPairs] response status: 200 ok: true @ https://solpulse.trade/assets/main-_i6vfeq4.js:1943
[ 2955430ms] [LOG] [useNewPairs] parsed pairs: 500 ok: true @ https://solpulse.trade/assets/main-_i6vfeq4.js:1943
[ 2963312ms] [LOG] [useNewPairs] fetching: https://api.solpulse.trade/api/new-pairs @ https://solpulse.trade/assets/main-_i6vfeq4.js:1943
[ 2963445ms] [LOG] [useNewPairs] response status: 200 ok: true @ https://solpulse.trade/assets/main-_i6vfeq4.js:1943
[ 2963469ms] [LOG] [useNewPairs] parsed pairs: 500 ok: true @ https://solpulse.trade/assets/main-_i6vfeq4.js:1943
[ 2971311ms] [LOG] [useNewPairs] fetching: https://api.solpulse.trade/api/new-pairs @ https://solpulse.trade/assets/main-_i6vfeq4.js:1943
[ 2971399ms] [LOG] [useNewPairs] response status: 200 ok: true @ https://solpulse.trade/assets/main-_i6vfeq4.js:1943
[ 2971425ms] [LOG] [useNewPairs] parsed pairs: 500 ok: true @ https://solpulse.trade/assets/main-_i6vfeq4.js:1943
[ 2979310ms] [LOG] [useNewPairs] fetching: https://api.solpulse.trade/api/new-pairs @ https://solpulse.trade/assets/main-_i6vfeq4.js:1943
[ 2979410ms] [LOG] [useNewPairs] response status: 200 ok: true @ https://solpulse.trade/assets/main-_i6vfeq4.js:1943
[ 2979441ms] [LOG] [useNewPairs] parsed pairs: 500 ok: true @ https://solpulse.trade/assets/main-_i6vfeq4.js:1943
[ 2979568ms] [ERROR] Failed to load resource: net::ERR_BLOCKED_BY_RESPONSE.NotSameOrigin @ https://ipfs.io/ipfs/bafkreiad5qxpyggicwyqluqqidqoezq4vb3e7rwz56it3bxhtgrsicmfjm:0
[ 2987312ms] [LOG] [useNewPairs] fetching: https://api.solpulse.trade/api/new-pairs @ https://solpulse.trade/assets/main-_i6vfeq4.js:1943
[ 2987407ms] [LOG] [useNewPairs] response status: 200 ok: true @ https://solpulse.trade/assets/main-_i6vfeq4.js:1943
[ 2987433ms] [LOG] [useNewPairs] parsed pairs: 500 ok: true @ https://solpulse.trade/assets/main-_i6vfeq4.js:1943
[ 2995312ms] [LOG] [useNewPairs] fetching: https://api.solpulse.trade/api/new-pairs @ https://solpulse.trade/assets/main-_i6vfeq4.js:1943
[ 2995404ms] [LOG] [useNewPairs] response status: 200 ok: true @ https://solpulse.trade/assets/main-_i6vfeq4.js:1943
[ 2995419ms] [LOG] [useNewPairs] parsed pairs: 500 ok: true @ https://solpulse.trade/assets/main-_i6vfeq4.js:1943
[ 3003312ms] [LOG] [useNewPairs] fetching: https://api.solpulse.trade/api/new-pairs @ https://solpulse.trade/assets/main-_i6vfeq4.js:1943
[ 3003402ms] [LOG] [useNewPairs] response status: 200 ok: true @ https://solpulse.trade/assets/main-_i6vfeq4.js:1943
[ 3003412ms] [LOG] [useNewPairs] parsed pairs: 500 ok: true @ https://solpulse.trade/assets/main-_i6vfeq4.js:1943
[ 3011311ms] [LOG] [useNewPairs] fetching: https://api.solpulse.trade/api/new-pairs @ https://solpulse.trade/assets/main-_i6vfeq4.js:1943
[ 3011393ms] [LOG] [useNewPairs] response status: 200 ok: true @ https://solpulse.trade/assets/main-_i6vfeq4.js:1943
[ 3011403ms] [LOG] [useNewPairs] parsed pairs: 500 ok: true @ https://solpulse.trade/assets/main-_i6vfeq4.js:1943
[ 3019310ms] [LOG] [useNewPairs] fetching: https://api.solpulse.trade/api/new-pairs @ https://solpulse.trade/assets/main-_i6vfeq4.js:1943
[ 3019416ms] [LOG] [useNewPairs] response status: 200 ok: true @ https://solpulse.trade/assets/main-_i6vfeq4.js:1943
[ 3019444ms] [LOG] [useNewPairs] parsed pairs: 500 ok: true @ https://solpulse.trade/assets/main-_i6vfeq4.js:1943
[ 3027311ms] [LOG] [useNewPairs] fetching: https://api.solpulse.trade/api/new-pairs @ https://solpulse.trade/assets/main-_i6vfeq4.js:1943
[ 3027407ms] [LOG] [useNewPairs] response status: 200 ok: true @ https://solpulse.trade/assets/main-_i6vfeq4.js:1943
[ 3027435ms] [LOG] [useNewPairs] parsed pairs: 500 ok: true @ https://solpulse.trade/assets/main-_i6vfeq4.js:1943
[ 3035313ms] [LOG] [useNewPairs] fetching: https://api.solpulse.trade/api/new-pairs @ https://solpulse.trade/assets/main-_i6vfeq4.js:1943
[ 3035404ms] [LOG] [useNewPairs] response status: 200 ok: true @ https://solpulse.trade/assets/main-_i6vfeq4.js:1943
[ 3035415ms] [LOG] [useNewPairs] parsed pairs: 500 ok: true @ https://solpulse.trade/assets/main-_i6vfeq4.js:1943
[ 3043312ms] [LOG] [useNewPairs] fetching: https://api.solpulse.trade/api/new-pairs @ https://solpulse.trade/assets/main-_i6vfeq4.js:1943
[ 3043401ms] [LOG] [useNewPairs] response status: 200 ok: true @ https://solpulse.trade/assets/main-_i6vfeq4.js:1943
[ 3043413ms] [LOG] [useNewPairs] parsed pairs: 500 ok: true @ https://solpulse.trade/assets/main-_i6vfeq4.js:1943
[ 3043546ms] [ERROR] Failed to load resource: net::ERR_BLOCKED_BY_RESPONSE.NotSameOrigin @ https://ipfs.io/ipfs/bafkreibyb3hcn7gglvdqpmklfev3fut3eqv3kje54l3to3xzxxbgpt5wjm:0
[ 3051312ms] [LOG] [useNewPairs] fetching: https://api.solpulse.trade/api/new-pairs @ https://solpulse.trade/assets/main-_i6vfeq4.js:1943
[ 3051417ms] [LOG] [useNewPairs] response status: 200 ok: true @ https://solpulse.trade/assets/main-_i6vfeq4.js:1943
[ 3051442ms] [LOG] [useNewPairs] parsed pairs: 500 ok: true @ https://solpulse.trade/assets/main-_i6vfeq4.js:1943
[ 3059312ms] [LOG] [useNewPairs] fetching: https://api.solpulse.trade/api/new-pairs @ https://solpulse.trade/assets/main-_i6vfeq4.js:1943
[ 3059384ms] [LOG] [useNewPairs] response status: 200 ok: true @ https://solpulse.trade/assets/main-_i6vfeq4.js:1943
[ 3059400ms] [LOG] [useNewPairs] parsed pairs: 500 ok: true @ https://solpulse.trade/assets/main-_i6vfeq4.js:1943
[ 3067312ms] [LOG] [useNewPairs] fetching: https://api.solpulse.trade/api/new-pairs @ https://solpulse.trade/assets/main-_i6vfeq4.js:1943
[ 3067407ms] [LOG] [useNewPairs] response status: 200 ok: true @ https://solpulse.trade/assets/main-_i6vfeq4.js:1943
[ 3067431ms] [LOG] [useNewPairs] parsed pairs: 500 ok: true @ https://solpulse.trade/assets/main-_i6vfeq4.js:1943
[ 3075312ms] [LOG] [useNewPairs] fetching: https://api.solpulse.trade/api/new-pairs @ https://solpulse.trade/assets/main-_i6vfeq4.js:1943
[ 3075396ms] [LOG] [useNewPairs] response status: 200 ok: true @ https://solpulse.trade/assets/main-_i6vfeq4.js:1943
[ 3075424ms] [LOG] [useNewPairs] parsed pairs: 500 ok: true @ https://solpulse.trade/assets/main-_i6vfeq4.js:1943
[ 3075518ms] [ERROR] Failed to load resource: net::ERR_BLOCKED_BY_RESPONSE.NotSameOrigin @ https://ipfs.io/ipfs/QmW6gMCMsJqrYKyksJMdYdADrd23K4QJehrgcEPs1peWgs:0
[ 3083312ms] [LOG] [useNewPairs] fetching: https://api.solpulse.trade/api/new-pairs @ https://solpulse.trade/assets/main-_i6vfeq4.js:1943
[ 3083397ms] [LOG] [useNewPairs] response status: 200 ok: true @ https://solpulse.trade/assets/main-_i6vfeq4.js:1943
[ 3083422ms] [LOG] [useNewPairs] parsed pairs: 500 ok: true @ https://solpulse.trade/assets/main-_i6vfeq4.js:1943
[ 3091311ms] [LOG] [useNewPairs] fetching: https://api.solpulse.trade/api/new-pairs @ https://solpulse.trade/assets/main-_i6vfeq4.js:1943
[ 3091408ms] [LOG] [useNewPairs] response status: 200 ok: true @ https://solpulse.trade/assets/main-_i6vfeq4.js:1943
[ 3091418ms] [LOG] [useNewPairs] parsed pairs: 500 ok: true @ https://solpulse.trade/assets/main-_i6vfeq4.js:1943
[ 3099311ms] [LOG] [useNewPairs] fetching: https://api.solpulse.trade/api/new-pairs @ https://solpulse.trade/assets/main-_i6vfeq4.js:1943
[ 3099414ms] [LOG] [useNewPairs] response status: 200 ok: true @ https://solpulse.trade/assets/main-_i6vfeq4.js:1943
[ 3099442ms] [LOG] [useNewPairs] parsed pairs: 500 ok: true @ https://solpulse.trade/assets/main-_i6vfeq4.js:1943
[ 3107313ms] [LOG] [useNewPairs] fetching: https://api.solpulse.trade/api/new-pairs @ https://solpulse.trade/assets/main-_i6vfeq4.js:1943
[ 3107383ms] [LOG] [useNewPairs] response status: 200 ok: true @ https://solpulse.trade/assets/main-_i6vfeq4.js:1943
[ 3107398ms] [LOG] [useNewPairs] parsed pairs: 500 ok: true @ https://solpulse.trade/assets/main-_i6vfeq4.js:1943
[ 3115310ms] [LOG] [useNewPairs] fetching: https://api.solpulse.trade/api/new-pairs @ https://solpulse.trade/assets/main-_i6vfeq4.js:1943
[ 3115403ms] [LOG] [useNewPairs] response status: 200 ok: true @ https://solpulse.trade/assets/main-_i6vfeq4.js:1943
[ 3115430ms] [LOG] [useNewPairs] parsed pairs: 500 ok: true @ https://solpulse.trade/assets/main-_i6vfeq4.js:1943
[ 3123312ms] [LOG] [useNewPairs] fetching: https://api.solpulse.trade/api/new-pairs @ https://solpulse.trade/assets/main-_i6vfeq4.js:1943
[ 3123408ms] [LOG] [useNewPairs] response status: 200 ok: true @ https://solpulse.trade/assets/main-_i6vfeq4.js:1943
[ 3123433ms] [LOG] [useNewPairs] parsed pairs: 500 ok: true @ https://solpulse.trade/assets/main-_i6vfeq4.js:1943
[ 3131312ms] [LOG] [useNewPairs] fetching: https://api.solpulse.trade/api/new-pairs @ https://solpulse.trade/assets/main-_i6vfeq4.js:1943
[ 3131402ms] [LOG] [useNewPairs] response status: 200 ok: true @ https://solpulse.trade/assets/main-_i6vfeq4.js:1943
[ 3131433ms] [LOG] [useNewPairs] parsed pairs: 500 ok: true @ https://solpulse.trade/assets/main-_i6vfeq4.js:1943
[ 3139312ms] [LOG] [useNewPairs] fetching: https://api.solpulse.trade/api/new-pairs @ https://solpulse.trade/assets/main-_i6vfeq4.js:1943
[ 3139403ms] [LOG] [useNewPairs] response status: 200 ok: true @ https://solpulse.trade/assets/main-_i6vfeq4.js:1943
[ 3139413ms] [LOG] [useNewPairs] parsed pairs: 500 ok: true @ https://solpulse.trade/assets/main-_i6vfeq4.js:1943
[ 3147311ms] [LOG] [useNewPairs] fetching: https://api.solpulse.trade/api/new-pairs @ https://solpulse.trade/assets/main-_i6vfeq4.js:1943
[ 3147400ms] [LOG] [useNewPairs] response status: 200 ok: true @ https://solpulse.trade/assets/main-_i6vfeq4.js:1943
[ 3147422ms] [LOG] [useNewPairs] parsed pairs: 500 ok: true @ https://solpulse.trade/assets/main-_i6vfeq4.js:1943
[ 3155312ms] [LOG] [useNewPairs] fetching: https://api.solpulse.trade/api/new-pairs @ https://solpulse.trade/assets/main-_i6vfeq4.js:1943
[ 3155407ms] [LOG] [useNewPairs] response status: 200 ok: true @ https://solpulse.trade/assets/main-_i6vfeq4.js:1943
[ 3155436ms] [LOG] [useNewPairs] parsed pairs: 500 ok: true @ https://solpulse.trade/assets/main-_i6vfeq4.js:1943
[ 3163311ms] [LOG] [useNewPairs] fetching: https://api.solpulse.trade/api/new-pairs @ https://solpulse.trade/assets/main-_i6vfeq4.js:1943
[ 3163385ms] [LOG] [useNewPairs] response status: 200 ok: true @ https://solpulse.trade/assets/main-_i6vfeq4.js:1943
[ 3163403ms] [LOG] [useNewPairs] parsed pairs: 500 ok: true @ https://solpulse.trade/assets/main-_i6vfeq4.js:1943
[ 3171313ms] [LOG] [useNewPairs] fetching: https://api.solpulse.trade/api/new-pairs @ https://solpulse.trade/assets/main-_i6vfeq4.js:1943
[ 3171386ms] [LOG] [useNewPairs] response status: 200 ok: true @ https://solpulse.trade/assets/main-_i6vfeq4.js:1943
[ 3171395ms] [LOG] [useNewPairs] parsed pairs: 500 ok: true @ https://solpulse.trade/assets/main-_i6vfeq4.js:1943
[ 3179312ms] [LOG] [useNewPairs] fetching: https://api.solpulse.trade/api/new-pairs @ https://solpulse.trade/assets/main-_i6vfeq4.js:1943
[ 3179403ms] [LOG] [useNewPairs] response status: 200 ok: true @ https://solpulse.trade/assets/main-_i6vfeq4.js:1943
[ 3179429ms] [LOG] [useNewPairs] parsed pairs: 500 ok: true @ https://solpulse.trade/assets/main-_i6vfeq4.js:1943
[ 3187312ms] [LOG] [useNewPairs] fetching: https://api.solpulse.trade/api/new-pairs @ https://solpulse.trade/assets/main-_i6vfeq4.js:1943
[ 3187390ms] [LOG] [useNewPairs] response status: 200 ok: true @ https://solpulse.trade/assets/main-_i6vfeq4.js:1943
[ 3187408ms] [LOG] [useNewPairs] parsed pairs: 500 ok: true @ https://solpulse.trade/assets/main-_i6vfeq4.js:1943
[ 3195313ms] [LOG] [useNewPairs] fetching: https://api.solpulse.trade/api/new-pairs @ https://solpulse.trade/assets/main-_i6vfeq4.js:1943
[ 3195409ms] [LOG] [useNewPairs] response status: 200 ok: true @ https://solpulse.trade/assets/main-_i6vfeq4.js:1943
[ 3195424ms] [LOG] [useNewPairs] parsed pairs: 500 ok: true @ https://solpulse.trade/assets/main-_i6vfeq4.js:1943
[ 3203312ms] [LOG] [useNewPairs] fetching: https://api.solpulse.trade/api/new-pairs @ https://solpulse.trade/assets/main-_i6vfeq4.js:1943
[ 3203391ms] [LOG] [useNewPairs] response status: 200 ok: true @ https://solpulse.trade/assets/main-_i6vfeq4.js:1943
[ 3203404ms] [LOG] [useNewPairs] parsed pairs: 500 ok: true @ https://solpulse.trade/assets/main-_i6vfeq4.js:1943
[ 3203507ms] [ERROR] Failed to load resource: net::ERR_SSL_PROTOCOL_ERROR @ https://gateway.irys.xyz/2eL2KwapnFve8ybxeidxtUJ9YJaPbtEMmK1W54cura9P:0
[ 3211311ms] [LOG] [useNewPairs] fetching: https://api.solpulse.trade/api/new-pairs @ https://solpulse.trade/assets/main-_i6vfeq4.js:1943
[ 3211414ms] [LOG] [useNewPairs] response status: 200 ok: true @ https://solpulse.trade/assets/main-_i6vfeq4.js:1943
[ 3211440ms] [LOG] [useNewPairs] parsed pairs: 500 ok: true @ https://solpulse.trade/assets/main-_i6vfeq4.js:1943
[ 3219311ms] [LOG] [useNewPairs] fetching: https://api.solpulse.trade/api/new-pairs @ https://solpulse.trade/assets/main-_i6vfeq4.js:1943
[ 3219412ms] [LOG] [useNewPairs] response status: 200 ok: true @ https://solpulse.trade/assets/main-_i6vfeq4.js:1943
[ 3219440ms] [LOG] [useNewPairs] parsed pairs: 500 ok: true @ https://solpulse.trade/assets/main-_i6vfeq4.js:1943
[ 3227312ms] [LOG] [useNewPairs] fetching: https://api.solpulse.trade/api/new-pairs @ https://solpulse.trade/assets/main-_i6vfeq4.js:1943
[ 3227411ms] [LOG] [useNewPairs] response status: 200 ok: true @ https://solpulse.trade/assets/main-_i6vfeq4.js:1943
[ 3227435ms] [LOG] [useNewPairs] parsed pairs: 500 ok: true @ https://solpulse.trade/assets/main-_i6vfeq4.js:1943
[ 3235312ms] [LOG] [useNewPairs] fetching: https://api.solpulse.trade/api/new-pairs @ https://solpulse.trade/assets/main-_i6vfeq4.js:1943
[ 3235389ms] [LOG] [useNewPairs] response status: 200 ok: true @ https://solpulse.trade/assets/main-_i6vfeq4.js:1943
[ 3235399ms] [LOG] [useNewPairs] parsed pairs: 500 ok: true @ https://solpulse.trade/assets/main-_i6vfeq4.js:1943
[ 3243312ms] [LOG] [useNewPairs] fetching: https://api.solpulse.trade/api/new-pairs @ https://solpulse.trade/assets/main-_i6vfeq4.js:1943
[ 3243412ms] [LOG] [useNewPairs] response status: 200 ok: true @ https://solpulse.trade/assets/main-_i6vfeq4.js:1943
[ 3243434ms] [LOG] [useNewPairs] parsed pairs: 500 ok: true @ https://solpulse.trade/assets/main-_i6vfeq4.js:1943
[ 3251313ms] [LOG] [useNewPairs] fetching: https://api.solpulse.trade/api/new-pairs @ https://solpulse.trade/assets/main-_i6vfeq4.js:1943
[ 3251389ms] [LOG] [useNewPairs] response status: 200 ok: true @ https://solpulse.trade/assets/main-_i6vfeq4.js:1943
[ 3251399ms] [LOG] [useNewPairs] parsed pairs: 500 ok: true @ https://solpulse.trade/assets/main-_i6vfeq4.js:1943
[ 3259313ms] [LOG] [useNewPairs] fetching: https://api.solpulse.trade/api/new-pairs @ https://solpulse.trade/assets/main-_i6vfeq4.js:1943
[ 3259405ms] [LOG] [useNewPairs] response status: 200 ok: true @ https://solpulse.trade/assets/main-_i6vfeq4.js:1943
[ 3259412ms] [LOG] [useNewPairs] parsed pairs: 500 ok: true @ https://solpulse.trade/assets/main-_i6vfeq4.js:1943
[ 3267313ms] [LOG] [useNewPairs] fetching: https://api.solpulse.trade/api/new-pairs @ https://solpulse.trade/assets/main-_i6vfeq4.js:1943
[ 3267394ms] [LOG] [useNewPairs] response status: 200 ok: true @ https://solpulse.trade/assets/main-_i6vfeq4.js:1943
[ 3267403ms] [LOG] [useNewPairs] parsed pairs: 500 ok: true @ https://solpulse.trade/assets/main-_i6vfeq4.js:1943
[ 3275313ms] [LOG] [useNewPairs] fetching: https://api.solpulse.trade/api/new-pairs @ https://solpulse.trade/assets/main-_i6vfeq4.js:1943
[ 3275407ms] [LOG] [useNewPairs] response status: 200 ok: true @ https://solpulse.trade/assets/main-_i6vfeq4.js:1943
[ 3275433ms] [LOG] [useNewPairs] parsed pairs: 500 ok: true @ https://solpulse.trade/assets/main-_i6vfeq4.js:1943
[ 3283312ms] [LOG] [useNewPairs] fetching: https://api.solpulse.trade/api/new-pairs @ https://solpulse.trade/assets/main-_i6vfeq4.js:1943
[ 3283405ms] [LOG] [useNewPairs] response status: 200 ok: true @ https://solpulse.trade/assets/main-_i6vfeq4.js:1943
[ 3283431ms] [LOG] [useNewPairs] parsed pairs: 500 ok: true @ https://solpulse.trade/assets/main-_i6vfeq4.js:1943
[ 3291313ms] [LOG] [useNewPairs] fetching: https://api.solpulse.trade/api/new-pairs @ https://solpulse.trade/assets/main-_i6vfeq4.js:1943
[ 3291405ms] [LOG] [useNewPairs] response status: 200 ok: true @ https://solpulse.trade/assets/main-_i6vfeq4.js:1943
[ 3291431ms] [LOG] [useNewPairs] parsed pairs: 500 ok: true @ https://solpulse.trade/assets/main-_i6vfeq4.js:1943
[ 3299313ms] [LOG] [useNewPairs] fetching: https://api.solpulse.trade/api/new-pairs @ https://solpulse.trade/assets/main-_i6vfeq4.js:1943
[ 3299394ms] [LOG] [useNewPairs] response status: 200 ok: true @ https://solpulse.trade/assets/main-_i6vfeq4.js:1943
[ 3299407ms] [LOG] [useNewPairs] parsed pairs: 500 ok: true @ https://solpulse.trade/assets/main-_i6vfeq4.js:1943
[ 3299451ms] [ERROR] Failed to load resource: net::ERR_SSL_PROTOCOL_ERROR @ https://gateway.irys.xyz/4DBRk591Pq47C8m0emANJHpCpy3f5vOvurcd8YW-ExU:0
[ 3307313ms] [LOG] [useNewPairs] fetching: https://api.solpulse.trade/api/new-pairs @ https://solpulse.trade/assets/main-_i6vfeq4.js:1943
[ 3307461ms] [LOG] [useNewPairs] response status: 200 ok: true @ https://solpulse.trade/assets/main-_i6vfeq4.js:1943
[ 3307490ms] [LOG] [useNewPairs] parsed pairs: 500 ok: true @ https://solpulse.trade/assets/main-_i6vfeq4.js:1943
[ 3315312ms] [LOG] [useNewPairs] fetching: https://api.solpulse.trade/api/new-pairs @ https://solpulse.trade/assets/main-_i6vfeq4.js:1943
[ 3315398ms] [LOG] [useNewPairs] response status: 200 ok: true @ https://solpulse.trade/assets/main-_i6vfeq4.js:1943
[ 3315409ms] [LOG] [useNewPairs] parsed pairs: 500 ok: true @ https://solpulse.trade/assets/main-_i6vfeq4.js:1943
[ 3323312ms] [LOG] [useNewPairs] fetching: https://api.solpulse.trade/api/new-pairs @ https://solpulse.trade/assets/main-_i6vfeq4.js:1943
[ 3323412ms] [LOG] [useNewPairs] response status: 200 ok: true @ https://solpulse.trade/assets/main-_i6vfeq4.js:1943
[ 3323438ms] [LOG] [useNewPairs] parsed pairs: 500 ok: true @ https://solpulse.trade/assets/main-_i6vfeq4.js:1943
[ 3331313ms] [LOG] [useNewPairs] fetching: https://api.solpulse.trade/api/new-pairs @ https://solpulse.trade/assets/main-_i6vfeq4.js:1943
[ 3331400ms] [LOG] [useNewPairs] response status: 200 ok: true @ https://solpulse.trade/assets/main-_i6vfeq4.js:1943
[ 3331427ms] [LOG] [useNewPairs] parsed pairs: 500 ok: true @ https://solpulse.trade/assets/main-_i6vfeq4.js:1943
[ 3339313ms] [LOG] [useNewPairs] fetching: https://api.solpulse.trade/api/new-pairs @ https://solpulse.trade/assets/main-_i6vfeq4.js:1943
[ 3339406ms] [LOG] [useNewPairs] response status: 200 ok: true @ https://solpulse.trade/assets/main-_i6vfeq4.js:1943
[ 3339433ms] [LOG] [useNewPairs] parsed pairs: 500 ok: true @ https://solpulse.trade/assets/main-_i6vfeq4.js:1943
[ 3347313ms] [LOG] [useNewPairs] fetching: https://api.solpulse.trade/api/new-pairs @ https://solpulse.trade/assets/main-_i6vfeq4.js:1943
[ 3347401ms] [LOG] [useNewPairs] response status: 200 ok: true @ https://solpulse.trade/assets/main-_i6vfeq4.js:1943
[ 3347422ms] [LOG] [useNewPairs] parsed pairs: 500 ok: true @ https://solpulse.trade/assets/main-_i6vfeq4.js:1943
[ 3355313ms] [LOG] [useNewPairs] fetching: https://api.solpulse.trade/api/new-pairs @ https://solpulse.trade/assets/main-_i6vfeq4.js:1943
[ 3355405ms] [LOG] [useNewPairs] response status: 200 ok: true @ https://solpulse.trade/assets/main-_i6vfeq4.js:1943
[ 3355429ms] [LOG] [useNewPairs] parsed pairs: 500 ok: true @ https://solpulse.trade/assets/main-_i6vfeq4.js:1943
[ 3363313ms] [LOG] [useNewPairs] fetching: https://api.solpulse.trade/api/new-pairs @ https://solpulse.trade/assets/main-_i6vfeq4.js:1943
[ 3363401ms] [LOG] [useNewPairs] response status: 200 ok: true @ https://solpulse.trade/assets/main-_i6vfeq4.js:1943
[ 3363425ms] [LOG] [useNewPairs] parsed pairs: 500 ok: true @ https://solpulse.trade/assets/main-_i6vfeq4.js:1943
[ 3363566ms] [ERROR] Failed to load resource: net::ERR_BLOCKED_BY_RESPONSE.NotSameOrigin @ https://ipfs.io/ipfs/QmdsH8JovuBP2oh41sGa2hkfaqEteN3cYuSe17UJJbfQmu:0
[ 3371312ms] [LOG] [useNewPairs] fetching: https://api.solpulse.trade/api/new-pairs @ https://solpulse.trade/assets/main-_i6vfeq4.js:1943
[ 3371404ms] [LOG] [useNewPairs] response status: 200 ok: true @ https://solpulse.trade/assets/main-_i6vfeq4.js:1943
[ 3371431ms] [LOG] [useNewPairs] parsed pairs: 500 ok: true @ https://solpulse.trade/assets/main-_i6vfeq4.js:1943
[ 3379311ms] [LOG] [useNewPairs] fetching: https://api.solpulse.trade/api/new-pairs @ https://solpulse.trade/assets/main-_i6vfeq4.js:1943
[ 3379407ms] [LOG] [useNewPairs] response status: 200 ok: true @ https://solpulse.trade/assets/main-_i6vfeq4.js:1943
[ 3379429ms] [LOG] [useNewPairs] parsed pairs: 500 ok: true @ https://solpulse.trade/assets/main-_i6vfeq4.js:1943
[ 3387313ms] [LOG] [useNewPairs] fetching: https://api.solpulse.trade/api/new-pairs @ https://solpulse.trade/assets/main-_i6vfeq4.js:1943
[ 3387399ms] [LOG] [useNewPairs] response status: 200 ok: true @ https://solpulse.trade/assets/main-_i6vfeq4.js:1943
[ 3387429ms] [LOG] [useNewPairs] parsed pairs: 500 ok: true @ https://solpulse.trade/assets/main-_i6vfeq4.js:1943
[ 3395313ms] [LOG] [useNewPairs] fetching: https://api.solpulse.trade/api/new-pairs @ https://solpulse.trade/assets/main-_i6vfeq4.js:1943
[ 3395404ms] [LOG] [useNewPairs] response status: 200 ok: true @ https://solpulse.trade/assets/main-_i6vfeq4.js:1943
[ 3395433ms] [LOG] [useNewPairs] parsed pairs: 500 ok: true @ https://solpulse.trade/assets/main-_i6vfeq4.js:1943
[ 3403311ms] [LOG] [useNewPairs] fetching: https://api.solpulse.trade/api/new-pairs @ https://solpulse.trade/assets/main-_i6vfeq4.js:1943
[ 3403433ms] [LOG] [useNewPairs] response status: 200 ok: true @ https://solpulse.trade/assets/main-_i6vfeq4.js:1943
[ 3403454ms] [LOG] [useNewPairs] parsed pairs: 500 ok: true @ https://solpulse.trade/assets/main-_i6vfeq4.js:1943
[ 3411313ms] [LOG] [useNewPairs] fetching: https://api.solpulse.trade/api/new-pairs @ https://solpulse.trade/assets/main-_i6vfeq4.js:1943
[ 3411412ms] [LOG] [useNewPairs] response status: 200 ok: true @ https://solpulse.trade/assets/main-_i6vfeq4.js:1943
[ 3411436ms] [LOG] [useNewPairs] parsed pairs: 500 ok: true @ https://solpulse.trade/assets/main-_i6vfeq4.js:1943
[ 3419312ms] [LOG] [useNewPairs] fetching: https://api.solpulse.trade/api/new-pairs @ https://solpulse.trade/assets/main-_i6vfeq4.js:1943
[ 3419401ms] [LOG] [useNewPairs] response status: 200 ok: true @ https://solpulse.trade/assets/main-_i6vfeq4.js:1943
[ 3419428ms] [LOG] [useNewPairs] parsed pairs: 500 ok: true @ https://solpulse.trade/assets/main-_i6vfeq4.js:1943
[ 3427311ms] [LOG] [useNewPairs] fetching: https://api.solpulse.trade/api/new-pairs @ https://solpulse.trade/assets/main-_i6vfeq4.js:1943
[ 3427397ms] [LOG] [useNewPairs] response status: 200 ok: true @ https://solpulse.trade/assets/main-_i6vfeq4.js:1943
[ 3427422ms] [LOG] [useNewPairs] parsed pairs: 500 ok: true @ https://solpulse.trade/assets/main-_i6vfeq4.js:1943
[ 3427539ms] [ERROR] Failed to load resource: net::ERR_BLOCKED_BY_RESPONSE.NotSameOrigin @ https://ipfs.io/ipfs/bafybeihrsncmmraplwt3ss5ghaefagx2jb75ofno7yyjiqay2otzsgi25u:0
[ 3435313ms] [LOG] [useNewPairs] fetching: https://api.solpulse.trade/api/new-pairs @ https://solpulse.trade/assets/main-_i6vfeq4.js:1943
[ 3435403ms] [LOG] [useNewPairs] response status: 200 ok: true @ https://solpulse.trade/assets/main-_i6vfeq4.js:1943
[ 3435428ms] [LOG] [useNewPairs] parsed pairs: 500 ok: true @ https://solpulse.trade/assets/main-_i6vfeq4.js:1943
[ 3443313ms] [LOG] [useNewPairs] fetching: https://api.solpulse.trade/api/new-pairs @ https://solpulse.trade/assets/main-_i6vfeq4.js:1943
[ 3443399ms] [LOG] [useNewPairs] response status: 200 ok: true @ https://solpulse.trade/assets/main-_i6vfeq4.js:1943
[ 3443425ms] [LOG] [useNewPairs] parsed pairs: 500 ok: true @ https://solpulse.trade/assets/main-_i6vfeq4.js:1943
[ 3451312ms] [LOG] [useNewPairs] fetching: https://api.solpulse.trade/api/new-pairs @ https://solpulse.trade/assets/main-_i6vfeq4.js:1943
[ 3451402ms] [LOG] [useNewPairs] response status: 200 ok: true @ https://solpulse.trade/assets/main-_i6vfeq4.js:1943
[ 3451429ms] [LOG] [useNewPairs] parsed pairs: 500 ok: true @ https://solpulse.trade/assets/main-_i6vfeq4.js:1943
[ 3459313ms] [LOG] [useNewPairs] fetching: https://api.solpulse.trade/api/new-pairs @ https://solpulse.trade/assets/main-_i6vfeq4.js:1943
[ 3459401ms] [LOG] [useNewPairs] response status: 200 ok: true @ https://solpulse.trade/assets/main-_i6vfeq4.js:1943
[ 3459427ms] [LOG] [useNewPairs] parsed pairs: 500 ok: true @ https://solpulse.trade/assets/main-_i6vfeq4.js:1943
[ 3467313ms] [LOG] [useNewPairs] fetching: https://api.solpulse.trade/api/new-pairs @ https://solpulse.trade/assets/main-_i6vfeq4.js:1943
[ 3467399ms] [LOG] [useNewPairs] response status: 200 ok: true @ https://solpulse.trade/assets/main-_i6vfeq4.js:1943
[ 3467413ms] [LOG] [useNewPairs] parsed pairs: 500 ok: true @ https://solpulse.trade/assets/main-_i6vfeq4.js:1943
[ 3475313ms] [LOG] [useNewPairs] fetching: https://api.solpulse.trade/api/new-pairs @ https://solpulse.trade/assets/main-_i6vfeq4.js:1943
[ 3475408ms] [LOG] [useNewPairs] response status: 200 ok: true @ https://solpulse.trade/assets/main-_i6vfeq4.js:1943
[ 3475435ms] [LOG] [useNewPairs] parsed pairs: 500 ok: true @ https://solpulse.trade/assets/main-_i6vfeq4.js:1943
[ 3483313ms] [LOG] [useNewPairs] fetching: https://api.solpulse.trade/api/new-pairs @ https://solpulse.trade/assets/main-_i6vfeq4.js:1943
[ 3483402ms] [LOG] [useNewPairs] response status: 200 ok: true @ https://solpulse.trade/assets/main-_i6vfeq4.js:1943
[ 3483429ms] [LOG] [useNewPairs] parsed pairs: 500 ok: true @ https://solpulse.trade/assets/main-_i6vfeq4.js:1943
[ 3491312ms] [LOG] [useNewPairs] fetching: https://api.solpulse.trade/api/new-pairs @ https://solpulse.trade/assets/main-_i6vfeq4.js:1943
[ 3491423ms] [LOG] [useNewPairs] response status: 200 ok: true @ https://solpulse.trade/assets/main-_i6vfeq4.js:1943
[ 3491435ms] [LOG] [useNewPairs] parsed pairs: 500 ok: true @ https://solpulse.trade/assets/main-_i6vfeq4.js:1943
[ 3499313ms] [LOG] [useNewPairs] fetching: https://api.solpulse.trade/api/new-pairs @ https://solpulse.trade/assets/main-_i6vfeq4.js:1943
[ 3499416ms] [LOG] [useNewPairs] response status: 200 ok: true @ https://solpulse.trade/assets/main-_i6vfeq4.js:1943
[ 3499444ms] [LOG] [useNewPairs] parsed pairs: 500 ok: true @ https://solpulse.trade/assets/main-_i6vfeq4.js:1943
[ 3507313ms] [LOG] [useNewPairs] fetching: https://api.solpulse.trade/api/new-pairs @ https://solpulse.trade/assets/main-_i6vfeq4.js:1943
[ 3507394ms] [LOG] [useNewPairs] response status: 200 ok: true @ https://solpulse.trade/assets/main-_i6vfeq4.js:1943
[ 3507404ms] [LOG] [useNewPairs] parsed pairs: 500 ok: true @ https://solpulse.trade/assets/main-_i6vfeq4.js:1943
[ 3515313ms] [LOG] [useNewPairs] fetching: https://api.solpulse.trade/api/new-pairs @ https://solpulse.trade/assets/main-_i6vfeq4.js:1943
[ 3515390ms] [LOG] [useNewPairs] response status: 200 ok: true @ https://solpulse.trade/assets/main-_i6vfeq4.js:1943
[ 3515405ms] [LOG] [useNewPairs] parsed pairs: 500 ok: true @ https://solpulse.trade/assets/main-_i6vfeq4.js:1943
[ 3523313ms] [LOG] [useNewPairs] fetching: https://api.solpulse.trade/api/new-pairs @ https://solpulse.trade/assets/main-_i6vfeq4.js:1943
[ 3523414ms] [LOG] [useNewPairs] response status: 200 ok: true @ https://solpulse.trade/assets/main-_i6vfeq4.js:1943
[ 3523437ms] [LOG] [useNewPairs] parsed pairs: 500 ok: true @ https://solpulse.trade/assets/main-_i6vfeq4.js:1943
[ 3523507ms] [ERROR] Failed to load resource: net::ERR_BLOCKED_BY_RESPONSE.NotSameOrigin @ https://ipfs.io/ipfs/bafkreig6fzia7bawpwrodvanrgmtuiesjb7rmzpeelvt6yy5rudmxh5wve:0
[ 3531311ms] [LOG] [useNewPairs] fetching: https://api.solpulse.trade/api/new-pairs @ https://solpulse.trade/assets/main-_i6vfeq4.js:1943
[ 3531428ms] [LOG] [useNewPairs] response status: 200 ok: true @ https://solpulse.trade/assets/main-_i6vfeq4.js:1943
[ 3531448ms] [LOG] [useNewPairs] parsed pairs: 500 ok: true @ https://solpulse.trade/assets/main-_i6vfeq4.js:1943
[ 3539313ms] [LOG] [useNewPairs] fetching: https://api.solpulse.trade/api/new-pairs @ https://solpulse.trade/assets/main-_i6vfeq4.js:1943
[ 3539407ms] [LOG] [useNewPairs] response status: 200 ok: true @ https://solpulse.trade/assets/main-_i6vfeq4.js:1943
[ 3539414ms] [LOG] [useNewPairs] parsed pairs: 500 ok: true @ https://solpulse.trade/assets/main-_i6vfeq4.js:1943
[ 3547313ms] [LOG] [useNewPairs] fetching: https://api.solpulse.trade/api/new-pairs @ https://solpulse.trade/assets/main-_i6vfeq4.js:1943
[ 3547401ms] [LOG] [useNewPairs] response status: 200 ok: true @ https://solpulse.trade/assets/main-_i6vfeq4.js:1943
[ 3547427ms] [LOG] [useNewPairs] parsed pairs: 500 ok: true @ https://solpulse.trade/assets/main-_i6vfeq4.js:1943
[ 3555313ms] [LOG] [useNewPairs] fetching: https://api.solpulse.trade/api/new-pairs @ https://solpulse.trade/assets/main-_i6vfeq4.js:1943
[ 3555402ms] [LOG] [useNewPairs] response status: 200 ok: true @ https://solpulse.trade/assets/main-_i6vfeq4.js:1943
[ 3555426ms] [LOG] [useNewPairs] parsed pairs: 500 ok: true @ https://solpulse.trade/assets/main-_i6vfeq4.js:1943
[ 3555504ms] [ERROR] Failed to load resource: net::ERR_BLOCKED_BY_RESPONSE.NotSameOrigin @ https://ipfs.io/ipfs/bafybeiagpl2bnv3nlmrfgvm5jloriiddoapwdzj2v7defojgnvgtmnsid4:0
[ 3555511ms] [ERROR] Failed to load resource: net::ERR_BLOCKED_BY_RESPONSE.NotSameOrigin @ https://ipfs.io/ipfs/bafkreibsdx6pijzaased64lqswvpdq4nf7byp4j4ycuv5bdnrktaqbrmyy:0
[ 3563313ms] [LOG] [useNewPairs] fetching: https://api.solpulse.trade/api/new-pairs @ https://solpulse.trade/assets/main-_i6vfeq4.js:1943
[ 3563403ms] [LOG] [useNewPairs] response status: 200 ok: true @ https://solpulse.trade/assets/main-_i6vfeq4.js:1943
[ 3563430ms] [LOG] [useNewPairs] parsed pairs: 500 ok: true @ https://solpulse.trade/assets/main-_i6vfeq4.js:1943
[ 3571313ms] [LOG] [useNewPairs] fetching: https://api.solpulse.trade/api/new-pairs @ https://solpulse.trade/assets/main-_i6vfeq4.js:1943
[ 3571403ms] [LOG] [useNewPairs] response status: 200 ok: true @ https://solpulse.trade/assets/main-_i6vfeq4.js:1943
[ 3571420ms] [LOG] [useNewPairs] parsed pairs: 500 ok: true @ https://solpulse.trade/assets/main-_i6vfeq4.js:1943
[ 3579312ms] [LOG] [useNewPairs] fetching: https://api.solpulse.trade/api/new-pairs @ https://solpulse.trade/assets/main-_i6vfeq4.js:1943
[ 3579407ms] [LOG] [useNewPairs] response status: 200 ok: true @ https://solpulse.trade/assets/main-_i6vfeq4.js:1943
[ 3579432ms] [LOG] [useNewPairs] parsed pairs: 500 ok: true @ https://solpulse.trade/assets/main-_i6vfeq4.js:1943
[ 3587313ms] [LOG] [useNewPairs] fetching: https://api.solpulse.trade/api/new-pairs @ https://solpulse.trade/assets/main-_i6vfeq4.js:1943
[ 3587399ms] [LOG] [useNewPairs] response status: 200 ok: true @ https://solpulse.trade/assets/main-_i6vfeq4.js:1943
[ 3587423ms] [LOG] [useNewPairs] parsed pairs: 500 ok: true @ https://solpulse.trade/assets/main-_i6vfeq4.js:1943
[ 3587512ms] [ERROR] Failed to load resource: net::ERR_BLOCKED_BY_RESPONSE.NotSameOrigin @ https://ipfs.io/ipfs/QmVCcSAdkPmrL428C9gEyqZZBS7EwySEjkrvt9bkmiLSmH:0
[ 3587512ms] [ERROR] Failed to load resource: net::ERR_BLOCKED_BY_RESPONSE.NotSameOrigin @ https://ipfs.io/ipfs/QmQ6DJXQzGf66gGvDdcUUCJhGrMZkVVJx9NAngGnLSdKnr:0
[ 3595313ms] [LOG] [useNewPairs] fetching: https://api.solpulse.trade/api/new-pairs @ https://solpulse.trade/assets/main-_i6vfeq4.js:1943
[ 3595391ms] [LOG] [useNewPairs] response status: 200 ok: true @ https://solpulse.trade/assets/main-_i6vfeq4.js:1943
[ 3595400ms] [LOG] [useNewPairs] parsed pairs: 500 ok: true @ https://solpulse.trade/assets/main-_i6vfeq4.js:1943
[ 3603311ms] [LOG] [useNewPairs] fetching: https://api.solpulse.trade/api/new-pairs @ https://solpulse.trade/assets/main-_i6vfeq4.js:1943
[ 3603413ms] [LOG] [useNewPairs] response status: 200 ok: true @ https://solpulse.trade/assets/main-_i6vfeq4.js:1943
[ 3603439ms] [LOG] [useNewPairs] parsed pairs: 500 ok: true @ https://solpulse.trade/assets/main-_i6vfeq4.js:1943
[ 3611312ms] [LOG] [useNewPairs] fetching: https://api.solpulse.trade/api/new-pairs @ https://solpulse.trade/assets/main-_i6vfeq4.js:1943
[ 3611399ms] [LOG] [useNewPairs] response status: 200 ok: true @ https://solpulse.trade/assets/main-_i6vfeq4.js:1943
[ 3611411ms] [LOG] [useNewPairs] parsed pairs: 500 ok: true @ https://solpulse.trade/assets/main-_i6vfeq4.js:1943
[ 3619312ms] [LOG] [useNewPairs] fetching: https://api.solpulse.trade/api/new-pairs @ https://solpulse.trade/assets/main-_i6vfeq4.js:1943
[ 3619400ms] [LOG] [useNewPairs] response status: 200 ok: true @ https://solpulse.trade/assets/main-_i6vfeq4.js:1943
[ 3619427ms] [LOG] [useNewPairs] parsed pairs: 500 ok: true @ https://solpulse.trade/assets/main-_i6vfeq4.js:1943
[ 3619486ms] [ERROR] Failed to load resource: net::ERR_BLOCKED_BY_RESPONSE.NotSameOrigin @ https://ipfs.io/ipfs/bafkreiffjhchvxv4s3uzknf52lrbqdzcz7odfwkqgop2jkgt5z35xu5eku:0
[ 3627313ms] [LOG] [useNewPairs] fetching: https://api.solpulse.trade/api/new-pairs @ https://solpulse.trade/assets/main-_i6vfeq4.js:1943
[ 3627399ms] [LOG] [useNewPairs] response status: 200 ok: true @ https://solpulse.trade/assets/main-_i6vfeq4.js:1943
[ 3627426ms] [LOG] [useNewPairs] parsed pairs: 500 ok: true @ https://solpulse.trade/assets/main-_i6vfeq4.js:1943
[ 3635313ms] [LOG] [useNewPairs] fetching: https://api.solpulse.trade/api/new-pairs @ https://solpulse.trade/assets/main-_i6vfeq4.js:1943
[ 3635405ms] [LOG] [useNewPairs] response status: 200 ok: true @ https://solpulse.trade/assets/main-_i6vfeq4.js:1943
[ 3635431ms] [LOG] [useNewPairs] parsed pairs: 500 ok: true @ https://solpulse.trade/assets/main-_i6vfeq4.js:1943
[ 3643313ms] [LOG] [useNewPairs] fetching: https://api.solpulse.trade/api/new-pairs @ https://solpulse.trade/assets/main-_i6vfeq4.js:1943
[ 3643409ms] [LOG] [useNewPairs] response status: 200 ok: true @ https://solpulse.trade/assets/main-_i6vfeq4.js:1943
[ 3643418ms] [LOG] [useNewPairs] parsed pairs: 500 ok: true @ https://solpulse.trade/assets/main-_i6vfeq4.js:1943
[ 3651313ms] [LOG] [useNewPairs] fetching: https://api.solpulse.trade/api/new-pairs @ https://solpulse.trade/assets/main-_i6vfeq4.js:1943
[ 3651403ms] [LOG] [useNewPairs] response status: 200 ok: true @ https://solpulse.trade/assets/main-_i6vfeq4.js:1943
[ 3651414ms] [LOG] [useNewPairs] parsed pairs: 500 ok: true @ https://solpulse.trade/assets/main-_i6vfeq4.js:1943
[ 3659313ms] [LOG] [useNewPairs] fetching: https://api.solpulse.trade/api/new-pairs @ https://solpulse.trade/assets/main-_i6vfeq4.js:1943
[ 3659413ms] [LOG] [useNewPairs] response status: 200 ok: true @ https://solpulse.trade/assets/main-_i6vfeq4.js:1943
[ 3659441ms] [LOG] [useNewPairs] parsed pairs: 500 ok: true @ https://solpulse.trade/assets/main-_i6vfeq4.js:1943
[ 3667314ms] [LOG] [useNewPairs] fetching: https://api.solpulse.trade/api/new-pairs @ https://solpulse.trade/assets/main-_i6vfeq4.js:1943
[ 3667401ms] [LOG] [useNewPairs] response status: 200 ok: true @ https://solpulse.trade/assets/main-_i6vfeq4.js:1943
[ 3667414ms] [LOG] [useNewPairs] parsed pairs: 500 ok: true @ https://solpulse.trade/assets/main-_i6vfeq4.js:1943
[ 3675313ms] [LOG] [useNewPairs] fetching: https://api.solpulse.trade/api/new-pairs @ https://solpulse.trade/assets/main-_i6vfeq4.js:1943
[ 3675370ms] [ERROR] Failed to load resource: the server responded with a status of 401 () @ https://api.solpulse.trade/api/new-pairs:0
[ 3675600ms] [LOG] [useNewPairs] response status: 200 ok: true @ https://solpulse.trade/assets/main-_i6vfeq4.js:1943
[ 3675621ms] [LOG] [useNewPairs] parsed pairs: 500 ok: true @ https://solpulse.trade/assets/main-_i6vfeq4.js:1943
[ 3683313ms] [LOG] [useNewPairs] fetching: https://api.solpulse.trade/api/new-pairs @ https://solpulse.trade/assets/main-_i6vfeq4.js:1943
[ 3683415ms] [LOG] [useNewPairs] response status: 200 ok: true @ https://solpulse.trade/assets/main-_i6vfeq4.js:1943
[ 3683439ms] [LOG] [useNewPairs] parsed pairs: 500 ok: true @ https://solpulse.trade/assets/main-_i6vfeq4.js:1943
[ 3691313ms] [LOG] [useNewPairs] fetching: https://api.solpulse.trade/api/new-pairs @ https://solpulse.trade/assets/main-_i6vfeq4.js:1943
[ 3691388ms] [LOG] [useNewPairs] response status: 200 ok: true @ https://solpulse.trade/assets/main-_i6vfeq4.js:1943
[ 3691398ms] [LOG] [useNewPairs] parsed pairs: 500 ok: true @ https://solpulse.trade/assets/main-_i6vfeq4.js:1943
[ 3699313ms] [LOG] [useNewPairs] fetching: https://api.solpulse.trade/api/new-pairs @ https://solpulse.trade/assets/main-_i6vfeq4.js:1943
[ 3699397ms] [LOG] [useNewPairs] response status: 200 ok: true @ https://solpulse.trade/assets/main-_i6vfeq4.js:1943
[ 3699414ms] [LOG] [useNewPairs] parsed pairs: 500 ok: true @ https://solpulse.trade/assets/main-_i6vfeq4.js:1943
[ 3707313ms] [LOG] [useNewPairs] fetching: https://api.solpulse.trade/api/new-pairs @ https://solpulse.trade/assets/main-_i6vfeq4.js:1943
[ 3707417ms] [LOG] [useNewPairs] response status: 200 ok: true @ https://solpulse.trade/assets/main-_i6vfeq4.js:1943
[ 3707444ms] [LOG] [useNewPairs] parsed pairs: 500 ok: true @ https://solpulse.trade/assets/main-_i6vfeq4.js:1943
[ 3715312ms] [LOG] [useNewPairs] fetching: https://api.solpulse.trade/api/new-pairs @ https://solpulse.trade/assets/main-_i6vfeq4.js:1943
[ 3715392ms] [LOG] [useNewPairs] response status: 200 ok: true @ https://solpulse.trade/assets/main-_i6vfeq4.js:1943
[ 3715418ms] [LOG] [useNewPairs] parsed pairs: 500 ok: true @ https://solpulse.trade/assets/main-_i6vfeq4.js:1943
[ 3723313ms] [LOG] [useNewPairs] fetching: https://api.solpulse.trade/api/new-pairs @ https://solpulse.trade/assets/main-_i6vfeq4.js:1943
[ 3723401ms] [LOG] [useNewPairs] response status: 200 ok: true @ https://solpulse.trade/assets/main-_i6vfeq4.js:1943
[ 3723427ms] [LOG] [useNewPairs] parsed pairs: 500 ok: true @ https://solpulse.trade/assets/main-_i6vfeq4.js:1943
[ 3731313ms] [LOG] [useNewPairs] fetching: https://api.solpulse.trade/api/new-pairs @ https://solpulse.trade/assets/main-_i6vfeq4.js:1943
[ 3731388ms] [LOG] [useNewPairs] response status: 200 ok: true @ https://solpulse.trade/assets/main-_i6vfeq4.js:1943
[ 3731397ms] [LOG] [useNewPairs] parsed pairs: 500 ok: true @ https://solpulse.trade/assets/main-_i6vfeq4.js:1943
[ 3739313ms] [LOG] [useNewPairs] fetching: https://api.solpulse.trade/api/new-pairs @ https://solpulse.trade/assets/main-_i6vfeq4.js:1943
[ 3739398ms] [LOG] [useNewPairs] response status: 200 ok: true @ https://solpulse.trade/assets/main-_i6vfeq4.js:1943
[ 3739409ms] [LOG] [useNewPairs] parsed pairs: 500 ok: true @ https://solpulse.trade/assets/main-_i6vfeq4.js:1943
[ 3747313ms] [LOG] [useNewPairs] fetching: https://api.solpulse.trade/api/new-pairs @ https://solpulse.trade/assets/main-_i6vfeq4.js:1943
[ 3747458ms] [LOG] [useNewPairs] response status: 200 ok: true @ https://solpulse.trade/assets/main-_i6vfeq4.js:1943
[ 3747477ms] [LOG] [useNewPairs] parsed pairs: 500 ok: true @ https://solpulse.trade/assets/main-_i6vfeq4.js:1943
[ 3747613ms] [ERROR] Failed to load resource: net::ERR_BLOCKED_BY_RESPONSE.NotSameOrigin @ https://ipfs.io/ipfs/bafkreibsdx6pijzaased64lqswvpdq4nf7byp4j4ycuv5bdnrktaqbrmyy:0
[ 3747613ms] [ERROR] Failed to load resource: net::ERR_BLOCKED_BY_RESPONSE.NotSameOrigin @ https://ipfs.io/ipfs/QmP6nrrjNtgcdYUjoY2bERHGa2ZfGpbry1ocJa7GY4R5pC:0
[ 3747618ms] [ERROR] Failed to load resource: net::ERR_BLOCKED_BY_RESPONSE.NotSameOrigin @ https://ipfs.io/ipfs/QmdsH8JovuBP2oh41sGa2hkfaqEteN3cYuSe17UJJbfQmu:0
[ 3755313ms] [LOG] [useNewPairs] fetching: https://api.solpulse.trade/api/new-pairs @ https://solpulse.trade/assets/main-_i6vfeq4.js:1943
[ 3755398ms] [LOG] [useNewPairs] response status: 200 ok: true @ https://solpulse.trade/assets/main-_i6vfeq4.js:1943
[ 3755407ms] [LOG] [useNewPairs] parsed pairs: 500 ok: true @ https://solpulse.trade/assets/main-_i6vfeq4.js:1943
[ 3763313ms] [LOG] [useNewPairs] fetching: https://api.solpulse.trade/api/new-pairs @ https://solpulse.trade/assets/main-_i6vfeq4.js:1943
[ 3763401ms] [LOG] [useNewPairs] response status: 200 ok: true @ https://solpulse.trade/assets/main-_i6vfeq4.js:1943
[ 3763427ms] [LOG] [useNewPairs] parsed pairs: 500 ok: true @ https://solpulse.trade/assets/main-_i6vfeq4.js:1943
[ 3771312ms] [LOG] [useNewPairs] fetching: https://api.solpulse.trade/api/new-pairs @ https://solpulse.trade/assets/main-_i6vfeq4.js:1943
[ 3771406ms] [LOG] [useNewPairs] response status: 200 ok: true @ https://solpulse.trade/assets/main-_i6vfeq4.js:1943
[ 3771416ms] [LOG] [useNewPairs] parsed pairs: 500 ok: true @ https://solpulse.trade/assets/main-_i6vfeq4.js:1943
[ 3779313ms] [LOG] [useNewPairs] fetching: https://api.solpulse.trade/api/new-pairs @ https://solpulse.trade/assets/main-_i6vfeq4.js:1943
[ 3779405ms] [LOG] [useNewPairs] response status: 200 ok: true @ https://solpulse.trade/assets/main-_i6vfeq4.js:1943
[ 3779430ms] [LOG] [useNewPairs] parsed pairs: 500 ok: true @ https://solpulse.trade/assets/main-_i6vfeq4.js:1943
[ 3779522ms] [ERROR] Failed to load resource: net::ERR_BLOCKED_BY_RESPONSE.NotSameOrigin @ https://ipfs.io/ipfs/bafkreig6fzia7bawpwrodvanrgmtuiesjb7rmzpeelvt6yy5rudmxh5wve:0
[ 3787312ms] [LOG] [useNewPairs] fetching: https://api.solpulse.trade/api/new-pairs @ https://solpulse.trade/assets/main-_i6vfeq4.js:1943
[ 3787400ms] [LOG] [useNewPairs] response status: 200 ok: true @ https://solpulse.trade/assets/main-_i6vfeq4.js:1943
[ 3787424ms] [LOG] [useNewPairs] parsed pairs: 500 ok: true @ https://solpulse.trade/assets/main-_i6vfeq4.js:1943
[ 3795312ms] [LOG] [useNewPairs] fetching: https://api.solpulse.trade/api/new-pairs @ https://solpulse.trade/assets/main-_i6vfeq4.js:1943
[ 3795404ms] [LOG] [useNewPairs] response status: 200 ok: true @ https://solpulse.trade/assets/main-_i6vfeq4.js:1943
[ 3795415ms] [LOG] [useNewPairs] parsed pairs: 500 ok: true @ https://solpulse.trade/assets/main-_i6vfeq4.js:1943
[ 3803313ms] [LOG] [useNewPairs] fetching: https://api.solpulse.trade/api/new-pairs @ https://solpulse.trade/assets/main-_i6vfeq4.js:1943
[ 3803413ms] [LOG] [useNewPairs] response status: 200 ok: true @ https://solpulse.trade/assets/main-_i6vfeq4.js:1943
[ 3803438ms] [LOG] [useNewPairs] parsed pairs: 500 ok: true @ https://solpulse.trade/assets/main-_i6vfeq4.js:1943
[ 3811312ms] [LOG] [useNewPairs] fetching: https://api.solpulse.trade/api/new-pairs @ https://solpulse.trade/assets/main-_i6vfeq4.js:1943
[ 3811421ms] [LOG] [useNewPairs] response status: 200 ok: true @ https://solpulse.trade/assets/main-_i6vfeq4.js:1943
[ 3811446ms] [LOG] [useNewPairs] parsed pairs: 500 ok: true @ https://solpulse.trade/assets/main-_i6vfeq4.js:1943
[ 3811601ms] [ERROR] Failed to load resource: net::ERR_BLOCKED_BY_RESPONSE.NotSameOrigin @ https://ipfs.io/ipfs/bafybeihr2a24hg3lajvsf6kezb7hfo3erhwv3mhupgso54j3wjk25bhmb4:0
[ 3811601ms] [ERROR] Failed to load resource: net::ERR_BLOCKED_BY_RESPONSE.NotSameOrigin @ https://ipfs.io/ipfs/bafkreibsdx6pijzaased64lqswvpdq4nf7byp4j4ycuv5bdnrktaqbrmyy:0
[ 3819312ms] [LOG] [useNewPairs] fetching: https://api.solpulse.trade/api/new-pairs @ https://solpulse.trade/assets/main-_i6vfeq4.js:1943
[ 3819388ms] [LOG] [useNewPairs] response status: 200 ok: true @ https://solpulse.trade/assets/main-_i6vfeq4.js:1943
[ 3819401ms] [LOG] [useNewPairs] parsed pairs: 500 ok: true @ https://solpulse.trade/assets/main-_i6vfeq4.js:1943
[ 3827314ms] [LOG] [useNewPairs] fetching: https://api.solpulse.trade/api/new-pairs @ https://solpulse.trade/assets/main-_i6vfeq4.js:1943
[ 3827381ms] [LOG] [useNewPairs] response status: 200 ok: true @ https://solpulse.trade/assets/main-_i6vfeq4.js:1943
[ 3827396ms] [LOG] [useNewPairs] parsed pairs: 500 ok: true @ https://solpulse.trade/assets/main-_i6vfeq4.js:1943
[ 3835314ms] [LOG] [useNewPairs] fetching: https://api.solpulse.trade/api/new-pairs @ https://solpulse.trade/assets/main-_i6vfeq4.js:1943
[ 3835403ms] [LOG] [useNewPairs] response status: 200 ok: true @ https://solpulse.trade/assets/main-_i6vfeq4.js:1943
[ 3835432ms] [LOG] [useNewPairs] parsed pairs: 500 ok: true @ https://solpulse.trade/assets/main-_i6vfeq4.js:1943
[ 3843314ms] [LOG] [useNewPairs] fetching: https://api.solpulse.trade/api/new-pairs @ https://solpulse.trade/assets/main-_i6vfeq4.js:1943
[ 3843407ms] [LOG] [useNewPairs] response status: 200 ok: true @ https://solpulse.trade/assets/main-_i6vfeq4.js:1943
[ 3843430ms] [LOG] [useNewPairs] parsed pairs: 500 ok: true @ https://solpulse.trade/assets/main-_i6vfeq4.js:1943
[ 3851314ms] [LOG] [useNewPairs] fetching: https://api.solpulse.trade/api/new-pairs @ https://solpulse.trade/assets/main-_i6vfeq4.js:1943
[ 3851411ms] [LOG] [useNewPairs] response status: 200 ok: true @ https://solpulse.trade/assets/main-_i6vfeq4.js:1943
[ 3851436ms] [LOG] [useNewPairs] parsed pairs: 500 ok: true @ https://solpulse.trade/assets/main-_i6vfeq4.js:1943
[ 3859313ms] [LOG] [useNewPairs] fetching: https://api.solpulse.trade/api/new-pairs @ https://solpulse.trade/assets/main-_i6vfeq4.js:1943
[ 3859403ms] [LOG] [useNewPairs] response status: 200 ok: true @ https://solpulse.trade/assets/main-_i6vfeq4.js:1943
[ 3859421ms] [LOG] [useNewPairs] parsed pairs: 500 ok: true @ https://solpulse.trade/assets/main-_i6vfeq4.js:1943
[ 3867313ms] [LOG] [useNewPairs] fetching: https://api.solpulse.trade/api/new-pairs @ https://solpulse.trade/assets/main-_i6vfeq4.js:1943
[ 3867403ms] [LOG] [useNewPairs] response status: 200 ok: true @ https://solpulse.trade/assets/main-_i6vfeq4.js:1943
[ 3867409ms] [LOG] [useNewPairs] parsed pairs: 500 ok: true @ https://solpulse.trade/assets/main-_i6vfeq4.js:1943
[ 3875312ms] [LOG] [useNewPairs] fetching: https://api.solpulse.trade/api/new-pairs @ https://solpulse.trade/assets/main-_i6vfeq4.js:1943
[ 3875394ms] [LOG] [useNewPairs] response status: 200 ok: true @ https://solpulse.trade/assets/main-_i6vfeq4.js:1943
[ 3875417ms] [LOG] [useNewPairs] parsed pairs: 500 ok: true @ https://solpulse.trade/assets/main-_i6vfeq4.js:1943
[ 3883313ms] [LOG] [useNewPairs] fetching: https://api.solpulse.trade/api/new-pairs @ https://solpulse.trade/assets/main-_i6vfeq4.js:1943
[ 3883400ms] [LOG] [useNewPairs] response status: 200 ok: true @ https://solpulse.trade/assets/main-_i6vfeq4.js:1943
[ 3883413ms] [LOG] [useNewPairs] parsed pairs: 500 ok: true @ https://solpulse.trade/assets/main-_i6vfeq4.js:1943
[ 3891313ms] [LOG] [useNewPairs] fetching: https://api.solpulse.trade/api/new-pairs @ https://solpulse.trade/assets/main-_i6vfeq4.js:1943
[ 3891385ms] [LOG] [useNewPairs] response status: 200 ok: true @ https://solpulse.trade/assets/main-_i6vfeq4.js:1943
[ 3891395ms] [LOG] [useNewPairs] parsed pairs: 500 ok: true @ https://solpulse.trade/assets/main-_i6vfeq4.js:1943
[ 3899313ms] [LOG] [useNewPairs] fetching: https://api.solpulse.trade/api/new-pairs @ https://solpulse.trade/assets/main-_i6vfeq4.js:1943
[ 3899411ms] [LOG] [useNewPairs] response status: 200 ok: true @ https://solpulse.trade/assets/main-_i6vfeq4.js:1943
[ 3899439ms] [LOG] [useNewPairs] parsed pairs: 500 ok: true @ https://solpulse.trade/assets/main-_i6vfeq4.js:1943
[ 3907314ms] [LOG] [useNewPairs] fetching: https://api.solpulse.trade/api/new-pairs @ https://solpulse.trade/assets/main-_i6vfeq4.js:1943
[ 3907405ms] [LOG] [useNewPairs] response status: 200 ok: true @ https://solpulse.trade/assets/main-_i6vfeq4.js:1943
[ 3907420ms] [LOG] [useNewPairs] parsed pairs: 500 ok: true @ https://solpulse.trade/assets/main-_i6vfeq4.js:1943
[ 3907477ms] [ERROR] Failed to load resource: net::ERR_BLOCKED_BY_RESPONSE.NotSameOrigin @ https://ipfs.io/ipfs/bafkreig6fzia7bawpwrodvanrgmtuiesjb7rmzpeelvt6yy5rudmxh5wve:0
[ 3915313ms] [LOG] [useNewPairs] fetching: https://api.solpulse.trade/api/new-pairs @ https://solpulse.trade/assets/main-_i6vfeq4.js:1943
[ 3915387ms] [LOG] [useNewPairs] response status: 200 ok: true @ https://solpulse.trade/assets/main-_i6vfeq4.js:1943
[ 3915397ms] [LOG] [useNewPairs] parsed pairs: 500 ok: true @ https://solpulse.trade/assets/main-_i6vfeq4.js:1943
[ 3923314ms] [LOG] [useNewPairs] fetching: https://api.solpulse.trade/api/new-pairs @ https://solpulse.trade/assets/main-_i6vfeq4.js:1943
[ 3923412ms] [LOG] [useNewPairs] response status: 200 ok: true @ https://solpulse.trade/assets/main-_i6vfeq4.js:1943
[ 3923439ms] [LOG] [useNewPairs] parsed pairs: 500 ok: true @ https://solpulse.trade/assets/main-_i6vfeq4.js:1943
[ 3931314ms] [LOG] [useNewPairs] fetching: https://api.solpulse.trade/api/new-pairs @ https://solpulse.trade/assets/main-_i6vfeq4.js:1943
[ 3931406ms] [LOG] [useNewPairs] response status: 200 ok: true @ https://solpulse.trade/assets/main-_i6vfeq4.js:1943
[ 3931436ms] [LOG] [useNewPairs] parsed pairs: 500 ok: true @ https://solpulse.trade/assets/main-_i6vfeq4.js:1943
[ 3939314ms] [LOG] [useNewPairs] fetching: https://api.solpulse.trade/api/new-pairs @ https://solpulse.trade/assets/main-_i6vfeq4.js:1943
[ 3939409ms] [LOG] [useNewPairs] response status: 200 ok: true @ https://solpulse.trade/assets/main-_i6vfeq4.js:1943
[ 3939433ms] [LOG] [useNewPairs] parsed pairs: 500 ok: true @ https://solpulse.trade/assets/main-_i6vfeq4.js:1943
[ 3939543ms] [ERROR] Failed to load resource: net::ERR_BLOCKED_BY_RESPONSE.NotSameOrigin @ https://ipfs.io/ipfs/QmcYtQ51QiKxwsdFVam1W5h5tjzCDp7MPT6STw5X8wiJyM:0
[ 3939543ms] [ERROR] Failed to load resource: net::ERR_BLOCKED_BY_RESPONSE.NotSameOrigin @ https://ipfs.io/ipfs/bafkreibsdx6pijzaased64lqswvpdq4nf7byp4j4ycuv5bdnrktaqbrmyy:0
[ 3947312ms] [LOG] [useNewPairs] fetching: https://api.solpulse.trade/api/new-pairs @ https://solpulse.trade/assets/main-_i6vfeq4.js:1943
[ 3947394ms] [LOG] [useNewPairs] response status: 200 ok: true @ https://solpulse.trade/assets/main-_i6vfeq4.js:1943
[ 3947405ms] [LOG] [useNewPairs] parsed pairs: 500 ok: true @ https://solpulse.trade/assets/main-_i6vfeq4.js:1943
[ 3955313ms] [LOG] [useNewPairs] fetching: https://api.solpulse.trade/api/new-pairs @ https://solpulse.trade/assets/main-_i6vfeq4.js:1943
[ 3955400ms] [LOG] [useNewPairs] response status: 200 ok: true @ https://solpulse.trade/assets/main-_i6vfeq4.js:1943
[ 3955426ms] [LOG] [useNewPairs] parsed pairs: 500 ok: true @ https://solpulse.trade/assets/main-_i6vfeq4.js:1943
[ 3963313ms] [LOG] [useNewPairs] fetching: https://api.solpulse.trade/api/new-pairs @ https://solpulse.trade/assets/main-_i6vfeq4.js:1943
[ 3963410ms] [LOG] [useNewPairs] response status: 200 ok: true @ https://solpulse.trade/assets/main-_i6vfeq4.js:1943
[ 3963434ms] [LOG] [useNewPairs] parsed pairs: 500 ok: true @ https://solpulse.trade/assets/main-_i6vfeq4.js:1943
[ 3971313ms] [LOG] [useNewPairs] fetching: https://api.solpulse.trade/api/new-pairs @ https://solpulse.trade/assets/main-_i6vfeq4.js:1943
[ 3971408ms] [LOG] [useNewPairs] response status: 200 ok: true @ https://solpulse.trade/assets/main-_i6vfeq4.js:1943
[ 3971432ms] [LOG] [useNewPairs] parsed pairs: 500 ok: true @ https://solpulse.trade/assets/main-_i6vfeq4.js:1943
[ 3979314ms] [LOG] [useNewPairs] fetching: https://api.solpulse.trade/api/new-pairs @ https://solpulse.trade/assets/main-_i6vfeq4.js:1943
[ 3979406ms] [LOG] [useNewPairs] response status: 200 ok: true @ https://solpulse.trade/assets/main-_i6vfeq4.js:1943
[ 3979430ms] [LOG] [useNewPairs] parsed pairs: 500 ok: true @ https://solpulse.trade/assets/main-_i6vfeq4.js:1943
[ 3987314ms] [LOG] [useNewPairs] fetching: https://api.solpulse.trade/api/new-pairs @ https://solpulse.trade/assets/main-_i6vfeq4.js:1943
[ 3987391ms] [LOG] [useNewPairs] response status: 200 ok: true @ https://solpulse.trade/assets/main-_i6vfeq4.js:1943
[ 3987400ms] [LOG] [useNewPairs] parsed pairs: 500 ok: true @ https://solpulse.trade/assets/main-_i6vfeq4.js:1943
[ 3995313ms] [LOG] [useNewPairs] fetching: https://api.solpulse.trade/api/new-pairs @ https://solpulse.trade/assets/main-_i6vfeq4.js:1943
[ 3995399ms] [LOG] [useNewPairs] response status: 200 ok: true @ https://solpulse.trade/assets/main-_i6vfeq4.js:1943
[ 3995409ms] [LOG] [useNewPairs] parsed pairs: 500 ok: true @ https://solpulse.trade/assets/main-_i6vfeq4.js:1943
[ 4003314ms] [LOG] [useNewPairs] fetching: https://api.solpulse.trade/api/new-pairs @ https://solpulse.trade/assets/main-_i6vfeq4.js:1943
[ 4003416ms] [LOG] [useNewPairs] response status: 200 ok: true @ https://solpulse.trade/assets/main-_i6vfeq4.js:1943
[ 4003443ms] [LOG] [useNewPairs] parsed pairs: 500 ok: true @ https://solpulse.trade/assets/main-_i6vfeq4.js:1943
[ 4003539ms] [ERROR] Failed to load resource: net::ERR_SSL_PROTOCOL_ERROR @ https://gateway.irys.xyz/5wTHVjcQcbpWaKGLe2w8T1hpGoQsLAxhTvSMpXuKHPUx:0
[ 4011314ms] [LOG] [useNewPairs] fetching: https://api.solpulse.trade/api/new-pairs @ https://solpulse.trade/assets/main-_i6vfeq4.js:1943
[ 4011396ms] [LOG] [useNewPairs] response status: 200 ok: true @ https://solpulse.trade/assets/main-_i6vfeq4.js:1943
[ 4011408ms] [LOG] [useNewPairs] parsed pairs: 500 ok: true @ https://solpulse.trade/assets/main-_i6vfeq4.js:1943
[ 4019314ms] [LOG] [useNewPairs] fetching: https://api.solpulse.trade/api/new-pairs @ https://solpulse.trade/assets/main-_i6vfeq4.js:1943
[ 4019400ms] [LOG] [useNewPairs] response status: 200 ok: true @ https://solpulse.trade/assets/main-_i6vfeq4.js:1943
[ 4019412ms] [LOG] [useNewPairs] parsed pairs: 500 ok: true @ https://solpulse.trade/assets/main-_i6vfeq4.js:1943
[ 4027314ms] [LOG] [useNewPairs] fetching: https://api.solpulse.trade/api/new-pairs @ https://solpulse.trade/assets/main-_i6vfeq4.js:1943
[ 4028579ms] [LOG] [useNewPairs] response status: 200 ok: true @ https://solpulse.trade/assets/main-_i6vfeq4.js:1943
[ 4028618ms] [LOG] [useNewPairs] parsed pairs: 500 ok: true @ https://solpulse.trade/assets/main-_i6vfeq4.js:1943
[ 4035312ms] [LOG] [useNewPairs] fetching: https://api.solpulse.trade/api/new-pairs @ https://solpulse.trade/assets/main-_i6vfeq4.js:1943
[ 4035401ms] [LOG] [useNewPairs] response status: 200 ok: true @ https://solpulse.trade/assets/main-_i6vfeq4.js:1943
[ 4035425ms] [LOG] [useNewPairs] parsed pairs: 500 ok: true @ https://solpulse.trade/assets/main-_i6vfeq4.js:1943
[ 4035492ms] [ERROR] Failed to load resource: net::ERR_SSL_PROTOCOL_ERROR @ https://gateway.irys.xyz/Lz2szk2NDcDJh7V81cKVLG7tmthynua6p1DePHFqj8v:0
[ 4035552ms] [ERROR] Failed to load resource: net::ERR_BLOCKED_BY_RESPONSE.NotSameOrigin @ https://ipfs.io/ipfs/bafkreih45icikjwn54lrfh3pvgilphvkwmsazt7422iu5ij57tnqdwrtra:0
[ 4043313ms] [LOG] [useNewPairs] fetching: https://api.solpulse.trade/api/new-pairs @ https://solpulse.trade/assets/main-_i6vfeq4.js:1943
[ 4043409ms] [LOG] [useNewPairs] response status: 200 ok: true @ https://solpulse.trade/assets/main-_i6vfeq4.js:1943
[ 4043437ms] [LOG] [useNewPairs] parsed pairs: 500 ok: true @ https://solpulse.trade/assets/main-_i6vfeq4.js:1943
[ 4051313ms] [LOG] [useNewPairs] fetching: https://api.solpulse.trade/api/new-pairs @ https://solpulse.trade/assets/main-_i6vfeq4.js:1943
[ 4051400ms] [LOG] [useNewPairs] response status: 200 ok: true @ https://solpulse.trade/assets/main-_i6vfeq4.js:1943
[ 4051403ms] [LOG] [useNewPairs] parsed pairs: 500 ok: true @ https://solpulse.trade/assets/main-_i6vfeq4.js:1943
[ 4059313ms] [LOG] [useNewPairs] fetching: https://api.solpulse.trade/api/new-pairs @ https://solpulse.trade/assets/main-_i6vfeq4.js:1943
[ 4059406ms] [LOG] [useNewPairs] response status: 200 ok: true @ https://solpulse.trade/assets/main-_i6vfeq4.js:1943
[ 4059459ms] [LOG] [useNewPairs] parsed pairs: 500 ok: true @ https://solpulse.trade/assets/main-_i6vfeq4.js:1943
[ 4067312ms] [LOG] [useNewPairs] fetching: https://api.solpulse.trade/api/new-pairs @ https://solpulse.trade/assets/main-_i6vfeq4.js:1943
[ 4067397ms] [LOG] [useNewPairs] response status: 200 ok: true @ https://solpulse.trade/assets/main-_i6vfeq4.js:1943
[ 4067405ms] [LOG] [useNewPairs] parsed pairs: 500 ok: true @ https://solpulse.trade/assets/main-_i6vfeq4.js:1943
[ 4075312ms] [LOG] [useNewPairs] fetching: https://api.solpulse.trade/api/new-pairs @ https://solpulse.trade/assets/main-_i6vfeq4.js:1943
[ 4075396ms] [LOG] [useNewPairs] response status: 200 ok: true @ https://solpulse.trade/assets/main-_i6vfeq4.js:1943
[ 4075423ms] [LOG] [useNewPairs] parsed pairs: 500 ok: true @ https://solpulse.trade/assets/main-_i6vfeq4.js:1943
[ 4083312ms] [LOG] [useNewPairs] fetching: https://api.solpulse.trade/api/new-pairs @ https://solpulse.trade/assets/main-_i6vfeq4.js:1943
[ 4083406ms] [LOG] [useNewPairs] response status: 200 ok: true @ https://solpulse.trade/assets/main-_i6vfeq4.js:1943
[ 4083435ms] [LOG] [useNewPairs] parsed pairs: 500 ok: true @ https://solpulse.trade/assets/main-_i6vfeq4.js:1943
[ 4091314ms] [LOG] [useNewPairs] fetching: https://api.solpulse.trade/api/new-pairs @ https://solpulse.trade/assets/main-_i6vfeq4.js:1943
[ 4091414ms] [LOG] [useNewPairs] response status: 200 ok: true @ https://solpulse.trade/assets/main-_i6vfeq4.js:1943
[ 4091440ms] [LOG] [useNewPairs] parsed pairs: 500 ok: true @ https://solpulse.trade/assets/main-_i6vfeq4.js:1943
[ 4099314ms] [LOG] [useNewPairs] fetching: https://api.solpulse.trade/api/new-pairs @ https://solpulse.trade/assets/main-_i6vfeq4.js:1943
[ 4099403ms] [LOG] [useNewPairs] response status: 200 ok: true @ https://solpulse.trade/assets/main-_i6vfeq4.js:1943
[ 4099429ms] [LOG] [useNewPairs] parsed pairs: 500 ok: true @ https://solpulse.trade/assets/main-_i6vfeq4.js:1943
[ 4107313ms] [LOG] [useNewPairs] fetching: https://api.solpulse.trade/api/new-pairs @ https://solpulse.trade/assets/main-_i6vfeq4.js:1943
[ 4107393ms] [LOG] [useNewPairs] response status: 200 ok: true @ https://solpulse.trade/assets/main-_i6vfeq4.js:1943
[ 4107407ms] [LOG] [useNewPairs] parsed pairs: 500 ok: true @ https://solpulse.trade/assets/main-_i6vfeq4.js:1943
[ 4115312ms] [LOG] [useNewPairs] fetching: https://api.solpulse.trade/api/new-pairs @ https://solpulse.trade/assets/main-_i6vfeq4.js:1943
[ 4115407ms] [LOG] [useNewPairs] response status: 200 ok: true @ https://solpulse.trade/assets/main-_i6vfeq4.js:1943
[ 4115433ms] [LOG] [useNewPairs] parsed pairs: 500 ok: true @ https://solpulse.trade/assets/main-_i6vfeq4.js:1943
[ 4123311ms] [LOG] [useNewPairs] fetching: https://api.solpulse.trade/api/new-pairs @ https://solpulse.trade/assets/main-_i6vfeq4.js:1943
[ 4123399ms] [LOG] [useNewPairs] response status: 200 ok: true @ https://solpulse.trade/assets/main-_i6vfeq4.js:1943
[ 4123425ms] [LOG] [useNewPairs] parsed pairs: 500 ok: true @ https://solpulse.trade/assets/main-_i6vfeq4.js:1943
[ 4131311ms] [LOG] [useNewPairs] fetching: https://api.solpulse.trade/api/new-pairs @ https://solpulse.trade/assets/main-_i6vfeq4.js:1943
[ 4131406ms] [LOG] [useNewPairs] response status: 200 ok: true @ https://solpulse.trade/assets/main-_i6vfeq4.js:1943
[ 4131415ms] [LOG] [useNewPairs] parsed pairs: 500 ok: true @ https://solpulse.trade/assets/main-_i6vfeq4.js:1943
[ 4139312ms] [LOG] [useNewPairs] fetching: https://api.solpulse.trade/api/new-pairs @ https://solpulse.trade/assets/main-_i6vfeq4.js:1943
[ 4139386ms] [LOG] [useNewPairs] response status: 200 ok: true @ https://solpulse.trade/assets/main-_i6vfeq4.js:1943
[ 4139399ms] [LOG] [useNewPairs] parsed pairs: 500 ok: true @ https://solpulse.trade/assets/main-_i6vfeq4.js:1943
[ 4147311ms] [LOG] [useNewPairs] fetching: https://api.solpulse.trade/api/new-pairs @ https://solpulse.trade/assets/main-_i6vfeq4.js:1943
[ 4147403ms] [LOG] [useNewPairs] response status: 200 ok: true @ https://solpulse.trade/assets/main-_i6vfeq4.js:1943
[ 4147428ms] [LOG] [useNewPairs] parsed pairs: 500 ok: true @ https://solpulse.trade/assets/main-_i6vfeq4.js:1943
[ 4155311ms] [LOG] [useNewPairs] fetching: https://api.solpulse.trade/api/new-pairs @ https://solpulse.trade/assets/main-_i6vfeq4.js:1943
[ 4155407ms] [LOG] [useNewPairs] response status: 200 ok: true @ https://solpulse.trade/assets/main-_i6vfeq4.js:1943
[ 4155436ms] [LOG] [useNewPairs] parsed pairs: 500 ok: true @ https://solpulse.trade/assets/main-_i6vfeq4.js:1943
[ 4163310ms] [LOG] [useNewPairs] fetching: https://api.solpulse.trade/api/new-pairs @ https://solpulse.trade/assets/main-_i6vfeq4.js:1943
[ 4163400ms] [LOG] [useNewPairs] response status: 200 ok: true @ https://solpulse.trade/assets/main-_i6vfeq4.js:1943
[ 4163428ms] [LOG] [useNewPairs] parsed pairs: 500 ok: true @ https://solpulse.trade/assets/main-_i6vfeq4.js:1943
[ 4171310ms] [LOG] [useNewPairs] fetching: https://api.solpulse.trade/api/new-pairs @ https://solpulse.trade/assets/main-_i6vfeq4.js:1943
[ 4171401ms] [LOG] [useNewPairs] response status: 200 ok: true @ https://solpulse.trade/assets/main-_i6vfeq4.js:1943
[ 4171417ms] [LOG] [useNewPairs] parsed pairs: 500 ok: true @ https://solpulse.trade/assets/main-_i6vfeq4.js:1943
[ 4179312ms] [LOG] [useNewPairs] fetching: https://api.solpulse.trade/api/new-pairs @ https://solpulse.trade/assets/main-_i6vfeq4.js:1943
[ 4179399ms] [LOG] [useNewPairs] response status: 200 ok: true @ https://solpulse.trade/assets/main-_i6vfeq4.js:1943
[ 4179420ms] [LOG] [useNewPairs] parsed pairs: 500 ok: true @ https://solpulse.trade/assets/main-_i6vfeq4.js:1943
[ 4187312ms] [LOG] [useNewPairs] fetching: https://api.solpulse.trade/api/new-pairs @ https://solpulse.trade/assets/main-_i6vfeq4.js:1943
[ 4187397ms] [LOG] [useNewPairs] response status: 200 ok: true @ https://solpulse.trade/assets/main-_i6vfeq4.js:1943
[ 4187422ms] [LOG] [useNewPairs] parsed pairs: 500 ok: true @ https://solpulse.trade/assets/main-_i6vfeq4.js:1943
[ 4195311ms] [LOG] [useNewPairs] fetching: https://api.solpulse.trade/api/new-pairs @ https://solpulse.trade/assets/main-_i6vfeq4.js:1943
[ 4195408ms] [LOG] [useNewPairs] response status: 200 ok: true @ https://solpulse.trade/assets/main-_i6vfeq4.js:1943
[ 4195424ms] [LOG] [useNewPairs] parsed pairs: 500 ok: true @ https://solpulse.trade/assets/main-_i6vfeq4.js:1943
[ 4195528ms] [ERROR] Failed to load resource: net::ERR_BLOCKED_BY_RESPONSE.NotSameOrigin @ https://ipfs.io/ipfs/bafkreifubenxfhedmtq4ntd7hr247j5xx5ydaghu6mrrbkapiyshkjlea4:0
[ 4203311ms] [LOG] [useNewPairs] fetching: https://api.solpulse.trade/api/new-pairs @ https://solpulse.trade/assets/main-_i6vfeq4.js:1943
[ 4203414ms] [LOG] [useNewPairs] response status: 200 ok: true @ https://solpulse.trade/assets/main-_i6vfeq4.js:1943
[ 4203445ms] [LOG] [useNewPairs] parsed pairs: 500 ok: true @ https://solpulse.trade/assets/main-_i6vfeq4.js:1943
[ 4211310ms] [LOG] [useNewPairs] fetching: https://api.solpulse.trade/api/new-pairs @ https://solpulse.trade/assets/main-_i6vfeq4.js:1943
[ 4211404ms] [LOG] [useNewPairs] response status: 200 ok: true @ https://solpulse.trade/assets/main-_i6vfeq4.js:1943
[ 4211430ms] [LOG] [useNewPairs] parsed pairs: 500 ok: true @ https://solpulse.trade/assets/main-_i6vfeq4.js:1943
[ 4219310ms] [LOG] [useNewPairs] fetching: https://api.solpulse.trade/api/new-pairs @ https://solpulse.trade/assets/main-_i6vfeq4.js:1943
[ 4219407ms] [LOG] [useNewPairs] response status: 200 ok: true @ https://solpulse.trade/assets/main-_i6vfeq4.js:1943
[ 4219414ms] [LOG] [useNewPairs] parsed pairs: 500 ok: true @ https://solpulse.trade/assets/main-_i6vfeq4.js:1943
[ 4227312ms] [LOG] [useNewPairs] fetching: https://api.solpulse.trade/api/new-pairs @ https://solpulse.trade/assets/main-_i6vfeq4.js:1943
[ 4227403ms] [LOG] [useNewPairs] response status: 200 ok: true @ https://solpulse.trade/assets/main-_i6vfeq4.js:1943
[ 4227432ms] [LOG] [useNewPairs] parsed pairs: 500 ok: true @ https://solpulse.trade/assets/main-_i6vfeq4.js:1943
[ 4235311ms] [LOG] [useNewPairs] fetching: https://api.solpulse.trade/api/new-pairs @ https://solpulse.trade/assets/main-_i6vfeq4.js:1943
[ 4235382ms] [LOG] [useNewPairs] response status: 200 ok: true @ https://solpulse.trade/assets/main-_i6vfeq4.js:1943
[ 4235393ms] [LOG] [useNewPairs] parsed pairs: 500 ok: true @ https://solpulse.trade/assets/main-_i6vfeq4.js:1943
[ 4243312ms] [LOG] [useNewPairs] fetching: https://api.solpulse.trade/api/new-pairs @ https://solpulse.trade/assets/main-_i6vfeq4.js:1943
[ 4243404ms] [LOG] [useNewPairs] response status: 200 ok: true @ https://solpulse.trade/assets/main-_i6vfeq4.js:1943
[ 4243427ms] [LOG] [useNewPairs] parsed pairs: 500 ok: true @ https://solpulse.trade/assets/main-_i6vfeq4.js:1943
[ 4251310ms] [LOG] [useNewPairs] fetching: https://api.solpulse.trade/api/new-pairs @ https://solpulse.trade/assets/main-_i6vfeq4.js:1943
[ 4251397ms] [LOG] [useNewPairs] response status: 200 ok: true @ https://solpulse.trade/assets/main-_i6vfeq4.js:1943
[ 4251420ms] [LOG] [useNewPairs] parsed pairs: 500 ok: true @ https://solpulse.trade/assets/main-_i6vfeq4.js:1943
[ 4259310ms] [LOG] [useNewPairs] fetching: https://api.solpulse.trade/api/new-pairs @ https://solpulse.trade/assets/main-_i6vfeq4.js:1943
[ 4259407ms] [LOG] [useNewPairs] response status: 200 ok: true @ https://solpulse.trade/assets/main-_i6vfeq4.js:1943
[ 4259431ms] [LOG] [useNewPairs] parsed pairs: 500 ok: true @ https://solpulse.trade/assets/main-_i6vfeq4.js:1943
[ 4267311ms] [LOG] [useNewPairs] fetching: https://api.solpulse.trade/api/new-pairs @ https://solpulse.trade/assets/main-_i6vfeq4.js:1943
[ 4267404ms] [LOG] [useNewPairs] response status: 200 ok: true @ https://solpulse.trade/assets/main-_i6vfeq4.js:1943
[ 4267429ms] [LOG] [useNewPairs] parsed pairs: 500 ok: true @ https://solpulse.trade/assets/main-_i6vfeq4.js:1943
[ 4275310ms] [LOG] [useNewPairs] fetching: https://api.solpulse.trade/api/new-pairs @ https://solpulse.trade/assets/main-_i6vfeq4.js:1943
[ 4275399ms] [LOG] [useNewPairs] response status: 200 ok: true @ https://solpulse.trade/assets/main-_i6vfeq4.js:1943
[ 4275423ms] [LOG] [useNewPairs] parsed pairs: 500 ok: true @ https://solpulse.trade/assets/main-_i6vfeq4.js:1943
[ 4283312ms] [LOG] [useNewPairs] fetching: https://api.solpulse.trade/api/new-pairs @ https://solpulse.trade/assets/main-_i6vfeq4.js:1943
[ 4283405ms] [LOG] [useNewPairs] response status: 200 ok: true @ https://solpulse.trade/assets/main-_i6vfeq4.js:1943
[ 4283428ms] [LOG] [useNewPairs] parsed pairs: 500 ok: true @ https://solpulse.trade/assets/main-_i6vfeq4.js:1943
[ 4291311ms] [LOG] [useNewPairs] fetching: https://api.solpulse.trade/api/new-pairs @ https://solpulse.trade/assets/main-_i6vfeq4.js:1943
[ 4291398ms] [LOG] [useNewPairs] response status: 200 ok: true @ https://solpulse.trade/assets/main-_i6vfeq4.js:1943
[ 4291422ms] [LOG] [useNewPairs] parsed pairs: 500 ok: true @ https://solpulse.trade/assets/main-_i6vfeq4.js:1943
[ 4291551ms] [ERROR] Failed to load resource: net::ERR_BLOCKED_BY_RESPONSE.NotSameOrigin @ https://ipfs.io/ipfs/bafkreiallqjyipxnaulwbw4aui457thnhby7cyqtyjtddvryv2rb7wpkgy:0
[ 4299312ms] [LOG] [useNewPairs] fetching: https://api.solpulse.trade/api/new-pairs @ https://solpulse.trade/assets/main-_i6vfeq4.js:1943
[ 4299399ms] [LOG] [useNewPairs] response status: 200 ok: true @ https://solpulse.trade/assets/main-_i6vfeq4.js:1943
[ 4299422ms] [LOG] [useNewPairs] parsed pairs: 500 ok: true @ https://solpulse.trade/assets/main-_i6vfeq4.js:1943
[ 4307312ms] [LOG] [useNewPairs] fetching: https://api.solpulse.trade/api/new-pairs @ https://solpulse.trade/assets/main-_i6vfeq4.js:1943
[ 4307395ms] [LOG] [useNewPairs] response status: 200 ok: true @ https://solpulse.trade/assets/main-_i6vfeq4.js:1943
[ 4307424ms] [LOG] [useNewPairs] parsed pairs: 500 ok: true @ https://solpulse.trade/assets/main-_i6vfeq4.js:1943
[ 4315311ms] [LOG] [useNewPairs] fetching: https://api.solpulse.trade/api/new-pairs @ https://solpulse.trade/assets/main-_i6vfeq4.js:1943
[ 4315418ms] [LOG] [useNewPairs] response status: 200 ok: true @ https://solpulse.trade/assets/main-_i6vfeq4.js:1943
[ 4315441ms] [LOG] [useNewPairs] parsed pairs: 500 ok: true @ https://solpulse.trade/assets/main-_i6vfeq4.js:1943
[ 4323312ms] [LOG] [useNewPairs] fetching: https://api.solpulse.trade/api/new-pairs @ https://solpulse.trade/assets/main-_i6vfeq4.js:1943
[ 4323400ms] [LOG] [useNewPairs] response status: 200 ok: true @ https://solpulse.trade/assets/main-_i6vfeq4.js:1943
[ 4323418ms] [LOG] [useNewPairs] parsed pairs: 500 ok: true @ https://solpulse.trade/assets/main-_i6vfeq4.js:1943
[ 4331312ms] [LOG] [useNewPairs] fetching: https://api.solpulse.trade/api/new-pairs @ https://solpulse.trade/assets/main-_i6vfeq4.js:1943
[ 4331406ms] [LOG] [useNewPairs] response status: 200 ok: true @ https://solpulse.trade/assets/main-_i6vfeq4.js:1943
[ 4331431ms] [LOG] [useNewPairs] parsed pairs: 500 ok: true @ https://solpulse.trade/assets/main-_i6vfeq4.js:1943
[ 4339312ms] [LOG] [useNewPairs] fetching: https://api.solpulse.trade/api/new-pairs @ https://solpulse.trade/assets/main-_i6vfeq4.js:1943
[ 4339395ms] [LOG] [useNewPairs] response status: 200 ok: true @ https://solpulse.trade/assets/main-_i6vfeq4.js:1943
[ 4339409ms] [LOG] [useNewPairs] parsed pairs: 500 ok: true @ https://solpulse.trade/assets/main-_i6vfeq4.js:1943
[ 4347312ms] [LOG] [useNewPairs] fetching: https://api.solpulse.trade/api/new-pairs @ https://solpulse.trade/assets/main-_i6vfeq4.js:1943
[ 4347398ms] [LOG] [useNewPairs] response status: 200 ok: true @ https://solpulse.trade/assets/main-_i6vfeq4.js:1943
[ 4347424ms] [LOG] [useNewPairs] parsed pairs: 500 ok: true @ https://solpulse.trade/assets/main-_i6vfeq4.js:1943
[ 4355312ms] [LOG] [useNewPairs] fetching: https://api.solpulse.trade/api/new-pairs @ https://solpulse.trade/assets/main-_i6vfeq4.js:1943
[ 4355400ms] [LOG] [useNewPairs] response status: 200 ok: true @ https://solpulse.trade/assets/main-_i6vfeq4.js:1943
[ 4355412ms] [LOG] [useNewPairs] parsed pairs: 500 ok: true @ https://solpulse.trade/assets/main-_i6vfeq4.js:1943
[ 4355505ms] [ERROR] Failed to load resource: net::ERR_BLOCKED_BY_RESPONSE.NotSameOrigin @ https://ipfs.io/ipfs/bafkreico6yqgsejtsglceqgbrdlff4z2trjdsrzsvhahyzqxbyjjadbsju:0
[ 4363312ms] [LOG] [useNewPairs] fetching: https://api.solpulse.trade/api/new-pairs @ https://solpulse.trade/assets/main-_i6vfeq4.js:1943
[ 4363405ms] [LOG] [useNewPairs] response status: 200 ok: true @ https://solpulse.trade/assets/main-_i6vfeq4.js:1943
[ 4363433ms] [LOG] [useNewPairs] parsed pairs: 500 ok: true @ https://solpulse.trade/assets/main-_i6vfeq4.js:1943
[ 4371312ms] [LOG] [useNewPairs] fetching: https://api.solpulse.trade/api/new-pairs @ https://solpulse.trade/assets/main-_i6vfeq4.js:1943
[ 4371401ms] [LOG] [useNewPairs] response status: 200 ok: true @ https://solpulse.trade/assets/main-_i6vfeq4.js:1943
[ 4371426ms] [LOG] [useNewPairs] parsed pairs: 500 ok: true @ https://solpulse.trade/assets/main-_i6vfeq4.js:1943
[ 4379312ms] [LOG] [useNewPairs] fetching: https://api.solpulse.trade/api/new-pairs @ https://solpulse.trade/assets/main-_i6vfeq4.js:1943
[ 4379409ms] [LOG] [useNewPairs] response status: 200 ok: true @ https://solpulse.trade/assets/main-_i6vfeq4.js:1943
[ 4379435ms] [LOG] [useNewPairs] parsed pairs: 500 ok: true @ https://solpulse.trade/assets/main-_i6vfeq4.js:1943
[ 4387312ms] [LOG] [useNewPairs] fetching: https://api.solpulse.trade/api/new-pairs @ https://solpulse.trade/assets/main-_i6vfeq4.js:1943
[ 4387403ms] [LOG] [useNewPairs] response status: 200 ok: true @ https://solpulse.trade/assets/main-_i6vfeq4.js:1943
[ 4387427ms] [LOG] [useNewPairs] parsed pairs: 500 ok: true @ https://solpulse.trade/assets/main-_i6vfeq4.js:1943
[ 4387477ms] [ERROR] Failed to load resource: net::ERR_BLOCKED_BY_RESPONSE.NotSameOrigin @ https://ipfs.io/ipfs/Qme8WpVV2JhjxbkN6AwZVUBTfQAxQrY6jyU81VNqdmKiHM:0
[ 4395312ms] [LOG] [useNewPairs] fetching: https://api.solpulse.trade/api/new-pairs @ https://solpulse.trade/assets/main-_i6vfeq4.js:1943
[ 4395398ms] [LOG] [useNewPairs] response status: 200 ok: true @ https://solpulse.trade/assets/main-_i6vfeq4.js:1943
[ 4395423ms] [LOG] [useNewPairs] parsed pairs: 500 ok: true @ https://solpulse.trade/assets/main-_i6vfeq4.js:1943
[ 4403314ms] [LOG] [useNewPairs] fetching: https://api.solpulse.trade/api/new-pairs @ https://solpulse.trade/assets/main-_i6vfeq4.js:1943
[ 4403415ms] [LOG] [useNewPairs] response status: 200 ok: true @ https://solpulse.trade/assets/main-_i6vfeq4.js:1943
[ 4403443ms] [LOG] [useNewPairs] parsed pairs: 500 ok: true @ https://solpulse.trade/assets/main-_i6vfeq4.js:1943
[ 4411312ms] [LOG] [useNewPairs] fetching: https://api.solpulse.trade/api/new-pairs @ https://solpulse.trade/assets/main-_i6vfeq4.js:1943
[ 4411404ms] [LOG] [useNewPairs] response status: 200 ok: true @ https://solpulse.trade/assets/main-_i6vfeq4.js:1943
[ 4411415ms] [LOG] [useNewPairs] parsed pairs: 500 ok: true @ https://solpulse.trade/assets/main-_i6vfeq4.js:1943
[ 4419312ms] [LOG] [useNewPairs] fetching: https://api.solpulse.trade/api/new-pairs @ https://solpulse.trade/assets/main-_i6vfeq4.js:1943
[ 4419414ms] [LOG] [useNewPairs] response status: 200 ok: true @ https://solpulse.trade/assets/main-_i6vfeq4.js:1943
[ 4419440ms] [LOG] [useNewPairs] parsed pairs: 500 ok: true @ https://solpulse.trade/assets/main-_i6vfeq4.js:1943
[ 4427312ms] [LOG] [useNewPairs] fetching: https://api.solpulse.trade/api/new-pairs @ https://solpulse.trade/assets/main-_i6vfeq4.js:1943
[ 4427407ms] [LOG] [useNewPairs] response status: 200 ok: true @ https://solpulse.trade/assets/main-_i6vfeq4.js:1943
[ 4427433ms] [LOG] [useNewPairs] parsed pairs: 500 ok: true @ https://solpulse.trade/assets/main-_i6vfeq4.js:1943
[ 4435312ms] [LOG] [useNewPairs] fetching: https://api.solpulse.trade/api/new-pairs @ https://solpulse.trade/assets/main-_i6vfeq4.js:1943
[ 4435403ms] [LOG] [useNewPairs] response status: 200 ok: true @ https://solpulse.trade/assets/main-_i6vfeq4.js:1943
[ 4435429ms] [LOG] [useNewPairs] parsed pairs: 500 ok: true @ https://solpulse.trade/assets/main-_i6vfeq4.js:1943
[ 4443312ms] [LOG] [useNewPairs] fetching: https://api.solpulse.trade/api/new-pairs @ https://solpulse.trade/assets/main-_i6vfeq4.js:1943
[ 4443415ms] [LOG] [useNewPairs] response status: 200 ok: true @ https://solpulse.trade/assets/main-_i6vfeq4.js:1943
[ 4443435ms] [LOG] [useNewPairs] parsed pairs: 500 ok: true @ https://solpulse.trade/assets/main-_i6vfeq4.js:1943
[ 4451312ms] [LOG] [useNewPairs] fetching: https://api.solpulse.trade/api/new-pairs @ https://solpulse.trade/assets/main-_i6vfeq4.js:1943
[ 4451394ms] [LOG] [useNewPairs] response status: 200 ok: true @ https://solpulse.trade/assets/main-_i6vfeq4.js:1943
[ 4451412ms] [LOG] [useNewPairs] parsed pairs: 500 ok: true @ https://solpulse.trade/assets/main-_i6vfeq4.js:1943
[ 4451527ms] [ERROR] Failed to load resource: net::ERR_BLOCKED_BY_RESPONSE.NotSameOrigin @ https://ipfs.io/ipfs/bafkreibte2fcynfk7kcifezn6goxfv4nwdkjrtovxpzhisfzhcqlnvnvju:0
[ 4459312ms] [LOG] [useNewPairs] fetching: https://api.solpulse.trade/api/new-pairs @ https://solpulse.trade/assets/main-_i6vfeq4.js:1943
[ 4459404ms] [LOG] [useNewPairs] response status: 200 ok: true @ https://solpulse.trade/assets/main-_i6vfeq4.js:1943
[ 4459431ms] [LOG] [useNewPairs] parsed pairs: 500 ok: true @ https://solpulse.trade/assets/main-_i6vfeq4.js:1943
[ 4467313ms] [LOG] [useNewPairs] fetching: https://api.solpulse.trade/api/new-pairs @ https://solpulse.trade/assets/main-_i6vfeq4.js:1943
[ 4467413ms] [LOG] [useNewPairs] response status: 200 ok: true @ https://solpulse.trade/assets/main-_i6vfeq4.js:1943
[ 4467440ms] [LOG] [useNewPairs] parsed pairs: 500 ok: true @ https://solpulse.trade/assets/main-_i6vfeq4.js:1943
[ 4475312ms] [LOG] [useNewPairs] fetching: https://api.solpulse.trade/api/new-pairs @ https://solpulse.trade/assets/main-_i6vfeq4.js:1943
[ 4475383ms] [LOG] [useNewPairs] response status: 200 ok: true @ https://solpulse.trade/assets/main-_i6vfeq4.js:1943
[ 4475389ms] [LOG] [useNewPairs] parsed pairs: 500 ok: true @ https://solpulse.trade/assets/main-_i6vfeq4.js:1943
[ 4483312ms] [LOG] [useNewPairs] fetching: https://api.solpulse.trade/api/new-pairs @ https://solpulse.trade/assets/main-_i6vfeq4.js:1943
[ 4483407ms] [LOG] [useNewPairs] response status: 200 ok: true @ https://solpulse.trade/assets/main-_i6vfeq4.js:1943
[ 4483431ms] [LOG] [useNewPairs] parsed pairs: 500 ok: true @ https://solpulse.trade/assets/main-_i6vfeq4.js:1943
[ 4483538ms] [ERROR] Failed to load resource: net::ERR_SSL_PROTOCOL_ERROR @ https://gateway.irys.xyz/87eitJV3JqiJnFDJLaii55auD9GQBTpJAcmB7MGvuLmF:0
[ 4491312ms] [LOG] [useNewPairs] fetching: https://api.solpulse.trade/api/new-pairs @ https://solpulse.trade/assets/main-_i6vfeq4.js:1943
[ 4491405ms] [LOG] [useNewPairs] response status: 200 ok: true @ https://solpulse.trade/assets/main-_i6vfeq4.js:1943
[ 4491426ms] [LOG] [useNewPairs] parsed pairs: 500 ok: true @ https://solpulse.trade/assets/main-_i6vfeq4.js:1943
[ 4499311ms] [LOG] [useNewPairs] fetching: https://api.solpulse.trade/api/new-pairs @ https://solpulse.trade/assets/main-_i6vfeq4.js:1943
[ 4499402ms] [LOG] [useNewPairs] response status: 200 ok: true @ https://solpulse.trade/assets/main-_i6vfeq4.js:1943
[ 4499429ms] [LOG] [useNewPairs] parsed pairs: 500 ok: true @ https://solpulse.trade/assets/main-_i6vfeq4.js:1943
[ 4507312ms] [LOG] [useNewPairs] fetching: https://api.solpulse.trade/api/new-pairs @ https://solpulse.trade/assets/main-_i6vfeq4.js:1943
[ 4507410ms] [LOG] [useNewPairs] response status: 200 ok: true @ https://solpulse.trade/assets/main-_i6vfeq4.js:1943
[ 4507434ms] [LOG] [useNewPairs] parsed pairs: 500 ok: true @ https://solpulse.trade/assets/main-_i6vfeq4.js:1943
[ 4515312ms] [LOG] [useNewPairs] fetching: https://api.solpulse.trade/api/new-pairs @ https://solpulse.trade/assets/main-_i6vfeq4.js:1943
[ 4515402ms] [LOG] [useNewPairs] response status: 200 ok: true @ https://solpulse.trade/assets/main-_i6vfeq4.js:1943
[ 4515429ms] [LOG] [useNewPairs] parsed pairs: 500 ok: true @ https://solpulse.trade/assets/main-_i6vfeq4.js:1943
[ 4523312ms] [LOG] [useNewPairs] fetching: https://api.solpulse.trade/api/new-pairs @ https://solpulse.trade/assets/main-_i6vfeq4.js:1943
[ 4523404ms] [LOG] [useNewPairs] response status: 200 ok: true @ https://solpulse.trade/assets/main-_i6vfeq4.js:1943
[ 4523427ms] [LOG] [useNewPairs] parsed pairs: 500 ok: true @ https://solpulse.trade/assets/main-_i6vfeq4.js:1943
[ 4531312ms] [LOG] [useNewPairs] fetching: https://api.solpulse.trade/api/new-pairs @ https://solpulse.trade/assets/main-_i6vfeq4.js:1943
[ 4531396ms] [LOG] [useNewPairs] response status: 200 ok: true @ https://solpulse.trade/assets/main-_i6vfeq4.js:1943
[ 4531420ms] [LOG] [useNewPairs] parsed pairs: 500 ok: true @ https://solpulse.trade/assets/main-_i6vfeq4.js:1943
[ 4539311ms] [LOG] [useNewPairs] fetching: https://api.solpulse.trade/api/new-pairs @ https://solpulse.trade/assets/main-_i6vfeq4.js:1943
[ 4539411ms] [LOG] [useNewPairs] response status: 200 ok: true @ https://solpulse.trade/assets/main-_i6vfeq4.js:1943
[ 4539433ms] [LOG] [useNewPairs] parsed pairs: 500 ok: true @ https://solpulse.trade/assets/main-_i6vfeq4.js:1943
[ 4547312ms] [LOG] [useNewPairs] fetching: https://api.solpulse.trade/api/new-pairs @ https://solpulse.trade/assets/main-_i6vfeq4.js:1943
[ 4547403ms] [LOG] [useNewPairs] response status: 200 ok: true @ https://solpulse.trade/assets/main-_i6vfeq4.js:1943
[ 4547420ms] [LOG] [useNewPairs] parsed pairs: 500 ok: true @ https://solpulse.trade/assets/main-_i6vfeq4.js:1943
[ 4555313ms] [LOG] [useNewPairs] fetching: https://api.solpulse.trade/api/new-pairs @ https://solpulse.trade/assets/main-_i6vfeq4.js:1943
[ 4555409ms] [LOG] [useNewPairs] response status: 200 ok: true @ https://solpulse.trade/assets/main-_i6vfeq4.js:1943
[ 4555433ms] [LOG] [useNewPairs] parsed pairs: 500 ok: true @ https://solpulse.trade/assets/main-_i6vfeq4.js:1943
[ 4563312ms] [LOG] [useNewPairs] fetching: https://api.solpulse.trade/api/new-pairs @ https://solpulse.trade/assets/main-_i6vfeq4.js:1943
[ 4563393ms] [LOG] [useNewPairs] response status: 200 ok: true @ https://solpulse.trade/assets/main-_i6vfeq4.js:1943
[ 4563417ms] [LOG] [useNewPairs] parsed pairs: 500 ok: true @ https://solpulse.trade/assets/main-_i6vfeq4.js:1943
[ 4571312ms] [LOG] [useNewPairs] fetching: https://api.solpulse.trade/api/new-pairs @ https://solpulse.trade/assets/main-_i6vfeq4.js:1943
[ 4571419ms] [LOG] [useNewPairs] response status: 200 ok: true @ https://solpulse.trade/assets/main-_i6vfeq4.js:1943
[ 4571443ms] [LOG] [useNewPairs] parsed pairs: 500 ok: true @ https://solpulse.trade/assets/main-_i6vfeq4.js:1943
[ 4579312ms] [LOG] [useNewPairs] fetching: https://api.solpulse.trade/api/new-pairs @ https://solpulse.trade/assets/main-_i6vfeq4.js:1943
[ 4579370ms] [ERROR] Failed to load resource: the server responded with a status of 401 () @ https://api.solpulse.trade/api/new-pairs:0
[ 4579528ms] [LOG] [useNewPairs] response status: 200 ok: true @ https://solpulse.trade/assets/main-_i6vfeq4.js:1943
[ 4579539ms] [LOG] [useNewPairs] parsed pairs: 500 ok: true @ https://solpulse.trade/assets/main-_i6vfeq4.js:1943
[ 4579624ms] [ERROR] Failed to load resource: net::ERR_BLOCKED_BY_RESPONSE.NotSameOrigin @ https://ipfs.io/ipfs/QmStBxkxmE8TGx9yUfnAXrJXtgc5rC4YXbbgteWj1fAbAB:0
[ 4587310ms] [LOG] [useNewPairs] fetching: https://api.solpulse.trade/api/new-pairs @ https://solpulse.trade/assets/main-_i6vfeq4.js:1943
[ 4587397ms] [LOG] [useNewPairs] response status: 200 ok: true @ https://solpulse.trade/assets/main-_i6vfeq4.js:1943
[ 4587415ms] [LOG] [useNewPairs] parsed pairs: 500 ok: true @ https://solpulse.trade/assets/main-_i6vfeq4.js:1943
[ 4595312ms] [LOG] [useNewPairs] fetching: https://api.solpulse.trade/api/new-pairs @ https://solpulse.trade/assets/main-_i6vfeq4.js:1943
[ 4595401ms] [LOG] [useNewPairs] response status: 200 ok: true @ https://solpulse.trade/assets/main-_i6vfeq4.js:1943
[ 4595433ms] [LOG] [useNewPairs] parsed pairs: 500 ok: true @ https://solpulse.trade/assets/main-_i6vfeq4.js:1943
[ 4603312ms] [LOG] [useNewPairs] fetching: https://api.solpulse.trade/api/new-pairs @ https://solpulse.trade/assets/main-_i6vfeq4.js:1943
[ 4603405ms] [LOG] [useNewPairs] response status: 200 ok: true @ https://solpulse.trade/assets/main-_i6vfeq4.js:1943
[ 4603429ms] [LOG] [useNewPairs] parsed pairs: 500 ok: true @ https://solpulse.trade/assets/main-_i6vfeq4.js:1943
[ 4611311ms] [LOG] [useNewPairs] fetching: https://api.solpulse.trade/api/new-pairs @ https://solpulse.trade/assets/main-_i6vfeq4.js:1943
[ 4611405ms] [LOG] [useNewPairs] response status: 200 ok: true @ https://solpulse.trade/assets/main-_i6vfeq4.js:1943
[ 4611417ms] [LOG] [useNewPairs] parsed pairs: 500 ok: true @ https://solpulse.trade/assets/main-_i6vfeq4.js:1943
[ 4619311ms] [LOG] [useNewPairs] fetching: https://api.solpulse.trade/api/new-pairs @ https://solpulse.trade/assets/main-_i6vfeq4.js:1943
[ 4619417ms] [LOG] [useNewPairs] response status: 200 ok: true @ https://solpulse.trade/assets/main-_i6vfeq4.js:1943
[ 4619443ms] [LOG] [useNewPairs] parsed pairs: 500 ok: true @ https://solpulse.trade/assets/main-_i6vfeq4.js:1943
[ 4627310ms] [LOG] [useNewPairs] fetching: https://api.solpulse.trade/api/new-pairs @ https://solpulse.trade/assets/main-_i6vfeq4.js:1943
[ 4627400ms] [LOG] [useNewPairs] response status: 200 ok: true @ https://solpulse.trade/assets/main-_i6vfeq4.js:1943
[ 4627429ms] [LOG] [useNewPairs] parsed pairs: 500 ok: true @ https://solpulse.trade/assets/main-_i6vfeq4.js:1943
[ 4635311ms] [LOG] [useNewPairs] fetching: https://api.solpulse.trade/api/new-pairs @ https://solpulse.trade/assets/main-_i6vfeq4.js:1943
[ 4635390ms] [LOG] [useNewPairs] response status: 200 ok: true @ https://solpulse.trade/assets/main-_i6vfeq4.js:1943
[ 4635409ms] [LOG] [useNewPairs] parsed pairs: 500 ok: true @ https://solpulse.trade/assets/main-_i6vfeq4.js:1943
[ 4643312ms] [LOG] [useNewPairs] fetching: https://api.solpulse.trade/api/new-pairs @ https://solpulse.trade/assets/main-_i6vfeq4.js:1943
[ 4643401ms] [LOG] [useNewPairs] response status: 200 ok: true @ https://solpulse.trade/assets/main-_i6vfeq4.js:1943
[ 4643425ms] [LOG] [useNewPairs] parsed pairs: 500 ok: true @ https://solpulse.trade/assets/main-_i6vfeq4.js:1943
[ 4643492ms] [ERROR] Failed to load resource: net::ERR_BLOCKED_BY_RESPONSE.NotSameOrigin @ https://ipfs.io/ipfs/QmZjW6ou6ripisW5C1PdPtafBtbDvnyFz7ticysBnhwMSx:0
[ 4643492ms] [ERROR] Failed to load resource: net::ERR_BLOCKED_BY_RESPONSE.NotSameOrigin @ https://ipfs.io/ipfs/bafkreiffjhchvxv4s3uzknf52lrbqdzcz7odfwkqgop2jkgt5z35xu5eku:0
[ 4651311ms] [LOG] [useNewPairs] fetching: https://api.solpulse.trade/api/new-pairs @ https://solpulse.trade/assets/main-_i6vfeq4.js:1943
[ 4651399ms] [LOG] [useNewPairs] response status: 200 ok: true @ https://solpulse.trade/assets/main-_i6vfeq4.js:1943
[ 4651425ms] [LOG] [useNewPairs] parsed pairs: 500 ok: true @ https://solpulse.trade/assets/main-_i6vfeq4.js:1943
[ 4659312ms] [LOG] [useNewPairs] fetching: https://api.solpulse.trade/api/new-pairs @ https://solpulse.trade/assets/main-_i6vfeq4.js:1943
[ 4659413ms] [LOG] [useNewPairs] response status: 200 ok: true @ https://solpulse.trade/assets/main-_i6vfeq4.js:1943
[ 4659425ms] [LOG] [useNewPairs] parsed pairs: 500 ok: true @ https://solpulse.trade/assets/main-_i6vfeq4.js:1943
[ 4667311ms] [LOG] [useNewPairs] fetching: https://api.solpulse.trade/api/new-pairs @ https://solpulse.trade/assets/main-_i6vfeq4.js:1943
[ 4667385ms] [LOG] [useNewPairs] response status: 200 ok: true @ https://solpulse.trade/assets/main-_i6vfeq4.js:1943
[ 4667393ms] [LOG] [useNewPairs] parsed pairs: 500 ok: true @ https://solpulse.trade/assets/main-_i6vfeq4.js:1943
[ 4675311ms] [LOG] [useNewPairs] fetching: https://api.solpulse.trade/api/new-pairs @ https://solpulse.trade/assets/main-_i6vfeq4.js:1943
[ 4675402ms] [LOG] [useNewPairs] response status: 200 ok: true @ https://solpulse.trade/assets/main-_i6vfeq4.js:1943
[ 4675427ms] [LOG] [useNewPairs] parsed pairs: 500 ok: true @ https://solpulse.trade/assets/main-_i6vfeq4.js:1943
[ 4683312ms] [LOG] [useNewPairs] fetching: https://api.solpulse.trade/api/new-pairs @ https://solpulse.trade/assets/main-_i6vfeq4.js:1943
[ 4683403ms] [LOG] [useNewPairs] response status: 200 ok: true @ https://solpulse.trade/assets/main-_i6vfeq4.js:1943
[ 4683428ms] [LOG] [useNewPairs] parsed pairs: 500 ok: true @ https://solpulse.trade/assets/main-_i6vfeq4.js:1943
[ 4691312ms] [LOG] [useNewPairs] fetching: https://api.solpulse.trade/api/new-pairs @ https://solpulse.trade/assets/main-_i6vfeq4.js:1943
[ 4691395ms] [LOG] [useNewPairs] response status: 200 ok: true @ https://solpulse.trade/assets/main-_i6vfeq4.js:1943
[ 4691407ms] [LOG] [useNewPairs] parsed pairs: 500 ok: true @ https://solpulse.trade/assets/main-_i6vfeq4.js:1943
[ 4699311ms] [LOG] [useNewPairs] fetching: https://api.solpulse.trade/api/new-pairs @ https://solpulse.trade/assets/main-_i6vfeq4.js:1943
[ 4699415ms] [LOG] [useNewPairs] response status: 200 ok: true @ https://solpulse.trade/assets/main-_i6vfeq4.js:1943
[ 4699448ms] [LOG] [useNewPairs] parsed pairs: 500 ok: true @ https://solpulse.trade/assets/main-_i6vfeq4.js:1943
[ 4707312ms] [LOG] [useNewPairs] fetching: https://api.solpulse.trade/api/new-pairs @ https://solpulse.trade/assets/main-_i6vfeq4.js:1943
[ 4707386ms] [LOG] [useNewPairs] response status: 200 ok: true @ https://solpulse.trade/assets/main-_i6vfeq4.js:1943
[ 4707405ms] [LOG] [useNewPairs] parsed pairs: 500 ok: true @ https://solpulse.trade/assets/main-_i6vfeq4.js:1943
[ 4707521ms] [ERROR] Failed to load resource: net::ERR_SSL_PROTOCOL_ERROR @ https://gateway.irys.xyz/CQKcF9XCF8ydWTjRDigsizHmHY25pxmUMEyNx9RUN9KW:0
[ 4707553ms] [ERROR] Failed to load resource: net::ERR_BLOCKED_BY_RESPONSE.NotSameOrigin @ https://ipfs.io/ipfs/bafkreidks73jeastt54qzuawkdhdsbzibyy7lkf3fyjbqmnkoshufyoaea:0
[ 4715310ms] [LOG] [useNewPairs] fetching: https://api.solpulse.trade/api/new-pairs @ https://solpulse.trade/assets/main-_i6vfeq4.js:1943
[ 4715397ms] [LOG] [useNewPairs] response status: 200 ok: true @ https://solpulse.trade/assets/main-_i6vfeq4.js:1943
[ 4715422ms] [LOG] [useNewPairs] parsed pairs: 500 ok: true @ https://solpulse.trade/assets/main-_i6vfeq4.js:1943
[ 4723310ms] [LOG] [useNewPairs] fetching: https://api.solpulse.trade/api/new-pairs @ https://solpulse.trade/assets/main-_i6vfeq4.js:1943
[ 4723398ms] [LOG] [useNewPairs] response status: 200 ok: true @ https://solpulse.trade/assets/main-_i6vfeq4.js:1943
[ 4723425ms] [LOG] [useNewPairs] parsed pairs: 500 ok: true @ https://solpulse.trade/assets/main-_i6vfeq4.js:1943
[ 4731312ms] [LOG] [useNewPairs] fetching: https://api.solpulse.trade/api/new-pairs @ https://solpulse.trade/assets/main-_i6vfeq4.js:1943
[ 4731419ms] [LOG] [useNewPairs] response status: 200 ok: true @ https://solpulse.trade/assets/main-_i6vfeq4.js:1943
[ 4731432ms] [LOG] [useNewPairs] parsed pairs: 500 ok: true @ https://solpulse.trade/assets/main-_i6vfeq4.js:1943
[ 4739312ms] [LOG] [useNewPairs] fetching: https://api.solpulse.trade/api/new-pairs @ https://solpulse.trade/assets/main-_i6vfeq4.js:1943
[ 4739400ms] [LOG] [useNewPairs] response status: 200 ok: true @ https://solpulse.trade/assets/main-_i6vfeq4.js:1943
[ 4739425ms] [LOG] [useNewPairs] parsed pairs: 500 ok: true @ https://solpulse.trade/assets/main-_i6vfeq4.js:1943
[ 4747312ms] [LOG] [useNewPairs] fetching: https://api.solpulse.trade/api/new-pairs @ https://solpulse.trade/assets/main-_i6vfeq4.js:1943
[ 4747404ms] [LOG] [useNewPairs] response status: 200 ok: true @ https://solpulse.trade/assets/main-_i6vfeq4.js:1943
[ 4747430ms] [LOG] [useNewPairs] parsed pairs: 500 ok: true @ https://solpulse.trade/assets/main-_i6vfeq4.js:1943
[ 4755312ms] [LOG] [useNewPairs] fetching: https://api.solpulse.trade/api/new-pairs @ https://solpulse.trade/assets/main-_i6vfeq4.js:1943
[ 4755404ms] [LOG] [useNewPairs] response status: 200 ok: true @ https://solpulse.trade/assets/main-_i6vfeq4.js:1943
[ 4755432ms] [LOG] [useNewPairs] parsed pairs: 500 ok: true @ https://solpulse.trade/assets/main-_i6vfeq4.js:1943
[ 4763311ms] [LOG] [useNewPairs] fetching: https://api.solpulse.trade/api/new-pairs @ https://solpulse.trade/assets/main-_i6vfeq4.js:1943
[ 4763420ms] [LOG] [useNewPairs] response status: 200 ok: true @ https://solpulse.trade/assets/main-_i6vfeq4.js:1943
[ 4763445ms] [LOG] [useNewPairs] parsed pairs: 500 ok: true @ https://solpulse.trade/assets/main-_i6vfeq4.js:1943
[ 4771310ms] [LOG] [useNewPairs] fetching: https://api.solpulse.trade/api/new-pairs @ https://solpulse.trade/assets/main-_i6vfeq4.js:1943
[ 4771398ms] [LOG] [useNewPairs] response status: 200 ok: true @ https://solpulse.trade/assets/main-_i6vfeq4.js:1943
[ 4771423ms] [LOG] [useNewPairs] parsed pairs: 500 ok: true @ https://solpulse.trade/assets/main-_i6vfeq4.js:1943
[ 4771498ms] [ERROR] Failed to load resource: net::ERR_BLOCKED_BY_RESPONSE.NotSameOrigin @ https://ipfs.io/ipfs/QmVdzcsLYu8Sxhv6BrLJt7CA5Zhk6EnBwRo5uUyrQUJKZ2:0
[ 4779313ms] [LOG] [useNewPairs] fetching: https://api.solpulse.trade/api/new-pairs @ https://solpulse.trade/assets/main-_i6vfeq4.js:1943
[ 4779401ms] [LOG] [useNewPairs] response status: 200 ok: true @ https://solpulse.trade/assets/main-_i6vfeq4.js:1943
[ 4779425ms] [LOG] [useNewPairs] parsed pairs: 500 ok: true @ https://solpulse.trade/assets/main-_i6vfeq4.js:1943
[ 4787312ms] [LOG] [useNewPairs] fetching: https://api.solpulse.trade/api/new-pairs @ https://solpulse.trade/assets/main-_i6vfeq4.js:1943
[ 4787398ms] [LOG] [useNewPairs] response status: 200 ok: true @ https://solpulse.trade/assets/main-_i6vfeq4.js:1943
[ 4787423ms] [LOG] [useNewPairs] parsed pairs: 500 ok: true @ https://solpulse.trade/assets/main-_i6vfeq4.js:1943
[ 4795312ms] [LOG] [useNewPairs] fetching: https://api.solpulse.trade/api/new-pairs @ https://solpulse.trade/assets/main-_i6vfeq4.js:1943
[ 4795425ms] [LOG] [useNewPairs] response status: 200 ok: true @ https://solpulse.trade/assets/main-_i6vfeq4.js:1943
[ 4795449ms] [LOG] [useNewPairs] parsed pairs: 500 ok: true @ https://solpulse.trade/assets/main-_i6vfeq4.js:1943
[ 4803313ms] [LOG] [useNewPairs] fetching: https://api.solpulse.trade/api/new-pairs @ https://solpulse.trade/assets/main-_i6vfeq4.js:1943
[ 4803394ms] [LOG] [useNewPairs] response status: 200 ok: true @ https://solpulse.trade/assets/main-_i6vfeq4.js:1943
[ 4803418ms] [LOG] [useNewPairs] parsed pairs: 500 ok: true @ https://solpulse.trade/assets/main-_i6vfeq4.js:1943
[ 4803528ms] [ERROR] Failed to load resource: net::ERR_SSL_PROTOCOL_ERROR @ https://gateway.irys.xyz/fwAnmMOdMyn4wakqMR0LX1WEF7M8HUAxATEgsGXuG0s:0
[ 4803538ms] [ERROR] Failed to load resource: net::ERR_BLOCKED_BY_RESPONSE.NotSameOrigin @ https://ipfs.io/ipfs/bafkreibrg7k5ldstl7k5w3y2rkt2jiz35k6m26mjwhqe46gu5n6c2ahluu:0
[ 4803538ms] [ERROR] Failed to load resource: net::ERR_BLOCKED_BY_RESPONSE.NotSameOrigin @ https://ipfs.io/ipfs/QmYvLXhaYgmmT4Ym1t2fhtGgExoEtd7tMkphMnZS4LMDZs:0
[ 4803538ms] [ERROR] Failed to load resource: net::ERR_BLOCKED_BY_RESPONSE.NotSameOrigin @ https://ipfs.io/ipfs/bafkreigi2usxpt6bp5rly4i7ee7d4djgif753ckidihfckb5y3tunywloy:0
[ 4811312ms] [LOG] [useNewPairs] fetching: https://api.solpulse.trade/api/new-pairs @ https://solpulse.trade/assets/main-_i6vfeq4.js:1943
[ 4811406ms] [LOG] [useNewPairs] response status: 200 ok: true @ https://solpulse.trade/assets/main-_i6vfeq4.js:1943
[ 4811431ms] [LOG] [useNewPairs] parsed pairs: 500 ok: true @ https://solpulse.trade/assets/main-_i6vfeq4.js:1943
[ 4819311ms] [LOG] [useNewPairs] fetching: https://api.solpulse.trade/api/new-pairs @ https://solpulse.trade/assets/main-_i6vfeq4.js:1943
[ 4819402ms] [LOG] [useNewPairs] response status: 200 ok: true @ https://solpulse.trade/assets/main-_i6vfeq4.js:1943
[ 4819433ms] [LOG] [useNewPairs] parsed pairs: 500 ok: true @ https://solpulse.trade/assets/main-_i6vfeq4.js:1943
[ 4827312ms] [LOG] [useNewPairs] fetching: https://api.solpulse.trade/api/new-pairs @ https://solpulse.trade/assets/main-_i6vfeq4.js:1943
[ 4827401ms] [LOG] [useNewPairs] response status: 200 ok: true @ https://solpulse.trade/assets/main-_i6vfeq4.js:1943
[ 4827414ms] [LOG] [useNewPairs] parsed pairs: 500 ok: true @ https://solpulse.trade/assets/main-_i6vfeq4.js:1943
[ 4835313ms] [LOG] [useNewPairs] fetching: https://api.solpulse.trade/api/new-pairs @ https://solpulse.trade/assets/main-_i6vfeq4.js:1943
[ 4835409ms] [LOG] [useNewPairs] response status: 200 ok: true @ https://solpulse.trade/assets/main-_i6vfeq4.js:1943
[ 4835430ms] [LOG] [useNewPairs] parsed pairs: 500 ok: true @ https://solpulse.trade/assets/main-_i6vfeq4.js:1943
[ 4843313ms] [LOG] [useNewPairs] fetching: https://api.solpulse.trade/api/new-pairs @ https://solpulse.trade/assets/main-_i6vfeq4.js:1943
[ 4843401ms] [LOG] [useNewPairs] response status: 200 ok: true @ https://solpulse.trade/assets/main-_i6vfeq4.js:1943
[ 4843426ms] [LOG] [useNewPairs] parsed pairs: 500 ok: true @ https://solpulse.trade/assets/main-_i6vfeq4.js:1943
[ 4851312ms] [LOG] [useNewPairs] fetching: https://api.solpulse.trade/api/new-pairs @ https://solpulse.trade/assets/main-_i6vfeq4.js:1943
[ 4851428ms] [LOG] [useNewPairs] response status: 200 ok: true @ https://solpulse.trade/assets/main-_i6vfeq4.js:1943
[ 4851436ms] [LOG] [useNewPairs] parsed pairs: 500 ok: true @ https://solpulse.trade/assets/main-_i6vfeq4.js:1943
[ 4859312ms] [LOG] [useNewPairs] fetching: https://api.solpulse.trade/api/new-pairs @ https://solpulse.trade/assets/main-_i6vfeq4.js:1943
[ 4859391ms] [LOG] [useNewPairs] response status: 200 ok: true @ https://solpulse.trade/assets/main-_i6vfeq4.js:1943
[ 4859403ms] [LOG] [useNewPairs] parsed pairs: 500 ok: true @ https://solpulse.trade/assets/main-_i6vfeq4.js:1943
[ 4867312ms] [LOG] [useNewPairs] fetching: https://api.solpulse.trade/api/new-pairs @ https://solpulse.trade/assets/main-_i6vfeq4.js:1943
[ 4867397ms] [LOG] [useNewPairs] response status: 200 ok: true @ https://solpulse.trade/assets/main-_i6vfeq4.js:1943
[ 4867423ms] [LOG] [useNewPairs] parsed pairs: 500 ok: true @ https://solpulse.trade/assets/main-_i6vfeq4.js:1943
[ 4867538ms] [ERROR] Failed to load resource: net::ERR_BLOCKED_BY_RESPONSE.NotSameOrigin @ https://ipfs.io/ipfs/QmUKnweC6A1vruynda6BUpZj9SBzD7FjGnHF7tpBQSfQ16:0
[ 4867538ms] [ERROR] Failed to load resource: net::ERR_BLOCKED_BY_RESPONSE.NotSameOrigin @ https://ipfs.io/ipfs/bafybeigt236knjjuvx3pehu24efxjsr5lmktomnxcrtddnfl2tvwugngiq:0
[ 4875313ms] [LOG] [useNewPairs] fetching: https://api.solpulse.trade/api/new-pairs @ https://solpulse.trade/assets/main-_i6vfeq4.js:1943
[ 4875400ms] [LOG] [useNewPairs] response status: 200 ok: true @ https://solpulse.trade/assets/main-_i6vfeq4.js:1943
[ 4875406ms] [LOG] [useNewPairs] parsed pairs: 500 ok: true @ https://solpulse.trade/assets/main-_i6vfeq4.js:1943
[ 4883313ms] [LOG] [useNewPairs] fetching: https://api.solpulse.trade/api/new-pairs @ https://solpulse.trade/assets/main-_i6vfeq4.js:1943
[ 4883395ms] [LOG] [useNewPairs] response status: 200 ok: true @ https://solpulse.trade/assets/main-_i6vfeq4.js:1943
[ 4883420ms] [LOG] [useNewPairs] parsed pairs: 500 ok: true @ https://solpulse.trade/assets/main-_i6vfeq4.js:1943
[ 4891313ms] [LOG] [useNewPairs] fetching: https://api.solpulse.trade/api/new-pairs @ https://solpulse.trade/assets/main-_i6vfeq4.js:1943
[ 4891415ms] [LOG] [useNewPairs] response status: 200 ok: true @ https://solpulse.trade/assets/main-_i6vfeq4.js:1943
[ 4891439ms] [LOG] [useNewPairs] parsed pairs: 500 ok: true @ https://solpulse.trade/assets/main-_i6vfeq4.js:1943
[ 4899311ms] [LOG] [useNewPairs] fetching: https://api.solpulse.trade/api/new-pairs @ https://solpulse.trade/assets/main-_i6vfeq4.js:1943
[ 4899401ms] [LOG] [useNewPairs] response status: 200 ok: true @ https://solpulse.trade/assets/main-_i6vfeq4.js:1943
[ 4899424ms] [LOG] [useNewPairs] parsed pairs: 500 ok: true @ https://solpulse.trade/assets/main-_i6vfeq4.js:1943
[ 4899490ms] [ERROR] Failed to load resource: net::ERR_SSL_PROTOCOL_ERROR @ https://gateway.irys.xyz/em5twmyoeTJw9eZDj25xoKbBjHYhbeXYCcZ55o23Ztg:0
[ 4899517ms] [ERROR] Failed to load resource: net::ERR_BLOCKED_BY_RESPONSE.NotSameOrigin @ https://ipfs.io/ipfs/QmdsH8JovuBP2oh41sGa2hkfaqEteN3cYuSe17UJJbfQmu:0
[ 4907312ms] [LOG] [useNewPairs] fetching: https://api.solpulse.trade/api/new-pairs @ https://solpulse.trade/assets/main-_i6vfeq4.js:1943
[ 4907397ms] [LOG] [useNewPairs] response status: 200 ok: true @ https://solpulse.trade/assets/main-_i6vfeq4.js:1943
[ 4907423ms] [LOG] [useNewPairs] parsed pairs: 500 ok: true @ https://solpulse.trade/assets/main-_i6vfeq4.js:1943
[ 4915312ms] [LOG] [useNewPairs] fetching: https://api.solpulse.trade/api/new-pairs @ https://solpulse.trade/assets/main-_i6vfeq4.js:1943
[ 4915399ms] [LOG] [useNewPairs] response status: 200 ok: true @ https://solpulse.trade/assets/main-_i6vfeq4.js:1943
[ 4915408ms] [LOG] [useNewPairs] parsed pairs: 500 ok: true @ https://solpulse.trade/assets/main-_i6vfeq4.js:1943
[ 4923312ms] [LOG] [useNewPairs] fetching: https://api.solpulse.trade/api/new-pairs @ https://solpulse.trade/assets/main-_i6vfeq4.js:1943
[ 4923400ms] [LOG] [useNewPairs] response status: 200 ok: true @ https://solpulse.trade/assets/main-_i6vfeq4.js:1943
[ 4923423ms] [LOG] [useNewPairs] parsed pairs: 500 ok: true @ https://solpulse.trade/assets/main-_i6vfeq4.js:1943
[ 4931312ms] [LOG] [useNewPairs] fetching: https://api.solpulse.trade/api/new-pairs @ https://solpulse.trade/assets/main-_i6vfeq4.js:1943
[ 4931394ms] [LOG] [useNewPairs] response status: 200 ok: true @ https://solpulse.trade/assets/main-_i6vfeq4.js:1943
[ 4931404ms] [LOG] [useNewPairs] parsed pairs: 500 ok: true @ https://solpulse.trade/assets/main-_i6vfeq4.js:1943
[ 4939312ms] [LOG] [useNewPairs] fetching: https://api.solpulse.trade/api/new-pairs @ https://solpulse.trade/assets/main-_i6vfeq4.js:1943
[ 4939408ms] [LOG] [useNewPairs] response status: 200 ok: true @ https://solpulse.trade/assets/main-_i6vfeq4.js:1943
[ 4939420ms] [LOG] [useNewPairs] parsed pairs: 500 ok: true @ https://solpulse.trade/assets/main-_i6vfeq4.js:1943
[ 4947312ms] [LOG] [useNewPairs] fetching: https://api.solpulse.trade/api/new-pairs @ https://solpulse.trade/assets/main-_i6vfeq4.js:1943
[ 4947403ms] [LOG] [useNewPairs] response status: 200 ok: true @ https://solpulse.trade/assets/main-_i6vfeq4.js:1943
[ 4947413ms] [LOG] [useNewPairs] parsed pairs: 500 ok: true @ https://solpulse.trade/assets/main-_i6vfeq4.js:1943
[ 4955312ms] [LOG] [useNewPairs] fetching: https://api.solpulse.trade/api/new-pairs @ https://solpulse.trade/assets/main-_i6vfeq4.js:1943
[ 4955409ms] [LOG] [useNewPairs] response status: 200 ok: true @ https://solpulse.trade/assets/main-_i6vfeq4.js:1943
[ 4955435ms] [LOG] [useNewPairs] parsed pairs: 500 ok: true @ https://solpulse.trade/assets/main-_i6vfeq4.js:1943
[ 4963312ms] [LOG] [useNewPairs] fetching: https://api.solpulse.trade/api/new-pairs @ https://solpulse.trade/assets/main-_i6vfeq4.js:1943
[ 4963408ms] [LOG] [useNewPairs] response status: 200 ok: true @ https://solpulse.trade/assets/main-_i6vfeq4.js:1943
[ 4963434ms] [LOG] [useNewPairs] parsed pairs: 500 ok: true @ https://solpulse.trade/assets/main-_i6vfeq4.js:1943
[ 4963480ms] [ERROR] Failed to load resource: net::ERR_SSL_PROTOCOL_ERROR @ https://gateway.irys.xyz/9YHCK7LadKo6rHUSeofUe6BnKea81QAMFTy2LtvDjDzd:0
[ 4963513ms] [ERROR] Failed to load resource: the server responded with a status of 404 () @ https://pbs.twimg.com/profile_images/1657781550342377472/gjAgrbHc_400x400.jpg:0
[ 4971313ms] [LOG] [useNewPairs] fetching: https://api.solpulse.trade/api/new-pairs @ https://solpulse.trade/assets/main-_i6vfeq4.js:1943
[ 4971400ms] [LOG] [useNewPairs] response status: 200 ok: true @ https://solpulse.trade/assets/main-_i6vfeq4.js:1943
[ 4971424ms] [LOG] [useNewPairs] parsed pairs: 500 ok: true @ https://solpulse.trade/assets/main-_i6vfeq4.js:1943
[ 4979313ms] [LOG] [useNewPairs] fetching: https://api.solpulse.trade/api/new-pairs @ https://solpulse.trade/assets/main-_i6vfeq4.js:1943
[ 4979409ms] [LOG] [useNewPairs] response status: 200 ok: true @ https://solpulse.trade/assets/main-_i6vfeq4.js:1943
[ 4979418ms] [LOG] [useNewPairs] parsed pairs: 500 ok: true @ https://solpulse.trade/assets/main-_i6vfeq4.js:1943
[ 4987313ms] [LOG] [useNewPairs] fetching: https://api.solpulse.trade/api/new-pairs @ https://solpulse.trade/assets/main-_i6vfeq4.js:1943
[ 4987402ms] [LOG] [useNewPairs] response status: 200 ok: true @ https://solpulse.trade/assets/main-_i6vfeq4.js:1943
[ 4987427ms] [LOG] [useNewPairs] parsed pairs: 500 ok: true @ https://solpulse.trade/assets/main-_i6vfeq4.js:1943
[ 4995313ms] [LOG] [useNewPairs] fetching: https://api.solpulse.trade/api/new-pairs @ https://solpulse.trade/assets/main-_i6vfeq4.js:1943
[ 4995413ms] [LOG] [useNewPairs] response status: 200 ok: true @ https://solpulse.trade/assets/main-_i6vfeq4.js:1943
[ 4995437ms] [LOG] [useNewPairs] parsed pairs: 500 ok: true @ https://solpulse.trade/assets/main-_i6vfeq4.js:1943
[ 5003311ms] [LOG] [useNewPairs] fetching: https://api.solpulse.trade/api/new-pairs @ https://solpulse.trade/assets/main-_i6vfeq4.js:1943
[ 5003400ms] [LOG] [useNewPairs] response status: 200 ok: true @ https://solpulse.trade/assets/main-_i6vfeq4.js:1943
[ 5003410ms] [LOG] [useNewPairs] parsed pairs: 500 ok: true @ https://solpulse.trade/assets/main-_i6vfeq4.js:1943
[ 5011312ms] [LOG] [useNewPairs] fetching: https://api.solpulse.trade/api/new-pairs @ https://solpulse.trade/assets/main-_i6vfeq4.js:1943
[ 5011386ms] [LOG] [useNewPairs] response status: 200 ok: true @ https://solpulse.trade/assets/main-_i6vfeq4.js:1943
[ 5011400ms] [LOG] [useNewPairs] parsed pairs: 500 ok: true @ https://solpulse.trade/assets/main-_i6vfeq4.js:1943
[ 5019313ms] [LOG] [useNewPairs] fetching: https://api.solpulse.trade/api/new-pairs @ https://solpulse.trade/assets/main-_i6vfeq4.js:1943
[ 5019404ms] [LOG] [useNewPairs] response status: 200 ok: true @ https://solpulse.trade/assets/main-_i6vfeq4.js:1943
[ 5019430ms] [LOG] [useNewPairs] parsed pairs: 500 ok: true @ https://solpulse.trade/assets/main-_i6vfeq4.js:1943
[ 5027313ms] [LOG] [useNewPairs] fetching: https://api.solpulse.trade/api/new-pairs @ https://solpulse.trade/assets/main-_i6vfeq4.js:1943
[ 5027394ms] [LOG] [useNewPairs] response status: 200 ok: true @ https://solpulse.trade/assets/main-_i6vfeq4.js:1943
[ 5027411ms] [LOG] [useNewPairs] parsed pairs: 500 ok: true @ https://solpulse.trade/assets/main-_i6vfeq4.js:1943
[ 5035312ms] [LOG] [useNewPairs] fetching: https://api.solpulse.trade/api/new-pairs @ https://solpulse.trade/assets/main-_i6vfeq4.js:1943
[ 5035406ms] [LOG] [useNewPairs] response status: 200 ok: true @ https://solpulse.trade/assets/main-_i6vfeq4.js:1943
[ 5035430ms] [LOG] [useNewPairs] parsed pairs: 500 ok: true @ https://solpulse.trade/assets/main-_i6vfeq4.js:1943
[ 5043313ms] [LOG] [useNewPairs] fetching: https://api.solpulse.trade/api/new-pairs @ https://solpulse.trade/assets/main-_i6vfeq4.js:1943
[ 5043404ms] [LOG] [useNewPairs] response status: 200 ok: true @ https://solpulse.trade/assets/main-_i6vfeq4.js:1943
[ 5043431ms] [LOG] [useNewPairs] parsed pairs: 500 ok: true @ https://solpulse.trade/assets/main-_i6vfeq4.js:1943
[ 5051313ms] [LOG] [useNewPairs] fetching: https://api.solpulse.trade/api/new-pairs @ https://solpulse.trade/assets/main-_i6vfeq4.js:1943
[ 5051417ms] [LOG] [useNewPairs] response status: 200 ok: true @ https://solpulse.trade/assets/main-_i6vfeq4.js:1943
[ 5051449ms] [LOG] [useNewPairs] parsed pairs: 500 ok: true @ https://solpulse.trade/assets/main-_i6vfeq4.js:1943
[ 5059312ms] [LOG] [useNewPairs] fetching: https://api.solpulse.trade/api/new-pairs @ https://solpulse.trade/assets/main-_i6vfeq4.js:1943
[ 5059421ms] [LOG] [useNewPairs] response status: 200 ok: true @ https://solpulse.trade/assets/main-_i6vfeq4.js:1943
[ 5059468ms] [LOG] [useNewPairs] parsed pairs: 500 ok: true @ https://solpulse.trade/assets/main-_i6vfeq4.js:1943
[ 5067313ms] [LOG] [useNewPairs] fetching: https://api.solpulse.trade/api/new-pairs @ https://solpulse.trade/assets/main-_i6vfeq4.js:1943
[ 5067402ms] [LOG] [useNewPairs] response status: 200 ok: true @ https://solpulse.trade/assets/main-_i6vfeq4.js:1943
[ 5067428ms] [LOG] [useNewPairs] parsed pairs: 500 ok: true @ https://solpulse.trade/assets/main-_i6vfeq4.js:1943
[ 5075313ms] [LOG] [useNewPairs] fetching: https://api.solpulse.trade/api/new-pairs @ https://solpulse.trade/assets/main-_i6vfeq4.js:1943
[ 5075400ms] [LOG] [useNewPairs] response status: 200 ok: true @ https://solpulse.trade/assets/main-_i6vfeq4.js:1943
[ 5075446ms] [LOG] [useNewPairs] parsed pairs: 500 ok: true @ https://solpulse.trade/assets/main-_i6vfeq4.js:1943
[ 5083313ms] [LOG] [useNewPairs] fetching: https://api.solpulse.trade/api/new-pairs @ https://solpulse.trade/assets/main-_i6vfeq4.js:1943
[ 5083404ms] [LOG] [useNewPairs] response status: 200 ok: true @ https://solpulse.trade/assets/main-_i6vfeq4.js:1943
[ 5083432ms] [LOG] [useNewPairs] parsed pairs: 500 ok: true @ https://solpulse.trade/assets/main-_i6vfeq4.js:1943
[ 5091312ms] [LOG] [useNewPairs] fetching: https://api.solpulse.trade/api/new-pairs @ https://solpulse.trade/assets/main-_i6vfeq4.js:1943
[ 5091403ms] [LOG] [useNewPairs] response status: 200 ok: true @ https://solpulse.trade/assets/main-_i6vfeq4.js:1943
[ 5091414ms] [LOG] [useNewPairs] parsed pairs: 500 ok: true @ https://solpulse.trade/assets/main-_i6vfeq4.js:1943
[ 5091465ms] [ERROR] Failed to load resource: net::ERR_SSL_PROTOCOL_ERROR @ https://gateway.irys.xyz/9YHCK7LadKo6rHUSeofUe6BnKea81QAMFTy2LtvDjDzd:0
[ 5091474ms] [ERROR] Failed to load resource: net::ERR_SSL_PROTOCOL_ERROR @ https://gateway.irys.xyz/4wnmS7YNZMKeYPSKA8DMCvh1P4Kye9WFcVjNpk8zCsiP:0
[ 5099312ms] [LOG] [useNewPairs] fetching: https://api.solpulse.trade/api/new-pairs @ https://solpulse.trade/assets/main-_i6vfeq4.js:1943
[ 5099406ms] [LOG] [useNewPairs] response status: 200 ok: true @ https://solpulse.trade/assets/main-_i6vfeq4.js:1943
[ 5099449ms] [LOG] [useNewPairs] parsed pairs: 500 ok: true @ https://solpulse.trade/assets/main-_i6vfeq4.js:1943
[ 5107313ms] [LOG] [useNewPairs] fetching: https://api.solpulse.trade/api/new-pairs @ https://solpulse.trade/assets/main-_i6vfeq4.js:1943
[ 5107402ms] [LOG] [useNewPairs] response status: 200 ok: true @ https://solpulse.trade/assets/main-_i6vfeq4.js:1943
[ 5107426ms] [LOG] [useNewPairs] parsed pairs: 500 ok: true @ https://solpulse.trade/assets/main-_i6vfeq4.js:1943
[ 5115313ms] [LOG] [useNewPairs] fetching: https://api.solpulse.trade/api/new-pairs @ https://solpulse.trade/assets/main-_i6vfeq4.js:1943
[ 5115412ms] [LOG] [useNewPairs] response status: 200 ok: true @ https://solpulse.trade/assets/main-_i6vfeq4.js:1943
[ 5115456ms] [LOG] [useNewPairs] parsed pairs: 500 ok: true @ https://solpulse.trade/assets/main-_i6vfeq4.js:1943
[ 5123313ms] [LOG] [useNewPairs] fetching: https://api.solpulse.trade/api/new-pairs @ https://solpulse.trade/assets/main-_i6vfeq4.js:1943
[ 5123414ms] [LOG] [useNewPairs] response status: 200 ok: true @ https://solpulse.trade/assets/main-_i6vfeq4.js:1943
[ 5123434ms] [LOG] [useNewPairs] parsed pairs: 500 ok: true @ https://solpulse.trade/assets/main-_i6vfeq4.js:1943
[ 5123530ms] [ERROR] Failed to load resource: net::ERR_BLOCKED_BY_RESPONSE.NotSameOrigin @ https://ipfs.io/ipfs/bafybeieaok2ieitrudyjk4msmbowz6s4wvmtyqlv4rawdemsnk5crzzuii:0
[ 5131313ms] [LOG] [useNewPairs] fetching: https://api.solpulse.trade/api/new-pairs @ https://solpulse.trade/assets/main-_i6vfeq4.js:1943
[ 5131405ms] [LOG] [useNewPairs] response status: 200 ok: true @ https://solpulse.trade/assets/main-_i6vfeq4.js:1943
[ 5131417ms] [LOG] [useNewPairs] parsed pairs: 500 ok: true @ https://solpulse.trade/assets/main-_i6vfeq4.js:1943
[ 5139313ms] [LOG] [useNewPairs] fetching: https://api.solpulse.trade/api/new-pairs @ https://solpulse.trade/assets/main-_i6vfeq4.js:1943
[ 5139390ms] [LOG] [useNewPairs] response status: 200 ok: true @ https://solpulse.trade/assets/main-_i6vfeq4.js:1943
[ 5139409ms] [LOG] [useNewPairs] parsed pairs: 500 ok: true @ https://solpulse.trade/assets/main-_i6vfeq4.js:1943
[ 5147313ms] [LOG] [useNewPairs] fetching: https://api.solpulse.trade/api/new-pairs @ https://solpulse.trade/assets/main-_i6vfeq4.js:1943
[ 5147408ms] [LOG] [useNewPairs] response status: 200 ok: true @ https://solpulse.trade/assets/main-_i6vfeq4.js:1943
[ 5147454ms] [LOG] [useNewPairs] parsed pairs: 500 ok: true @ https://solpulse.trade/assets/main-_i6vfeq4.js:1943
[ 5155313ms] [LOG] [useNewPairs] fetching: https://api.solpulse.trade/api/new-pairs @ https://solpulse.trade/assets/main-_i6vfeq4.js:1943
[ 5155407ms] [LOG] [useNewPairs] response status: 200 ok: true @ https://solpulse.trade/assets/main-_i6vfeq4.js:1943
[ 5155432ms] [LOG] [useNewPairs] parsed pairs: 500 ok: true @ https://solpulse.trade/assets/main-_i6vfeq4.js:1943
[ 5163313ms] [LOG] [useNewPairs] fetching: https://api.solpulse.trade/api/new-pairs @ https://solpulse.trade/assets/main-_i6vfeq4.js:1943
[ 5163401ms] [LOG] [useNewPairs] response status: 200 ok: true @ https://solpulse.trade/assets/main-_i6vfeq4.js:1943
[ 5163447ms] [LOG] [useNewPairs] parsed pairs: 500 ok: true @ https://solpulse.trade/assets/main-_i6vfeq4.js:1943
[ 5171313ms] [LOG] [useNewPairs] fetching: https://api.solpulse.trade/api/new-pairs @ https://solpulse.trade/assets/main-_i6vfeq4.js:1943
[ 5171415ms] [LOG] [useNewPairs] response status: 200 ok: true @ https://solpulse.trade/assets/main-_i6vfeq4.js:1943
[ 5171440ms] [LOG] [useNewPairs] parsed pairs: 500 ok: true @ https://solpulse.trade/assets/main-_i6vfeq4.js:1943
[ 5179313ms] [LOG] [useNewPairs] fetching: https://api.solpulse.trade/api/new-pairs @ https://solpulse.trade/assets/main-_i6vfeq4.js:1943
[ 5179401ms] [LOG] [useNewPairs] response status: 200 ok: true @ https://solpulse.trade/assets/main-_i6vfeq4.js:1943
[ 5179444ms] [LOG] [useNewPairs] parsed pairs: 500 ok: true @ https://solpulse.trade/assets/main-_i6vfeq4.js:1943
[ 5187312ms] [LOG] [useNewPairs] fetching: https://api.solpulse.trade/api/new-pairs @ https://solpulse.trade/assets/main-_i6vfeq4.js:1943
[ 5187410ms] [LOG] [useNewPairs] response status: 200 ok: true @ https://solpulse.trade/assets/main-_i6vfeq4.js:1943
[ 5187430ms] [LOG] [useNewPairs] parsed pairs: 500 ok: true @ https://solpulse.trade/assets/main-_i6vfeq4.js:1943
[ 5195312ms] [LOG] [useNewPairs] fetching: https://api.solpulse.trade/api/new-pairs @ https://solpulse.trade/assets/main-_i6vfeq4.js:1943
[ 5195403ms] [LOG] [useNewPairs] response status: 200 ok: true @ https://solpulse.trade/assets/main-_i6vfeq4.js:1943
[ 5195414ms] [LOG] [useNewPairs] parsed pairs: 500 ok: true @ https://solpulse.trade/assets/main-_i6vfeq4.js:1943
[ 5203312ms] [LOG] [useNewPairs] fetching: https://api.solpulse.trade/api/new-pairs @ https://solpulse.trade/assets/main-_i6vfeq4.js:1943
[ 5203404ms] [LOG] [useNewPairs] response status: 200 ok: true @ https://solpulse.trade/assets/main-_i6vfeq4.js:1943
[ 5203449ms] [LOG] [useNewPairs] parsed pairs: 500 ok: true @ https://solpulse.trade/assets/main-_i6vfeq4.js:1943
[ 5211313ms] [LOG] [useNewPairs] fetching: https://api.solpulse.trade/api/new-pairs @ https://solpulse.trade/assets/main-_i6vfeq4.js:1943
[ 5211406ms] [LOG] [useNewPairs] response status: 200 ok: true @ https://solpulse.trade/assets/main-_i6vfeq4.js:1943
[ 5211434ms] [LOG] [useNewPairs] parsed pairs: 500 ok: true @ https://solpulse.trade/assets/main-_i6vfeq4.js:1943
[ 5219313ms] [LOG] [useNewPairs] fetching: https://api.solpulse.trade/api/new-pairs @ https://solpulse.trade/assets/main-_i6vfeq4.js:1943
[ 5219401ms] [LOG] [useNewPairs] response status: 200 ok: true @ https://solpulse.trade/assets/main-_i6vfeq4.js:1943
[ 5219446ms] [LOG] [useNewPairs] parsed pairs: 500 ok: true @ https://solpulse.trade/assets/main-_i6vfeq4.js:1943
[ 5227310ms] [LOG] [useNewPairs] fetching: https://api.solpulse.trade/api/new-pairs @ https://solpulse.trade/assets/main-_i6vfeq4.js:1943
[ 5227418ms] [LOG] [useNewPairs] response status: 200 ok: true @ https://solpulse.trade/assets/main-_i6vfeq4.js:1943
[ 5227423ms] [LOG] [useNewPairs] parsed pairs: 500 ok: true @ https://solpulse.trade/assets/main-_i6vfeq4.js:1943
[ 5235312ms] [LOG] [useNewPairs] fetching: https://api.solpulse.trade/api/new-pairs @ https://solpulse.trade/assets/main-_i6vfeq4.js:1943
[ 5235415ms] [LOG] [useNewPairs] response status: 200 ok: true @ https://solpulse.trade/assets/main-_i6vfeq4.js:1943
[ 5235423ms] [LOG] [useNewPairs] parsed pairs: 500 ok: true @ https://solpulse.trade/assets/main-_i6vfeq4.js:1943
[ 5243313ms] [LOG] [useNewPairs] fetching: https://api.solpulse.trade/api/new-pairs @ https://solpulse.trade/assets/main-_i6vfeq4.js:1943
[ 5243398ms] [LOG] [useNewPairs] response status: 200 ok: true @ https://solpulse.trade/assets/main-_i6vfeq4.js:1943
[ 5243414ms] [LOG] [useNewPairs] parsed pairs: 500 ok: true @ https://solpulse.trade/assets/main-_i6vfeq4.js:1943
[ 5251312ms] [LOG] [useNewPairs] fetching: https://api.solpulse.trade/api/new-pairs @ https://solpulse.trade/assets/main-_i6vfeq4.js:1943
[ 5251406ms] [LOG] [useNewPairs] response status: 200 ok: true @ https://solpulse.trade/assets/main-_i6vfeq4.js:1943
[ 5251436ms] [LOG] [useNewPairs] parsed pairs: 500 ok: true @ https://solpulse.trade/assets/main-_i6vfeq4.js:1943
[ 5259313ms] [LOG] [useNewPairs] fetching: https://api.solpulse.trade/api/new-pairs @ https://solpulse.trade/assets/main-_i6vfeq4.js:1943
[ 5259398ms] [LOG] [useNewPairs] response status: 200 ok: true @ https://solpulse.trade/assets/main-_i6vfeq4.js:1943
[ 5259406ms] [LOG] [useNewPairs] parsed pairs: 500 ok: true @ https://solpulse.trade/assets/main-_i6vfeq4.js:1943
[ 5267311ms] [LOG] [useNewPairs] fetching: https://api.solpulse.trade/api/new-pairs @ https://solpulse.trade/assets/main-_i6vfeq4.js:1943
[ 5267404ms] [LOG] [useNewPairs] response status: 200 ok: true @ https://solpulse.trade/assets/main-_i6vfeq4.js:1943
[ 5267426ms] [LOG] [useNewPairs] parsed pairs: 500 ok: true @ https://solpulse.trade/assets/main-_i6vfeq4.js:1943
[ 5275311ms] [LOG] [useNewPairs] fetching: https://api.solpulse.trade/api/new-pairs @ https://solpulse.trade/assets/main-_i6vfeq4.js:1943
[ 5275400ms] [LOG] [useNewPairs] response status: 200 ok: true @ https://solpulse.trade/assets/main-_i6vfeq4.js:1943
[ 5275431ms] [LOG] [useNewPairs] parsed pairs: 500 ok: true @ https://solpulse.trade/assets/main-_i6vfeq4.js:1943
[ 5283312ms] [LOG] [useNewPairs] fetching: https://api.solpulse.trade/api/new-pairs @ https://solpulse.trade/assets/main-_i6vfeq4.js:1943
[ 5283408ms] [LOG] [useNewPairs] response status: 200 ok: true @ https://solpulse.trade/assets/main-_i6vfeq4.js:1943
[ 5283454ms] [LOG] [useNewPairs] parsed pairs: 500 ok: true @ https://solpulse.trade/assets/main-_i6vfeq4.js:1943
[ 5291313ms] [LOG] [useNewPairs] fetching: https://api.solpulse.trade/api/new-pairs @ https://solpulse.trade/assets/main-_i6vfeq4.js:1943
[ 5291415ms] [LOG] [useNewPairs] response status: 200 ok: true @ https://solpulse.trade/assets/main-_i6vfeq4.js:1943
[ 5291420ms] [LOG] [useNewPairs] parsed pairs: 500 ok: true @ https://solpulse.trade/assets/main-_i6vfeq4.js:1943
[ 5299312ms] [LOG] [useNewPairs] fetching: https://api.solpulse.trade/api/new-pairs @ https://solpulse.trade/assets/main-_i6vfeq4.js:1943
[ 5299400ms] [LOG] [useNewPairs] response status: 200 ok: true @ https://solpulse.trade/assets/main-_i6vfeq4.js:1943
[ 5299411ms] [LOG] [useNewPairs] parsed pairs: 500 ok: true @ https://solpulse.trade/assets/main-_i6vfeq4.js:1943
[ 5307311ms] [LOG] [useNewPairs] fetching: https://api.solpulse.trade/api/new-pairs @ https://solpulse.trade/assets/main-_i6vfeq4.js:1943
[ 5307470ms] [LOG] [useNewPairs] response status: 200 ok: true @ https://solpulse.trade/assets/main-_i6vfeq4.js:1943
[ 5307492ms] [LOG] [useNewPairs] parsed pairs: 500 ok: true @ https://solpulse.trade/assets/main-_i6vfeq4.js:1943
[ 5315312ms] [LOG] [useNewPairs] fetching: https://api.solpulse.trade/api/new-pairs @ https://solpulse.trade/assets/main-_i6vfeq4.js:1943
[ 5315412ms] [LOG] [useNewPairs] response status: 200 ok: true @ https://solpulse.trade/assets/main-_i6vfeq4.js:1943
[ 5315439ms] [LOG] [useNewPairs] parsed pairs: 500 ok: true @ https://solpulse.trade/assets/main-_i6vfeq4.js:1943
[ 5315555ms] [ERROR] Failed to load resource: net::ERR_BLOCKED_BY_RESPONSE.NotSameOrigin @ https://ipfs.io/ipfs/bafkreibyty5nrc7lbecddweqs4xdddirc7wigc44hurenjkkwndaki2lo4:0
[ 5315560ms] [ERROR] Failed to load resource: net::ERR_BLOCKED_BY_RESPONSE.NotSameOrigin @ https://ipfs.io/ipfs/bafybeibtfgljqhe437cgbt5avqhvgkyab67j24l7zxnfxcs6lxilqungnm:0
[ 5323311ms] [LOG] [useNewPairs] fetching: https://api.solpulse.trade/api/new-pairs @ https://solpulse.trade/assets/main-_i6vfeq4.js:1943
[ 5323408ms] [LOG] [useNewPairs] response status: 200 ok: true @ https://solpulse.trade/assets/main-_i6vfeq4.js:1943
[ 5323434ms] [LOG] [useNewPairs] parsed pairs: 500 ok: true @ https://solpulse.trade/assets/main-_i6vfeq4.js:1943
[ 5331313ms] [LOG] [useNewPairs] fetching: https://api.solpulse.trade/api/new-pairs @ https://solpulse.trade/assets/main-_i6vfeq4.js:1943
[ 5331401ms] [LOG] [useNewPairs] response status: 200 ok: true @ https://solpulse.trade/assets/main-_i6vfeq4.js:1943
[ 5331428ms] [LOG] [useNewPairs] parsed pairs: 500 ok: true @ https://solpulse.trade/assets/main-_i6vfeq4.js:1943
[ 5339312ms] [LOG] [useNewPairs] fetching: https://api.solpulse.trade/api/new-pairs @ https://solpulse.trade/assets/main-_i6vfeq4.js:1943
[ 5339423ms] [LOG] [useNewPairs] response status: 200 ok: true @ https://solpulse.trade/assets/main-_i6vfeq4.js:1943
[ 5339448ms] [LOG] [useNewPairs] parsed pairs: 500 ok: true @ https://solpulse.trade/assets/main-_i6vfeq4.js:1943
[ 5347311ms] [LOG] [useNewPairs] fetching: https://api.solpulse.trade/api/new-pairs @ https://solpulse.trade/assets/main-_i6vfeq4.js:1943
[ 5347397ms] [LOG] [useNewPairs] response status: 200 ok: true @ https://solpulse.trade/assets/main-_i6vfeq4.js:1943
[ 5347425ms] [LOG] [useNewPairs] parsed pairs: 500 ok: true @ https://solpulse.trade/assets/main-_i6vfeq4.js:1943
[ 5355313ms] [LOG] [useNewPairs] fetching: https://api.solpulse.trade/api/new-pairs @ https://solpulse.trade/assets/main-_i6vfeq4.js:1943
[ 5355414ms] [LOG] [useNewPairs] response status: 200 ok: true @ https://solpulse.trade/assets/main-_i6vfeq4.js:1943
[ 5355439ms] [LOG] [useNewPairs] parsed pairs: 500 ok: true @ https://solpulse.trade/assets/main-_i6vfeq4.js:1943
[ 5363311ms] [LOG] [useNewPairs] fetching: https://api.solpulse.trade/api/new-pairs @ https://solpulse.trade/assets/main-_i6vfeq4.js:1943
[ 5363405ms] [LOG] [useNewPairs] response status: 200 ok: true @ https://solpulse.trade/assets/main-_i6vfeq4.js:1943
[ 5363432ms] [LOG] [useNewPairs] parsed pairs: 500 ok: true @ https://solpulse.trade/assets/main-_i6vfeq4.js:1943
[ 5371311ms] [LOG] [useNewPairs] fetching: https://api.solpulse.trade/api/new-pairs @ https://solpulse.trade/assets/main-_i6vfeq4.js:1943
[ 5371413ms] [LOG] [useNewPairs] response status: 200 ok: true @ https://solpulse.trade/assets/main-_i6vfeq4.js:1943
[ 5371427ms] [LOG] [useNewPairs] parsed pairs: 500 ok: true @ https://solpulse.trade/assets/main-_i6vfeq4.js:1943
[ 5379313ms] [LOG] [useNewPairs] fetching: https://api.solpulse.trade/api/new-pairs @ https://solpulse.trade/assets/main-_i6vfeq4.js:1943
[ 5379403ms] [LOG] [useNewPairs] response status: 200 ok: true @ https://solpulse.trade/assets/main-_i6vfeq4.js:1943
[ 5379413ms] [LOG] [useNewPairs] parsed pairs: 500 ok: true @ https://solpulse.trade/assets/main-_i6vfeq4.js:1943
[ 5387313ms] [LOG] [useNewPairs] fetching: https://api.solpulse.trade/api/new-pairs @ https://solpulse.trade/assets/main-_i6vfeq4.js:1943
[ 5387404ms] [LOG] [useNewPairs] response status: 200 ok: true @ https://solpulse.trade/assets/main-_i6vfeq4.js:1943
[ 5387428ms] [LOG] [useNewPairs] parsed pairs: 500 ok: true @ https://solpulse.trade/assets/main-_i6vfeq4.js:1943
[ 5395313ms] [LOG] [useNewPairs] fetching: https://api.solpulse.trade/api/new-pairs @ https://solpulse.trade/assets/main-_i6vfeq4.js:1943
[ 5395405ms] [LOG] [useNewPairs] response status: 200 ok: true @ https://solpulse.trade/assets/main-_i6vfeq4.js:1943
[ 5395450ms] [LOG] [useNewPairs] parsed pairs: 500 ok: true @ https://solpulse.trade/assets/main-_i6vfeq4.js:1943
[ 5403313ms] [LOG] [useNewPairs] fetching: https://api.solpulse.trade/api/new-pairs @ https://solpulse.trade/assets/main-_i6vfeq4.js:1943
[ 5403408ms] [LOG] [useNewPairs] response status: 200 ok: true @ https://solpulse.trade/assets/main-_i6vfeq4.js:1943
[ 5403436ms] [LOG] [useNewPairs] parsed pairs: 500 ok: true @ https://solpulse.trade/assets/main-_i6vfeq4.js:1943
[ 5411310ms] [LOG] [useNewPairs] fetching: https://api.solpulse.trade/api/new-pairs @ https://solpulse.trade/assets/main-_i6vfeq4.js:1943
[ 5411422ms] [LOG] [useNewPairs] response status: 200 ok: true @ https://solpulse.trade/assets/main-_i6vfeq4.js:1943
[ 5411441ms] [LOG] [useNewPairs] parsed pairs: 500 ok: true @ https://solpulse.trade/assets/main-_i6vfeq4.js:1943
[ 5411568ms] [ERROR] Failed to load resource: net::ERR_BLOCKED_BY_RESPONSE.NotSameOrigin @ https://ipfs.io/ipfs/bafybeifhcatce7uznncrn72p6ufzkiaewzmlmz6y7x3s7uokctjtdvopeu:0
[ 5419312ms] [LOG] [useNewPairs] fetching: https://api.solpulse.trade/api/new-pairs @ https://solpulse.trade/assets/main-_i6vfeq4.js:1943
[ 5419418ms] [LOG] [useNewPairs] response status: 200 ok: true @ https://solpulse.trade/assets/main-_i6vfeq4.js:1943
[ 5419444ms] [LOG] [useNewPairs] parsed pairs: 500 ok: true @ https://solpulse.trade/assets/main-_i6vfeq4.js:1943
[ 5427313ms] [LOG] [useNewPairs] fetching: https://api.solpulse.trade/api/new-pairs @ https://solpulse.trade/assets/main-_i6vfeq4.js:1943
[ 5427400ms] [LOG] [useNewPairs] response status: 200 ok: true @ https://solpulse.trade/assets/main-_i6vfeq4.js:1943
[ 5427410ms] [LOG] [useNewPairs] parsed pairs: 500 ok: true @ https://solpulse.trade/assets/main-_i6vfeq4.js:1943
[ 5435313ms] [LOG] [useNewPairs] fetching: https://api.solpulse.trade/api/new-pairs @ https://solpulse.trade/assets/main-_i6vfeq4.js:1943
[ 5435413ms] [LOG] [useNewPairs] response status: 200 ok: true @ https://solpulse.trade/assets/main-_i6vfeq4.js:1943
[ 5435425ms] [LOG] [useNewPairs] parsed pairs: 500 ok: true @ https://solpulse.trade/assets/main-_i6vfeq4.js:1943
[ 5443312ms] [LOG] [useNewPairs] fetching: https://api.solpulse.trade/api/new-pairs @ https://solpulse.trade/assets/main-_i6vfeq4.js:1943
[ 5443412ms] [LOG] [useNewPairs] response status: 200 ok: true @ https://solpulse.trade/assets/main-_i6vfeq4.js:1943
[ 5443437ms] [LOG] [useNewPairs] parsed pairs: 500 ok: true @ https://solpulse.trade/assets/main-_i6vfeq4.js:1943
[ 5443494ms] [ERROR] Failed to load resource: net::ERR_BLOCKED_BY_RESPONSE.NotSameOrigin @ https://ipfs.io/ipfs/QmVZ4yqc9FE44WvKyP6ykv2jKtd3Di7wXHmyEpdv5C9kMk:0
[ 5443529ms] [ERROR] Failed to load resource: net::ERR_BLOCKED_BY_RESPONSE.NotSameOrigin @ https://ipfs.io/ipfs/bafybeicecxccep2w4gwa5jbrbxzpz6ncz2u7d7vuasijixycblhek6ebdq:0
[ 5443529ms] [ERROR] Failed to load resource: net::ERR_BLOCKED_BY_RESPONSE.NotSameOrigin @ https://ipfs.io/ipfs/QmXneHb5T6mbhT2B8iQoRdjPELGL5XC51p7MxJFJCgRH2q:0
[ 5451313ms] [LOG] [useNewPairs] fetching: https://api.solpulse.trade/api/new-pairs @ https://solpulse.trade/assets/main-_i6vfeq4.js:1943
[ 5451406ms] [LOG] [useNewPairs] response status: 200 ok: true @ https://solpulse.trade/assets/main-_i6vfeq4.js:1943
[ 5451436ms] [LOG] [useNewPairs] parsed pairs: 500 ok: true @ https://solpulse.trade/assets/main-_i6vfeq4.js:1943
[ 5459313ms] [LOG] [useNewPairs] fetching: https://api.solpulse.trade/api/new-pairs @ https://solpulse.trade/assets/main-_i6vfeq4.js:1943
[ 5459404ms] [LOG] [useNewPairs] response status: 200 ok: true @ https://solpulse.trade/assets/main-_i6vfeq4.js:1943
[ 5459432ms] [LOG] [useNewPairs] parsed pairs: 500 ok: true @ https://solpulse.trade/assets/main-_i6vfeq4.js:1943
[ 5467313ms] [LOG] [useNewPairs] fetching: https://api.solpulse.trade/api/new-pairs @ https://solpulse.trade/assets/main-_i6vfeq4.js:1943
[ 5467407ms] [LOG] [useNewPairs] response status: 200 ok: true @ https://solpulse.trade/assets/main-_i6vfeq4.js:1943
[ 5467439ms] [LOG] [useNewPairs] parsed pairs: 500 ok: true @ https://solpulse.trade/assets/main-_i6vfeq4.js:1943
[ 5475314ms] [LOG] [useNewPairs] fetching: https://api.solpulse.trade/api/new-pairs @ https://solpulse.trade/assets/main-_i6vfeq4.js:1943
[ 5475403ms] [LOG] [useNewPairs] response status: 200 ok: true @ https://solpulse.trade/assets/main-_i6vfeq4.js:1943
[ 5475428ms] [LOG] [useNewPairs] parsed pairs: 500 ok: true @ https://solpulse.trade/assets/main-_i6vfeq4.js:1943
[ 5475710ms] [ERROR] Failed to load resource: net::ERR_BLOCKED_BY_RESPONSE.NotSameOrigin @ https://ipfs.io/ipfs/bafybeia5vbmgp3jvou6oxiqpohr6u3ra7n7k25ulcewzjdorp4obxnkfmu:0
[ 5483313ms] [LOG] [useNewPairs] fetching: https://api.solpulse.trade/api/new-pairs @ https://solpulse.trade/assets/main-_i6vfeq4.js:1943
[ 5483371ms] [ERROR] Failed to load resource: the server responded with a status of 401 () @ https://api.solpulse.trade/api/new-pairs:0
[ 5483589ms] [LOG] [useNewPairs] response status: 200 ok: true @ https://solpulse.trade/assets/main-_i6vfeq4.js:1943
[ 5483614ms] [LOG] [useNewPairs] parsed pairs: 500 ok: true @ https://solpulse.trade/assets/main-_i6vfeq4.js:1943
[ 5491313ms] [LOG] [useNewPairs] fetching: https://api.solpulse.trade/api/new-pairs @ https://solpulse.trade/assets/main-_i6vfeq4.js:1943
[ 5491417ms] [LOG] [useNewPairs] response status: 200 ok: true @ https://solpulse.trade/assets/main-_i6vfeq4.js:1943
[ 5491428ms] [LOG] [useNewPairs] parsed pairs: 500 ok: true @ https://solpulse.trade/assets/main-_i6vfeq4.js:1943
[ 5499313ms] [LOG] [useNewPairs] fetching: https://api.solpulse.trade/api/new-pairs @ https://solpulse.trade/assets/main-_i6vfeq4.js:1943
[ 5499407ms] [LOG] [useNewPairs] response status: 200 ok: true @ https://solpulse.trade/assets/main-_i6vfeq4.js:1943
[ 5499436ms] [LOG] [useNewPairs] parsed pairs: 500 ok: true @ https://solpulse.trade/assets/main-_i6vfeq4.js:1943
[ 5507313ms] [LOG] [useNewPairs] fetching: https://api.solpulse.trade/api/new-pairs @ https://solpulse.trade/assets/main-_i6vfeq4.js:1943
[ 5507401ms] [LOG] [useNewPairs] response status: 200 ok: true @ https://solpulse.trade/assets/main-_i6vfeq4.js:1943
[ 5507427ms] [LOG] [useNewPairs] parsed pairs: 500 ok: true @ https://solpulse.trade/assets/main-_i6vfeq4.js:1943
[ 5515313ms] [LOG] [useNewPairs] fetching: https://api.solpulse.trade/api/new-pairs @ https://solpulse.trade/assets/main-_i6vfeq4.js:1943
[ 5515416ms] [LOG] [useNewPairs] response status: 200 ok: true @ https://solpulse.trade/assets/main-_i6vfeq4.js:1943
[ 5515446ms] [LOG] [useNewPairs] parsed pairs: 500 ok: true @ https://solpulse.trade/assets/main-_i6vfeq4.js:1943
[ 5523313ms] [LOG] [useNewPairs] fetching: https://api.solpulse.trade/api/new-pairs @ https://solpulse.trade/assets/main-_i6vfeq4.js:1943
[ 5523399ms] [LOG] [useNewPairs] response status: 200 ok: true @ https://solpulse.trade/assets/main-_i6vfeq4.js:1943
[ 5523426ms] [LOG] [useNewPairs] parsed pairs: 500 ok: true @ https://solpulse.trade/assets/main-_i6vfeq4.js:1943
[ 5531313ms] [LOG] [useNewPairs] fetching: https://api.solpulse.trade/api/new-pairs @ https://solpulse.trade/assets/main-_i6vfeq4.js:1943
[ 5531425ms] [LOG] [useNewPairs] response status: 200 ok: true @ https://solpulse.trade/assets/main-_i6vfeq4.js:1943
[ 5531451ms] [LOG] [useNewPairs] parsed pairs: 500 ok: true @ https://solpulse.trade/assets/main-_i6vfeq4.js:1943
[ 5539313ms] [LOG] [useNewPairs] fetching: https://api.solpulse.trade/api/new-pairs @ https://solpulse.trade/assets/main-_i6vfeq4.js:1943
[ 5539405ms] [LOG] [useNewPairs] response status: 200 ok: true @ https://solpulse.trade/assets/main-_i6vfeq4.js:1943
[ 5539433ms] [LOG] [useNewPairs] parsed pairs: 500 ok: true @ https://solpulse.trade/assets/main-_i6vfeq4.js:1943
[ 5547313ms] [LOG] [useNewPairs] fetching: https://api.solpulse.trade/api/new-pairs @ https://solpulse.trade/assets/main-_i6vfeq4.js:1943
[ 5547403ms] [LOG] [useNewPairs] response status: 200 ok: true @ https://solpulse.trade/assets/main-_i6vfeq4.js:1943
[ 5547430ms] [LOG] [useNewPairs] parsed pairs: 500 ok: true @ https://solpulse.trade/assets/main-_i6vfeq4.js:1943
[ 5555313ms] [LOG] [useNewPairs] fetching: https://api.solpulse.trade/api/new-pairs @ https://solpulse.trade/assets/main-_i6vfeq4.js:1943
[ 5555416ms] [LOG] [useNewPairs] response status: 200 ok: true @ https://solpulse.trade/assets/main-_i6vfeq4.js:1943
[ 5555427ms] [LOG] [useNewPairs] parsed pairs: 500 ok: true @ https://solpulse.trade/assets/main-_i6vfeq4.js:1943
[ 5563313ms] [LOG] [useNewPairs] fetching: https://api.solpulse.trade/api/new-pairs @ https://solpulse.trade/assets/main-_i6vfeq4.js:1943
[ 5563399ms] [LOG] [useNewPairs] response status: 200 ok: true @ https://solpulse.trade/assets/main-_i6vfeq4.js:1943
[ 5563429ms] [LOG] [useNewPairs] parsed pairs: 500 ok: true @ https://solpulse.trade/assets/main-_i6vfeq4.js:1943
[ 5571313ms] [LOG] [useNewPairs] fetching: https://api.solpulse.trade/api/new-pairs @ https://solpulse.trade/assets/main-_i6vfeq4.js:1943
[ 5571415ms] [LOG] [useNewPairs] response status: 200 ok: true @ https://solpulse.trade/assets/main-_i6vfeq4.js:1943
[ 5571443ms] [LOG] [useNewPairs] parsed pairs: 500 ok: true @ https://solpulse.trade/assets/main-_i6vfeq4.js:1943
[ 5571537ms] [ERROR] Failed to load resource: net::ERR_SSL_PROTOCOL_ERROR @ https://gateway.irys.xyz/HUe1jUmKnGTbDoDCQDBhnVAAYWetZZJY2JneaF1wc62m:0
[ 5571537ms] [ERROR] Failed to load resource: net::ERR_SSL_PROTOCOL_ERROR @ https://gateway.irys.xyz/4wnmS7YNZMKeYPSKA8DMCvh1P4Kye9WFcVjNpk8zCsiP:0
[ 5571574ms] [ERROR] Failed to load resource: net::ERR_BLOCKED_BY_RESPONSE.NotSameOrigin @ https://ipfs.io/ipfs/QmZXyg8645yDvesrHdWfDNLnEztRm4ZevbeB2ELefVPQqc:0
[ 5579311ms] [LOG] [useNewPairs] fetching: https://api.solpulse.trade/api/new-pairs @ https://solpulse.trade/assets/main-_i6vfeq4.js:1943
[ 5579410ms] [LOG] [useNewPairs] response status: 200 ok: true @ https://solpulse.trade/assets/main-_i6vfeq4.js:1943
[ 5579435ms] [LOG] [useNewPairs] parsed pairs: 500 ok: true @ https://solpulse.trade/assets/main-_i6vfeq4.js:1943
[ 5587313ms] [LOG] [useNewPairs] fetching: https://api.solpulse.trade/api/new-pairs @ https://solpulse.trade/assets/main-_i6vfeq4.js:1943
[ 5587409ms] [LOG] [useNewPairs] response status: 200 ok: true @ https://solpulse.trade/assets/main-_i6vfeq4.js:1943
[ 5587435ms] [LOG] [useNewPairs] parsed pairs: 500 ok: true @ https://solpulse.trade/assets/main-_i6vfeq4.js:1943
[ 5595313ms] [LOG] [useNewPairs] fetching: https://api.solpulse.trade/api/new-pairs @ https://solpulse.trade/assets/main-_i6vfeq4.js:1943
[ 5595406ms] [LOG] [useNewPairs] response status: 200 ok: true @ https://solpulse.trade/assets/main-_i6vfeq4.js:1943
[ 5595431ms] [LOG] [useNewPairs] parsed pairs: 500 ok: true @ https://solpulse.trade/assets/main-_i6vfeq4.js:1943
[ 5603313ms] [LOG] [useNewPairs] fetching: https://api.solpulse.trade/api/new-pairs @ https://solpulse.trade/assets/main-_i6vfeq4.js:1943
[ 5603408ms] [LOG] [useNewPairs] response status: 200 ok: true @ https://solpulse.trade/assets/main-_i6vfeq4.js:1943
[ 5603432ms] [LOG] [useNewPairs] parsed pairs: 500 ok: true @ https://solpulse.trade/assets/main-_i6vfeq4.js:1943
[ 5603498ms] [ERROR] Failed to load resource: net::ERR_SSL_PROTOCOL_ERROR @ https://gateway.irys.xyz/3qQeGuWeGaH6ATrWyXQ3Gz1vcTQv2MFXZDaMQ2CpXBS9:0
[ 5611313ms] [LOG] [useNewPairs] fetching: https://api.solpulse.trade/api/new-pairs @ https://solpulse.trade/assets/main-_i6vfeq4.js:1943
[ 5611411ms] [LOG] [useNewPairs] response status: 200 ok: true @ https://solpulse.trade/assets/main-_i6vfeq4.js:1943
[ 5611432ms] [LOG] [useNewPairs] parsed pairs: 500 ok: true @ https://solpulse.trade/assets/main-_i6vfeq4.js:1943
[ 5619313ms] [LOG] [useNewPairs] fetching: https://api.solpulse.trade/api/new-pairs @ https://solpulse.trade/assets/main-_i6vfeq4.js:1943
[ 5619502ms] [LOG] [useNewPairs] response status: 200 ok: true @ https://solpulse.trade/assets/main-_i6vfeq4.js:1943
[ 5619504ms] [LOG] [useNewPairs] parsed pairs: 500 ok: true @ https://solpulse.trade/assets/main-_i6vfeq4.js:1943
[ 5627313ms] [LOG] [useNewPairs] fetching: https://api.solpulse.trade/api/new-pairs @ https://solpulse.trade/assets/main-_i6vfeq4.js:1943
[ 5627402ms] [LOG] [useNewPairs] response status: 200 ok: true @ https://solpulse.trade/assets/main-_i6vfeq4.js:1943
[ 5627428ms] [LOG] [useNewPairs] parsed pairs: 500 ok: true @ https://solpulse.trade/assets/main-_i6vfeq4.js:1943
[ 5635314ms] [LOG] [useNewPairs] fetching: https://api.solpulse.trade/api/new-pairs @ https://solpulse.trade/assets/main-_i6vfeq4.js:1943
[ 5635394ms] [LOG] [useNewPairs] response status: 200 ok: true @ https://solpulse.trade/assets/main-_i6vfeq4.js:1943
[ 5635405ms] [LOG] [useNewPairs] parsed pairs: 500 ok: true @ https://solpulse.trade/assets/main-_i6vfeq4.js:1943
[ 5635510ms] [ERROR] Failed to load resource: net::ERR_BLOCKED_BY_RESPONSE.NotSameOrigin @ https://ipfs.io/ipfs/bafybeicecxccep2w4gwa5jbrbxzpz6ncz2u7d7vuasijixycblhek6ebdq:0
[ 5635510ms] [ERROR] Failed to load resource: net::ERR_BLOCKED_BY_RESPONSE.NotSameOrigin @ https://ipfs.io/ipfs/QmNm2FEECPwiq1smeaVenmyiCc1KaHVahbL4kUnSUvj1y7:0
[ 5635510ms] [ERROR] Failed to load resource: net::ERR_BLOCKED_BY_RESPONSE.NotSameOrigin @ https://ipfs.io/ipfs/QmdmdDL1TFBz7R8uUjbjMMayPjBkSCwNt4bXAqMF3UE8bx:0
[ 5643313ms] [LOG] [useNewPairs] fetching: https://api.solpulse.trade/api/new-pairs @ https://solpulse.trade/assets/main-_i6vfeq4.js:1943
[ 5643407ms] [LOG] [useNewPairs] response status: 200 ok: true @ https://solpulse.trade/assets/main-_i6vfeq4.js:1943
[ 5643438ms] [LOG] [useNewPairs] parsed pairs: 500 ok: true @ https://solpulse.trade/assets/main-_i6vfeq4.js:1943
[ 5651313ms] [LOG] [useNewPairs] fetching: https://api.solpulse.trade/api/new-pairs @ https://solpulse.trade/assets/main-_i6vfeq4.js:1943
[ 5651388ms] [LOG] [useNewPairs] response status: 200 ok: true @ https://solpulse.trade/assets/main-_i6vfeq4.js:1943
[ 5651400ms] [LOG] [useNewPairs] parsed pairs: 500 ok: true @ https://solpulse.trade/assets/main-_i6vfeq4.js:1943
[ 5659313ms] [LOG] [useNewPairs] fetching: https://api.solpulse.trade/api/new-pairs @ https://solpulse.trade/assets/main-_i6vfeq4.js:1943
[ 5659399ms] [LOG] [useNewPairs] response status: 200 ok: true @ https://solpulse.trade/assets/main-_i6vfeq4.js:1943
[ 5659423ms] [LOG] [useNewPairs] parsed pairs: 500 ok: true @ https://solpulse.trade/assets/main-_i6vfeq4.js:1943
[ 5667313ms] [LOG] [useNewPairs] fetching: https://api.solpulse.trade/api/new-pairs @ https://solpulse.trade/assets/main-_i6vfeq4.js:1943
[ 5667400ms] [LOG] [useNewPairs] response status: 200 ok: true @ https://solpulse.trade/assets/main-_i6vfeq4.js:1943
[ 5667425ms] [LOG] [useNewPairs] parsed pairs: 500 ok: true @ https://solpulse.trade/assets/main-_i6vfeq4.js:1943
[ 5667535ms] [ERROR] Failed to load resource: net::ERR_BLOCKED_BY_RESPONSE.NotSameOrigin @ https://ipfs.io/ipfs/bafybeicauhmu6t4b64wpjrbk5svuukv7nxazc7gk6u4vkru53hx5eikkme:0
[ 5675313ms] [LOG] [useNewPairs] fetching: https://api.solpulse.trade/api/new-pairs @ https://solpulse.trade/assets/main-_i6vfeq4.js:1943
[ 5675405ms] [LOG] [useNewPairs] response status: 200 ok: true @ https://solpulse.trade/assets/main-_i6vfeq4.js:1943
[ 5675428ms] [LOG] [useNewPairs] parsed pairs: 500 ok: true @ https://solpulse.trade/assets/main-_i6vfeq4.js:1943
[ 5683313ms] [LOG] [useNewPairs] fetching: https://api.solpulse.trade/api/new-pairs @ https://solpulse.trade/assets/main-_i6vfeq4.js:1943
[ 5683400ms] [LOG] [useNewPairs] response status: 200 ok: true @ https://solpulse.trade/assets/main-_i6vfeq4.js:1943
[ 5683426ms] [LOG] [useNewPairs] parsed pairs: 500 ok: true @ https://solpulse.trade/assets/main-_i6vfeq4.js:1943
[ 5691313ms] [LOG] [useNewPairs] fetching: https://api.solpulse.trade/api/new-pairs @ https://solpulse.trade/assets/main-_i6vfeq4.js:1943
[ 5691400ms] [LOG] [useNewPairs] response status: 200 ok: true @ https://solpulse.trade/assets/main-_i6vfeq4.js:1943
[ 5691418ms] [LOG] [useNewPairs] parsed pairs: 500 ok: true @ https://solpulse.trade/assets/main-_i6vfeq4.js:1943
[ 5699313ms] [LOG] [useNewPairs] fetching: https://api.solpulse.trade/api/new-pairs @ https://solpulse.trade/assets/main-_i6vfeq4.js:1943
[ 5699430ms] [LOG] [useNewPairs] response status: 200 ok: true @ https://solpulse.trade/assets/main-_i6vfeq4.js:1943
[ 5699452ms] [LOG] [useNewPairs] parsed pairs: 500 ok: true @ https://solpulse.trade/assets/main-_i6vfeq4.js:1943
[ 5707313ms] [LOG] [useNewPairs] fetching: https://api.solpulse.trade/api/new-pairs @ https://solpulse.trade/assets/main-_i6vfeq4.js:1943
[ 5707407ms] [LOG] [useNewPairs] response status: 200 ok: true @ https://solpulse.trade/assets/main-_i6vfeq4.js:1943
[ 5707419ms] [LOG] [useNewPairs] parsed pairs: 500 ok: true @ https://solpulse.trade/assets/main-_i6vfeq4.js:1943
[ 5715313ms] [LOG] [useNewPairs] fetching: https://api.solpulse.trade/api/new-pairs @ https://solpulse.trade/assets/main-_i6vfeq4.js:1943
[ 5715409ms] [LOG] [useNewPairs] response status: 200 ok: true @ https://solpulse.trade/assets/main-_i6vfeq4.js:1943
[ 5715421ms] [LOG] [useNewPairs] parsed pairs: 500 ok: true @ https://solpulse.trade/assets/main-_i6vfeq4.js:1943
[ 5723313ms] [LOG] [useNewPairs] fetching: https://api.solpulse.trade/api/new-pairs @ https://solpulse.trade/assets/main-_i6vfeq4.js:1943
[ 5723399ms] [LOG] [useNewPairs] response status: 200 ok: true @ https://solpulse.trade/assets/main-_i6vfeq4.js:1943
[ 5723424ms] [LOG] [useNewPairs] parsed pairs: 500 ok: true @ https://solpulse.trade/assets/main-_i6vfeq4.js:1943
[ 5731314ms] [LOG] [useNewPairs] fetching: https://api.solpulse.trade/api/new-pairs @ https://solpulse.trade/assets/main-_i6vfeq4.js:1943
[ 5731414ms] [LOG] [useNewPairs] response status: 200 ok: true @ https://solpulse.trade/assets/main-_i6vfeq4.js:1943
[ 5731440ms] [LOG] [useNewPairs] parsed pairs: 500 ok: true @ https://solpulse.trade/assets/main-_i6vfeq4.js:1943
[ 5731507ms] [ERROR] Failed to load resource: net::ERR_SSL_PROTOCOL_ERROR @ https://gateway.irys.xyz/6SM7dHf3n2MAZeWM1CRpoqv6CopPQAuqsGo54Fpixw6k:0
[ 5739312ms] [LOG] [useNewPairs] fetching: https://api.solpulse.trade/api/new-pairs @ https://solpulse.trade/assets/main-_i6vfeq4.js:1943
[ 5739388ms] [LOG] [useNewPairs] response status: 200 ok: true @ https://solpulse.trade/assets/main-_i6vfeq4.js:1943
[ 5739399ms] [LOG] [useNewPairs] parsed pairs: 500 ok: true @ https://solpulse.trade/assets/main-_i6vfeq4.js:1943
[ 5747313ms] [LOG] [useNewPairs] fetching: https://api.solpulse.trade/api/new-pairs @ https://solpulse.trade/assets/main-_i6vfeq4.js:1943
[ 5747402ms] [LOG] [useNewPairs] response status: 200 ok: true @ https://solpulse.trade/assets/main-_i6vfeq4.js:1943
[ 5747427ms] [LOG] [useNewPairs] parsed pairs: 500 ok: true @ https://solpulse.trade/assets/main-_i6vfeq4.js:1943
[ 5755313ms] [LOG] [useNewPairs] fetching: https://api.solpulse.trade/api/new-pairs @ https://solpulse.trade/assets/main-_i6vfeq4.js:1943
[ 5755402ms] [LOG] [useNewPairs] response status: 200 ok: true @ https://solpulse.trade/assets/main-_i6vfeq4.js:1943
[ 5755426ms] [LOG] [useNewPairs] parsed pairs: 500 ok: true @ https://solpulse.trade/assets/main-_i6vfeq4.js:1943
[ 5763313ms] [LOG] [useNewPairs] fetching: https://api.solpulse.trade/api/new-pairs @ https://solpulse.trade/assets/main-_i6vfeq4.js:1943
[ 5763402ms] [LOG] [useNewPairs] response status: 200 ok: true @ https://solpulse.trade/assets/main-_i6vfeq4.js:1943
[ 5763426ms] [LOG] [useNewPairs] parsed pairs: 500 ok: true @ https://solpulse.trade/assets/main-_i6vfeq4.js:1943
[ 5771313ms] [LOG] [useNewPairs] fetching: https://api.solpulse.trade/api/new-pairs @ https://solpulse.trade/assets/main-_i6vfeq4.js:1943
[ 5771412ms] [LOG] [useNewPairs] response status: 200 ok: true @ https://solpulse.trade/assets/main-_i6vfeq4.js:1943
[ 5771434ms] [LOG] [useNewPairs] parsed pairs: 500 ok: true @ https://solpulse.trade/assets/main-_i6vfeq4.js:1943
[ 5779313ms] [LOG] [useNewPairs] fetching: https://api.solpulse.trade/api/new-pairs @ https://solpulse.trade/assets/main-_i6vfeq4.js:1943
[ 5779419ms] [LOG] [useNewPairs] response status: 200 ok: true @ https://solpulse.trade/assets/main-_i6vfeq4.js:1943
[ 5779443ms] [LOG] [useNewPairs] parsed pairs: 500 ok: true @ https://solpulse.trade/assets/main-_i6vfeq4.js:1943
[ 5787312ms] [LOG] [useNewPairs] fetching: https://api.solpulse.trade/api/new-pairs @ https://solpulse.trade/assets/main-_i6vfeq4.js:1943
[ 5787400ms] [LOG] [useNewPairs] response status: 200 ok: true @ https://solpulse.trade/assets/main-_i6vfeq4.js:1943
[ 5787425ms] [LOG] [useNewPairs] parsed pairs: 500 ok: true @ https://solpulse.trade/assets/main-_i6vfeq4.js:1943
[ 5795314ms] [LOG] [useNewPairs] fetching: https://api.solpulse.trade/api/new-pairs @ https://solpulse.trade/assets/main-_i6vfeq4.js:1943
[ 5795404ms] [LOG] [useNewPairs] response status: 200 ok: true @ https://solpulse.trade/assets/main-_i6vfeq4.js:1943
[ 5795418ms] [LOG] [useNewPairs] parsed pairs: 500 ok: true @ https://solpulse.trade/assets/main-_i6vfeq4.js:1943
[ 5803313ms] [LOG] [useNewPairs] fetching: https://api.solpulse.trade/api/new-pairs @ https://solpulse.trade/assets/main-_i6vfeq4.js:1943
[ 5803415ms] [LOG] [useNewPairs] response status: 200 ok: true @ https://solpulse.trade/assets/main-_i6vfeq4.js:1943
[ 5803439ms] [LOG] [useNewPairs] parsed pairs: 500 ok: true @ https://solpulse.trade/assets/main-_i6vfeq4.js:1943
[ 5811314ms] [LOG] [useNewPairs] fetching: https://api.solpulse.trade/api/new-pairs @ https://solpulse.trade/assets/main-_i6vfeq4.js:1943
[ 5811428ms] [LOG] [useNewPairs] response status: 200 ok: true @ https://solpulse.trade/assets/main-_i6vfeq4.js:1943
[ 5811454ms] [LOG] [useNewPairs] parsed pairs: 500 ok: true @ https://solpulse.trade/assets/main-_i6vfeq4.js:1943
[ 5819313ms] [LOG] [useNewPairs] fetching: https://api.solpulse.trade/api/new-pairs @ https://solpulse.trade/assets/main-_i6vfeq4.js:1943
[ 5819404ms] [LOG] [useNewPairs] response status: 200 ok: true @ https://solpulse.trade/assets/main-_i6vfeq4.js:1943
[ 5819430ms] [LOG] [useNewPairs] parsed pairs: 500 ok: true @ https://solpulse.trade/assets/main-_i6vfeq4.js:1943
[ 5827313ms] [LOG] [useNewPairs] fetching: https://api.solpulse.trade/api/new-pairs @ https://solpulse.trade/assets/main-_i6vfeq4.js:1943
[ 5827406ms] [LOG] [useNewPairs] response status: 200 ok: true @ https://solpulse.trade/assets/main-_i6vfeq4.js:1943
[ 5827432ms] [LOG] [useNewPairs] parsed pairs: 500 ok: true @ https://solpulse.trade/assets/main-_i6vfeq4.js:1943
[ 5835313ms] [LOG] [useNewPairs] fetching: https://api.solpulse.trade/api/new-pairs @ https://solpulse.trade/assets/main-_i6vfeq4.js:1943
[ 5835431ms] [LOG] [useNewPairs] response status: 200 ok: true @ https://solpulse.trade/assets/main-_i6vfeq4.js:1943
[ 5835455ms] [LOG] [useNewPairs] parsed pairs: 500 ok: true @ https://solpulse.trade/assets/main-_i6vfeq4.js:1943
[ 5843313ms] [LOG] [useNewPairs] fetching: https://api.solpulse.trade/api/new-pairs @ https://solpulse.trade/assets/main-_i6vfeq4.js:1943
[ 5843393ms] [LOG] [useNewPairs] response status: 200 ok: true @ https://solpulse.trade/assets/main-_i6vfeq4.js:1943
[ 5843404ms] [LOG] [useNewPairs] parsed pairs: 500 ok: true @ https://solpulse.trade/assets/main-_i6vfeq4.js:1943
[ 5851313ms] [LOG] [useNewPairs] fetching: https://api.solpulse.trade/api/new-pairs @ https://solpulse.trade/assets/main-_i6vfeq4.js:1943
[ 5851389ms] [LOG] [useNewPairs] response status: 200 ok: true @ https://solpulse.trade/assets/main-_i6vfeq4.js:1943
[ 5851416ms] [LOG] [useNewPairs] parsed pairs: 500 ok: true @ https://solpulse.trade/assets/main-_i6vfeq4.js:1943
[ 5859313ms] [LOG] [useNewPairs] fetching: https://api.solpulse.trade/api/new-pairs @ https://solpulse.trade/assets/main-_i6vfeq4.js:1943
[ 5859403ms] [LOG] [useNewPairs] response status: 200 ok: true @ https://solpulse.trade/assets/main-_i6vfeq4.js:1943
[ 5859429ms] [LOG] [useNewPairs] parsed pairs: 500 ok: true @ https://solpulse.trade/assets/main-_i6vfeq4.js:1943
[ 5859493ms] [ERROR] Failed to load resource: net::ERR_SSL_PROTOCOL_ERROR @ https://gateway.irys.xyz/62NmhzMMCx9wC8wuPdH9QZ12ugyyZT4DPtWdA1gjttMp:0
[ 5859587ms] [ERROR] Failed to load resource: net::ERR_BLOCKED_BY_RESPONSE.NotSameOrigin @ https://ipfs.io/ipfs/QmPmuPUKhvy9KaSou8TDvqEmgGxFb1yfQGCWSBPDYUvZ4t:0
[ 5867313ms] [LOG] [useNewPairs] fetching: https://api.solpulse.trade/api/new-pairs @ https://solpulse.trade/assets/main-_i6vfeq4.js:1943
[ 5867400ms] [LOG] [useNewPairs] response status: 200 ok: true @ https://solpulse.trade/assets/main-_i6vfeq4.js:1943
[ 5867427ms] [LOG] [useNewPairs] parsed pairs: 500 ok: true @ https://solpulse.trade/assets/main-_i6vfeq4.js:1943
[ 5875314ms] [LOG] [useNewPairs] fetching: https://api.solpulse.trade/api/new-pairs @ https://solpulse.trade/assets/main-_i6vfeq4.js:1943
[ 5875403ms] [LOG] [useNewPairs] response status: 200 ok: true @ https://solpulse.trade/assets/main-_i6vfeq4.js:1943
[ 5875427ms] [LOG] [useNewPairs] parsed pairs: 500 ok: true @ https://solpulse.trade/assets/main-_i6vfeq4.js:1943
[ 5883314ms] [LOG] [useNewPairs] fetching: https://api.solpulse.trade/api/new-pairs @ https://solpulse.trade/assets/main-_i6vfeq4.js:1943
[ 5883401ms] [LOG] [useNewPairs] response status: 200 ok: true @ https://solpulse.trade/assets/main-_i6vfeq4.js:1943
[ 5883432ms] [LOG] [useNewPairs] parsed pairs: 500 ok: true @ https://solpulse.trade/assets/main-_i6vfeq4.js:1943
[ 5891313ms] [LOG] [useNewPairs] fetching: https://api.solpulse.trade/api/new-pairs @ https://solpulse.trade/assets/main-_i6vfeq4.js:1943
[ 5891415ms] [LOG] [useNewPairs] response status: 200 ok: true @ https://solpulse.trade/assets/main-_i6vfeq4.js:1943
[ 5891442ms] [LOG] [useNewPairs] parsed pairs: 500 ok: true @ https://solpulse.trade/assets/main-_i6vfeq4.js:1943
[ 5899314ms] [LOG] [useNewPairs] fetching: https://api.solpulse.trade/api/new-pairs @ https://solpulse.trade/assets/main-_i6vfeq4.js:1943
[ 5899391ms] [LOG] [useNewPairs] response status: 200 ok: true @ https://solpulse.trade/assets/main-_i6vfeq4.js:1943
[ 5899403ms] [LOG] [useNewPairs] parsed pairs: 500 ok: true @ https://solpulse.trade/assets/main-_i6vfeq4.js:1943
[ 5907313ms] [LOG] [useNewPairs] fetching: https://api.solpulse.trade/api/new-pairs @ https://solpulse.trade/assets/main-_i6vfeq4.js:1943
[ 5907400ms] [LOG] [useNewPairs] response status: 200 ok: true @ https://solpulse.trade/assets/main-_i6vfeq4.js:1943
[ 5907416ms] [LOG] [useNewPairs] parsed pairs: 500 ok: true @ https://solpulse.trade/assets/main-_i6vfeq4.js:1943
[ 5915313ms] [LOG] [useNewPairs] fetching: https://api.solpulse.trade/api/new-pairs @ https://solpulse.trade/assets/main-_i6vfeq4.js:1943
[ 5915401ms] [LOG] [useNewPairs] response status: 200 ok: true @ https://solpulse.trade/assets/main-_i6vfeq4.js:1943
[ 5915426ms] [LOG] [useNewPairs] parsed pairs: 500 ok: true @ https://solpulse.trade/assets/main-_i6vfeq4.js:1943
[ 5923313ms] [LOG] [useNewPairs] fetching: https://api.solpulse.trade/api/new-pairs @ https://solpulse.trade/assets/main-_i6vfeq4.js:1943
[ 5923395ms] [LOG] [useNewPairs] response status: 200 ok: true @ https://solpulse.trade/assets/main-_i6vfeq4.js:1943
[ 5923408ms] [LOG] [useNewPairs] parsed pairs: 500 ok: true @ https://solpulse.trade/assets/main-_i6vfeq4.js:1943
[ 5931313ms] [LOG] [useNewPairs] fetching: https://api.solpulse.trade/api/new-pairs @ https://solpulse.trade/assets/main-_i6vfeq4.js:1943
[ 5931445ms] [LOG] [useNewPairs] response status: 200 ok: true @ https://solpulse.trade/assets/main-_i6vfeq4.js:1943
[ 5931470ms] [LOG] [useNewPairs] parsed pairs: 500 ok: true @ https://solpulse.trade/assets/main-_i6vfeq4.js:1943
[ 5939313ms] [LOG] [useNewPairs] fetching: https://api.solpulse.trade/api/new-pairs @ https://solpulse.trade/assets/main-_i6vfeq4.js:1943
[ 5939406ms] [LOG] [useNewPairs] response status: 200 ok: true @ https://solpulse.trade/assets/main-_i6vfeq4.js:1943
[ 5939431ms] [LOG] [useNewPairs] parsed pairs: 500 ok: true @ https://solpulse.trade/assets/main-_i6vfeq4.js:1943
[ 5947313ms] [LOG] [useNewPairs] fetching: https://api.solpulse.trade/api/new-pairs @ https://solpulse.trade/assets/main-_i6vfeq4.js:1943
[ 5947395ms] [LOG] [useNewPairs] response status: 200 ok: true @ https://solpulse.trade/assets/main-_i6vfeq4.js:1943
[ 5947414ms] [LOG] [useNewPairs] parsed pairs: 500 ok: true @ https://solpulse.trade/assets/main-_i6vfeq4.js:1943
[ 5955313ms] [LOG] [useNewPairs] fetching: https://api.solpulse.trade/api/new-pairs @ https://solpulse.trade/assets/main-_i6vfeq4.js:1943
[ 5955404ms] [LOG] [useNewPairs] response status: 200 ok: true @ https://solpulse.trade/assets/main-_i6vfeq4.js:1943
[ 5955432ms] [LOG] [useNewPairs] parsed pairs: 500 ok: true @ https://solpulse.trade/assets/main-_i6vfeq4.js:1943
[ 5963301ms] [LOG] [useNewPairs] fetching: https://api.solpulse.trade/api/new-pairs @ https://solpulse.trade/assets/main-_i6vfeq4.js:1943
[ 5963421ms] [LOG] [useNewPairs] response status: 200 ok: true @ https://solpulse.trade/assets/main-_i6vfeq4.js:1943
[ 5963438ms] [LOG] [useNewPairs] parsed pairs: 500 ok: true @ https://solpulse.trade/assets/main-_i6vfeq4.js:1943
[ 5971289ms] [LOG] [useNewPairs] fetching: https://api.solpulse.trade/api/new-pairs @ https://solpulse.trade/assets/main-_i6vfeq4.js:1943
[ 5971369ms] [LOG] [useNewPairs] response status: 200 ok: true @ https://solpulse.trade/assets/main-_i6vfeq4.js:1943
[ 5971378ms] [LOG] [useNewPairs] parsed pairs: 500 ok: true @ https://solpulse.trade/assets/main-_i6vfeq4.js:1943
[ 5979281ms] [LOG] [useNewPairs] fetching: https://api.solpulse.trade/api/new-pairs @ https://solpulse.trade/assets/main-_i6vfeq4.js:1943
[ 5979389ms] [LOG] [useNewPairs] response status: 200 ok: true @ https://solpulse.trade/assets/main-_i6vfeq4.js:1943
[ 5979405ms] [LOG] [useNewPairs] parsed pairs: 500 ok: true @ https://solpulse.trade/assets/main-_i6vfeq4.js:1943
[ 5987276ms] [LOG] [useNewPairs] fetching: https://api.solpulse.trade/api/new-pairs @ https://solpulse.trade/assets/main-_i6vfeq4.js:1943
[ 5987343ms] [LOG] [useNewPairs] response status: 200 ok: true @ https://solpulse.trade/assets/main-_i6vfeq4.js:1943
[ 5987352ms] [LOG] [useNewPairs] parsed pairs: 500 ok: true @ https://solpulse.trade/assets/main-_i6vfeq4.js:1943
[ 5995273ms] [LOG] [useNewPairs] fetching: https://api.solpulse.trade/api/new-pairs @ https://solpulse.trade/assets/main-_i6vfeq4.js:1943
[ 5995374ms] [LOG] [useNewPairs] response status: 200 ok: true @ https://solpulse.trade/assets/main-_i6vfeq4.js:1943
[ 5995400ms] [LOG] [useNewPairs] parsed pairs: 500 ok: true @ https://solpulse.trade/assets/main-_i6vfeq4.js:1943
[ 6003272ms] [LOG] [useNewPairs] fetching: https://api.solpulse.trade/api/new-pairs @ https://solpulse.trade/assets/main-_i6vfeq4.js:1943
[ 6003369ms] [LOG] [useNewPairs] response status: 200 ok: true @ https://solpulse.trade/assets/main-_i6vfeq4.js:1943
[ 6003380ms] [LOG] [useNewPairs] parsed pairs: 500 ok: true @ https://solpulse.trade/assets/main-_i6vfeq4.js:1943
[ 6011270ms] [LOG] [useNewPairs] fetching: https://api.solpulse.trade/api/new-pairs @ https://solpulse.trade/assets/main-_i6vfeq4.js:1943
[ 6011408ms] [LOG] [useNewPairs] response status: 200 ok: true @ https://solpulse.trade/assets/main-_i6vfeq4.js:1943
[ 6011416ms] [LOG] [useNewPairs] parsed pairs: 500 ok: true @ https://solpulse.trade/assets/main-_i6vfeq4.js:1943
[ 6019269ms] [LOG] [useNewPairs] fetching: https://api.solpulse.trade/api/new-pairs @ https://solpulse.trade/assets/main-_i6vfeq4.js:1943
[ 6019401ms] [LOG] [useNewPairs] response status: 200 ok: true @ https://solpulse.trade/assets/main-_i6vfeq4.js:1943
[ 6019420ms] [LOG] [useNewPairs] parsed pairs: 500 ok: true @ https://solpulse.trade/assets/main-_i6vfeq4.js:1943
[ 6019665ms] [ERROR] Failed to load resource: net::ERR_BLOCKED_BY_RESPONSE.NotSameOrigin @ https://ipfs.io/ipfs/bafkreibyty5nrc7lbecddweqs4xdddirc7wigc44hurenjkkwndaki2lo4:0
[ 6027269ms] [LOG] [useNewPairs] fetching: https://api.solpulse.trade/api/new-pairs @ https://solpulse.trade/assets/main-_i6vfeq4.js:1943
[ 6027356ms] [LOG] [useNewPairs] response status: 200 ok: true @ https://solpulse.trade/assets/main-_i6vfeq4.js:1943
[ 6027368ms] [LOG] [useNewPairs] parsed pairs: 500 ok: true @ https://solpulse.trade/assets/main-_i6vfeq4.js:1943
[ 6035268ms] [LOG] [useNewPairs] fetching: https://api.solpulse.trade/api/new-pairs @ https://solpulse.trade/assets/main-_i6vfeq4.js:1943
[ 6035358ms] [LOG] [useNewPairs] response status: 200 ok: true @ https://solpulse.trade/assets/main-_i6vfeq4.js:1943
[ 6035384ms] [LOG] [useNewPairs] parsed pairs: 500 ok: true @ https://solpulse.trade/assets/main-_i6vfeq4.js:1943
[ 6043268ms] [LOG] [useNewPairs] fetching: https://api.solpulse.trade/api/new-pairs @ https://solpulse.trade/assets/main-_i6vfeq4.js:1943
[ 6043358ms] [LOG] [useNewPairs] response status: 200 ok: true @ https://solpulse.trade/assets/main-_i6vfeq4.js:1943
[ 6043383ms] [LOG] [useNewPairs] parsed pairs: 500 ok: true @ https://solpulse.trade/assets/main-_i6vfeq4.js:1943
[ 6051268ms] [LOG] [useNewPairs] fetching: https://api.solpulse.trade/api/new-pairs @ https://solpulse.trade/assets/main-_i6vfeq4.js:1943
[ 6051355ms] [LOG] [useNewPairs] response status: 200 ok: true @ https://solpulse.trade/assets/main-_i6vfeq4.js:1943
[ 6051381ms] [LOG] [useNewPairs] parsed pairs: 500 ok: true @ https://solpulse.trade/assets/main-_i6vfeq4.js:1943
[ 6051486ms] [ERROR] Failed to load resource: net::ERR_BLOCKED_BY_RESPONSE.NotSameOrigin @ https://ipfs.io/ipfs/bafybeihmuuarylggktwnt476xkqhdgql45gkfeylqiogmfknsbqbthoeie:0
[ 6059268ms] [LOG] [useNewPairs] fetching: https://api.solpulse.trade/api/new-pairs @ https://solpulse.trade/assets/main-_i6vfeq4.js:1943
[ 6059364ms] [LOG] [useNewPairs] response status: 200 ok: true @ https://solpulse.trade/assets/main-_i6vfeq4.js:1943
[ 6059389ms] [LOG] [useNewPairs] parsed pairs: 500 ok: true @ https://solpulse.trade/assets/main-_i6vfeq4.js:1943
[ 6067268ms] [LOG] [useNewPairs] fetching: https://api.solpulse.trade/api/new-pairs @ https://solpulse.trade/assets/main-_i6vfeq4.js:1943
[ 6067354ms] [LOG] [useNewPairs] response status: 200 ok: true @ https://solpulse.trade/assets/main-_i6vfeq4.js:1943
[ 6067379ms] [LOG] [useNewPairs] parsed pairs: 500 ok: true @ https://solpulse.trade/assets/main-_i6vfeq4.js:1943
[ 6075267ms] [LOG] [useNewPairs] fetching: https://api.solpulse.trade/api/new-pairs @ https://solpulse.trade/assets/main-_i6vfeq4.js:1943
[ 6075365ms] [LOG] [useNewPairs] response status: 200 ok: true @ https://solpulse.trade/assets/main-_i6vfeq4.js:1943
[ 6075393ms] [LOG] [useNewPairs] parsed pairs: 500 ok: true @ https://solpulse.trade/assets/main-_i6vfeq4.js:1943
[ 6083268ms] [LOG] [useNewPairs] fetching: https://api.solpulse.trade/api/new-pairs @ https://solpulse.trade/assets/main-_i6vfeq4.js:1943
[ 6083353ms] [LOG] [useNewPairs] response status: 200 ok: true @ https://solpulse.trade/assets/main-_i6vfeq4.js:1943
[ 6083380ms] [LOG] [useNewPairs] parsed pairs: 500 ok: true @ https://solpulse.trade/assets/main-_i6vfeq4.js:1943
[ 6083471ms] [ERROR] Failed to load resource: net::ERR_BLOCKED_BY_RESPONSE.NotSameOrigin @ https://ipfs.io/ipfs/bafkreibcz4xq4cj442jtdydtzno733faql5qbke3uhq6ym35nf5oowyfry:0
[ 6091268ms] [LOG] [useNewPairs] fetching: https://api.solpulse.trade/api/new-pairs @ https://solpulse.trade/assets/main-_i6vfeq4.js:1943
[ 6091358ms] [LOG] [useNewPairs] response status: 200 ok: true @ https://solpulse.trade/assets/main-_i6vfeq4.js:1943
[ 6091382ms] [LOG] [useNewPairs] parsed pairs: 500 ok: true @ https://solpulse.trade/assets/main-_i6vfeq4.js:1943
[ 6099268ms] [LOG] [useNewPairs] fetching: https://api.solpulse.trade/api/new-pairs @ https://solpulse.trade/assets/main-_i6vfeq4.js:1943
[ 6099351ms] [LOG] [useNewPairs] response status: 200 ok: true @ https://solpulse.trade/assets/main-_i6vfeq4.js:1943
[ 6099361ms] [LOG] [useNewPairs] parsed pairs: 500 ok: true @ https://solpulse.trade/assets/main-_i6vfeq4.js:1943
[ 6107267ms] [LOG] [useNewPairs] fetching: https://api.solpulse.trade/api/new-pairs @ https://solpulse.trade/assets/main-_i6vfeq4.js:1943
[ 6107354ms] [LOG] [useNewPairs] response status: 200 ok: true @ https://solpulse.trade/assets/main-_i6vfeq4.js:1943
[ 6107381ms] [LOG] [useNewPairs] parsed pairs: 500 ok: true @ https://solpulse.trade/assets/main-_i6vfeq4.js:1943
[ 6115267ms] [LOG] [useNewPairs] fetching: https://api.solpulse.trade/api/new-pairs @ https://solpulse.trade/assets/main-_i6vfeq4.js:1943
[ 6115354ms] [LOG] [useNewPairs] response status: 200 ok: true @ https://solpulse.trade/assets/main-_i6vfeq4.js:1943
[ 6115379ms] [LOG] [useNewPairs] parsed pairs: 500 ok: true @ https://solpulse.trade/assets/main-_i6vfeq4.js:1943
[ 6115482ms] [ERROR] Failed to load resource: net::ERR_BLOCKED_BY_RESPONSE.NotSameOrigin @ https://ipfs.io/ipfs/bafybeigyetvxtgouazljxfcxojmyefkec7kahedrt7xcv6kug7ul6ayfzq:0
[ 6123267ms] [LOG] [useNewPairs] fetching: https://api.solpulse.trade/api/new-pairs @ https://solpulse.trade/assets/main-_i6vfeq4.js:1943
[ 6123363ms] [LOG] [useNewPairs] response status: 200 ok: true @ https://solpulse.trade/assets/main-_i6vfeq4.js:1943
[ 6123392ms] [LOG] [useNewPairs] parsed pairs: 500 ok: true @ https://solpulse.trade/assets/main-_i6vfeq4.js:1943
[ 6131267ms] [LOG] [useNewPairs] fetching: https://api.solpulse.trade/api/new-pairs @ https://solpulse.trade/assets/main-_i6vfeq4.js:1943
[ 6131360ms] [LOG] [useNewPairs] response status: 200 ok: true @ https://solpulse.trade/assets/main-_i6vfeq4.js:1943
[ 6131384ms] [LOG] [useNewPairs] parsed pairs: 500 ok: true @ https://solpulse.trade/assets/main-_i6vfeq4.js:1943
[ 6139267ms] [LOG] [useNewPairs] fetching: https://api.solpulse.trade/api/new-pairs @ https://solpulse.trade/assets/main-_i6vfeq4.js:1943
[ 6139370ms] [LOG] [useNewPairs] response status: 200 ok: true @ https://solpulse.trade/assets/main-_i6vfeq4.js:1943
[ 6139395ms] [LOG] [useNewPairs] parsed pairs: 500 ok: true @ https://solpulse.trade/assets/main-_i6vfeq4.js:1943
[ 6147267ms] [LOG] [useNewPairs] fetching: https://api.solpulse.trade/api/new-pairs @ https://solpulse.trade/assets/main-_i6vfeq4.js:1943
[ 6147357ms] [LOG] [useNewPairs] response status: 200 ok: true @ https://solpulse.trade/assets/main-_i6vfeq4.js:1943
[ 6147381ms] [LOG] [useNewPairs] parsed pairs: 500 ok: true @ https://solpulse.trade/assets/main-_i6vfeq4.js:1943
[ 6155267ms] [LOG] [useNewPairs] fetching: https://api.solpulse.trade/api/new-pairs @ https://solpulse.trade/assets/main-_i6vfeq4.js:1943
[ 6155372ms] [LOG] [useNewPairs] response status: 200 ok: true @ https://solpulse.trade/assets/main-_i6vfeq4.js:1943
[ 6155399ms] [LOG] [useNewPairs] parsed pairs: 500 ok: true @ https://solpulse.trade/assets/main-_i6vfeq4.js:1943
[ 6163267ms] [LOG] [useNewPairs] fetching: https://api.solpulse.trade/api/new-pairs @ https://solpulse.trade/assets/main-_i6vfeq4.js:1943
[ 6163354ms] [LOG] [useNewPairs] response status: 200 ok: true @ https://solpulse.trade/assets/main-_i6vfeq4.js:1943
[ 6163377ms] [LOG] [useNewPairs] parsed pairs: 500 ok: true @ https://solpulse.trade/assets/main-_i6vfeq4.js:1943
[ 6171267ms] [LOG] [useNewPairs] fetching: https://api.solpulse.trade/api/new-pairs @ https://solpulse.trade/assets/main-_i6vfeq4.js:1943
[ 6171364ms] [LOG] [useNewPairs] response status: 200 ok: true @ https://solpulse.trade/assets/main-_i6vfeq4.js:1943
[ 6171391ms] [LOG] [useNewPairs] parsed pairs: 500 ok: true @ https://solpulse.trade/assets/main-_i6vfeq4.js:1943
[ 6179266ms] [LOG] [useNewPairs] fetching: https://api.solpulse.trade/api/new-pairs @ https://solpulse.trade/assets/main-_i6vfeq4.js:1943
[ 6179362ms] [LOG] [useNewPairs] response status: 200 ok: true @ https://solpulse.trade/assets/main-_i6vfeq4.js:1943
[ 6179385ms] [LOG] [useNewPairs] parsed pairs: 500 ok: true @ https://solpulse.trade/assets/main-_i6vfeq4.js:1943
[ 6179481ms] [ERROR] Failed to load resource: net::ERR_SSL_PROTOCOL_ERROR @ https://gateway.irys.xyz/5SzLt1susVYspRupBcAmMXYFp8U65csfjNX8i2m9heSr:0
[ 6179517ms] [ERROR] Failed to load resource: net::ERR_BLOCKED_BY_RESPONSE.NotSameOrigin @ https://ipfs.io/ipfs/bafybeicxx4m2ka5yqxl4ycstpwebq3vn4swxbjmqkmminzp5bb563bgrl4:0
[ 6179517ms] [ERROR] Failed to load resource: net::ERR_BLOCKED_BY_RESPONSE.NotSameOrigin @ https://ipfs.io/ipfs/bafybeifq3lrjax5ilqqosip4hox5amux2tvsvucl7fql4mxh6mwfdivcla:0
[ 6187266ms] [LOG] [useNewPairs] fetching: https://api.solpulse.trade/api/new-pairs @ https://solpulse.trade/assets/main-_i6vfeq4.js:1943
[ 6187357ms] [LOG] [useNewPairs] response status: 200 ok: true @ https://solpulse.trade/assets/main-_i6vfeq4.js:1943
[ 6187381ms] [LOG] [useNewPairs] parsed pairs: 500 ok: true @ https://solpulse.trade/assets/main-_i6vfeq4.js:1943
[ 6195266ms] [LOG] [useNewPairs] fetching: https://api.solpulse.trade/api/new-pairs @ https://solpulse.trade/assets/main-_i6vfeq4.js:1943
[ 6195366ms] [LOG] [useNewPairs] response status: 200 ok: true @ https://solpulse.trade/assets/main-_i6vfeq4.js:1943
[ 6195376ms] [LOG] [useNewPairs] parsed pairs: 500 ok: true @ https://solpulse.trade/assets/main-_i6vfeq4.js:1943
[ 6203266ms] [LOG] [useNewPairs] fetching: https://api.solpulse.trade/api/new-pairs @ https://solpulse.trade/assets/main-_i6vfeq4.js:1943
[ 6203359ms] [LOG] [useNewPairs] response status: 200 ok: true @ https://solpulse.trade/assets/main-_i6vfeq4.js:1943
[ 6203383ms] [LOG] [useNewPairs] parsed pairs: 500 ok: true @ https://solpulse.trade/assets/main-_i6vfeq4.js:1943
[ 6211266ms] [LOG] [useNewPairs] fetching: https://api.solpulse.trade/api/new-pairs @ https://solpulse.trade/assets/main-_i6vfeq4.js:1943
[ 6211360ms] [LOG] [useNewPairs] response status: 200 ok: true @ https://solpulse.trade/assets/main-_i6vfeq4.js:1943
[ 6211388ms] [LOG] [useNewPairs] parsed pairs: 500 ok: true @ https://solpulse.trade/assets/main-_i6vfeq4.js:1943
[ 6211501ms] [ERROR] Failed to load resource: net::ERR_BLOCKED_BY_RESPONSE.NotSameOrigin @ https://ipfs.io/ipfs/bafkreidmswu7basiujiiltloas5hxqabpflfar3maxhiaypveov4xbdbju:0
[ 6219264ms] [LOG] [useNewPairs] fetching: https://api.solpulse.trade/api/new-pairs @ https://solpulse.trade/assets/main-_i6vfeq4.js:1943
[ 6219342ms] [LOG] [useNewPairs] response status: 200 ok: true @ https://solpulse.trade/assets/main-_i6vfeq4.js:1943
[ 6219354ms] [LOG] [useNewPairs] parsed pairs: 500 ok: true @ https://solpulse.trade/assets/main-_i6vfeq4.js:1943
[ 6227266ms] [LOG] [useNewPairs] fetching: https://api.solpulse.trade/api/new-pairs @ https://solpulse.trade/assets/main-_i6vfeq4.js:1943
[ 6227353ms] [LOG] [useNewPairs] response status: 200 ok: true @ https://solpulse.trade/assets/main-_i6vfeq4.js:1943
[ 6227380ms] [LOG] [useNewPairs] parsed pairs: 500 ok: true @ https://solpulse.trade/assets/main-_i6vfeq4.js:1943
[ 6235265ms] [LOG] [useNewPairs] fetching: https://api.solpulse.trade/api/new-pairs @ https://solpulse.trade/assets/main-_i6vfeq4.js:1943
[ 6235350ms] [LOG] [useNewPairs] response status: 200 ok: true @ https://solpulse.trade/assets/main-_i6vfeq4.js:1943
[ 6235361ms] [LOG] [useNewPairs] parsed pairs: 500 ok: true @ https://solpulse.trade/assets/main-_i6vfeq4.js:1943
[ 6243266ms] [LOG] [useNewPairs] fetching: https://api.solpulse.trade/api/new-pairs @ https://solpulse.trade/assets/main-_i6vfeq4.js:1943
[ 6243333ms] [LOG] [useNewPairs] response status: 200 ok: true @ https://solpulse.trade/assets/main-_i6vfeq4.js:1943
[ 6243342ms] [LOG] [useNewPairs] parsed pairs: 500 ok: true @ https://solpulse.trade/assets/main-_i6vfeq4.js:1943
[ 6243404ms] [ERROR] Failed to load resource: net::ERR_SSL_PROTOCOL_ERROR @ https://gateway.irys.xyz/HJdEfVTMiJFnpP3tCN1JcYrX2PmDNEGnzpnqd2eHT2dw:0
[ 6243416ms] [ERROR] Failed to load resource: net::ERR_BLOCKED_BY_RESPONSE.NotSameOrigin @ https://ipfs.io/ipfs/QmQZQgrEJRcS3bw8UPHi3qvLDpeVNwNGgXCQWPnjkDUkrv:0
[ 6251263ms] [LOG] [useNewPairs] fetching: https://api.solpulse.trade/api/new-pairs @ https://solpulse.trade/assets/main-_i6vfeq4.js:1943
[ 6251352ms] [LOG] [useNewPairs] response status: 200 ok: true @ https://solpulse.trade/assets/main-_i6vfeq4.js:1943
[ 6251362ms] [LOG] [useNewPairs] parsed pairs: 500 ok: true @ https://solpulse.trade/assets/main-_i6vfeq4.js:1943
[ 6259265ms] [LOG] [useNewPairs] fetching: https://api.solpulse.trade/api/new-pairs @ https://solpulse.trade/assets/main-_i6vfeq4.js:1943
[ 6259361ms] [LOG] [useNewPairs] response status: 200 ok: true @ https://solpulse.trade/assets/main-_i6vfeq4.js:1943
[ 6259390ms] [LOG] [useNewPairs] parsed pairs: 500 ok: true @ https://solpulse.trade/assets/main-_i6vfeq4.js:1943
[ 6267264ms] [LOG] [useNewPairs] fetching: https://api.solpulse.trade/api/new-pairs @ https://solpulse.trade/assets/main-_i6vfeq4.js:1943
[ 6267351ms] [LOG] [useNewPairs] response status: 200 ok: true @ https://solpulse.trade/assets/main-_i6vfeq4.js:1943
[ 6267382ms] [LOG] [useNewPairs] parsed pairs: 500 ok: true @ https://solpulse.trade/assets/main-_i6vfeq4.js:1943
[ 6275264ms] [LOG] [useNewPairs] fetching: https://api.solpulse.trade/api/new-pairs @ https://solpulse.trade/assets/main-_i6vfeq4.js:1943
[ 6275360ms] [LOG] [useNewPairs] response status: 200 ok: true @ https://solpulse.trade/assets/main-_i6vfeq4.js:1943
[ 6275383ms] [LOG] [useNewPairs] parsed pairs: 500 ok: true @ https://solpulse.trade/assets/main-_i6vfeq4.js:1943
[ 6275482ms] [ERROR] Failed to load resource: net::ERR_BLOCKED_BY_RESPONSE.NotSameOrigin @ https://ipfs.io/ipfs/QmYh2so4UgHh7WVVJKNMNt9WjdRx58ZDPDD8yVPKcBNMMz:0
[ 6283263ms] [LOG] [useNewPairs] fetching: https://api.solpulse.trade/api/new-pairs @ https://solpulse.trade/assets/main-_i6vfeq4.js:1943
[ 6283349ms] [LOG] [useNewPairs] response status: 200 ok: true @ https://solpulse.trade/assets/main-_i6vfeq4.js:1943
[ 6283372ms] [LOG] [useNewPairs] parsed pairs: 500 ok: true @ https://solpulse.trade/assets/main-_i6vfeq4.js:1943
[ 6291264ms] [LOG] [useNewPairs] fetching: https://api.solpulse.trade/api/new-pairs @ https://solpulse.trade/assets/main-_i6vfeq4.js:1943
[ 6291352ms] [LOG] [useNewPairs] response status: 200 ok: true @ https://solpulse.trade/assets/main-_i6vfeq4.js:1943
[ 6291378ms] [LOG] [useNewPairs] parsed pairs: 500 ok: true @ https://solpulse.trade/assets/main-_i6vfeq4.js:1943
[ 6299263ms] [LOG] [useNewPairs] fetching: https://api.solpulse.trade/api/new-pairs @ https://solpulse.trade/assets/main-_i6vfeq4.js:1943
[ 6299356ms] [LOG] [useNewPairs] response status: 200 ok: true @ https://solpulse.trade/assets/main-_i6vfeq4.js:1943
[ 6299381ms] [LOG] [useNewPairs] parsed pairs: 500 ok: true @ https://solpulse.trade/assets/main-_i6vfeq4.js:1943
[ 6307265ms] [LOG] [useNewPairs] fetching: https://api.solpulse.trade/api/new-pairs @ https://solpulse.trade/assets/main-_i6vfeq4.js:1943
[ 6307355ms] [LOG] [useNewPairs] response status: 200 ok: true @ https://solpulse.trade/assets/main-_i6vfeq4.js:1943
[ 6307383ms] [LOG] [useNewPairs] parsed pairs: 500 ok: true @ https://solpulse.trade/assets/main-_i6vfeq4.js:1943
[ 6307440ms] [ERROR] Failed to load resource: net::ERR_SSL_PROTOCOL_ERROR @ https://gateway.irys.xyz/4wnmS7YNZMKeYPSKA8DMCvh1P4Kye9WFcVjNpk8zCsiP:0
[ 6307504ms] [ERROR] Failed to load resource: net::ERR_BLOCKED_BY_RESPONSE.NotSameOrigin @ https://ipfs.io/ipfs/bafkreif4vg57wodgsdl62f6snoexikqdwikxb7jm7szhiajjwajwfcpuiq:0
[ 6315263ms] [LOG] [useNewPairs] fetching: https://api.solpulse.trade/api/new-pairs @ https://solpulse.trade/assets/main-_i6vfeq4.js:1943
[ 6315361ms] [LOG] [useNewPairs] response status: 200 ok: true @ https://solpulse.trade/assets/main-_i6vfeq4.js:1943
[ 6315385ms] [LOG] [useNewPairs] parsed pairs: 500 ok: true @ https://solpulse.trade/assets/main-_i6vfeq4.js:1943
[ 6323262ms] [LOG] [useNewPairs] fetching: https://api.solpulse.trade/api/new-pairs @ https://solpulse.trade/assets/main-_i6vfeq4.js:1943
[ 6323348ms] [LOG] [useNewPairs] response status: 200 ok: true @ https://solpulse.trade/assets/main-_i6vfeq4.js:1943
[ 6323375ms] [LOG] [useNewPairs] parsed pairs: 500 ok: true @ https://solpulse.trade/assets/main-_i6vfeq4.js:1943
[ 6331262ms] [LOG] [useNewPairs] fetching: https://api.solpulse.trade/api/new-pairs @ https://solpulse.trade/assets/main-_i6vfeq4.js:1943
[ 6331369ms] [LOG] [useNewPairs] response status: 200 ok: true @ https://solpulse.trade/assets/main-_i6vfeq4.js:1943
[ 6331396ms] [LOG] [useNewPairs] parsed pairs: 500 ok: true @ https://solpulse.trade/assets/main-_i6vfeq4.js:1943
[ 6339264ms] [LOG] [useNewPairs] fetching: https://api.solpulse.trade/api/new-pairs @ https://solpulse.trade/assets/main-_i6vfeq4.js:1943
[ 6339368ms] [LOG] [useNewPairs] response status: 200 ok: true @ https://solpulse.trade/assets/main-_i6vfeq4.js:1943
[ 6339377ms] [LOG] [useNewPairs] parsed pairs: 500 ok: true @ https://solpulse.trade/assets/main-_i6vfeq4.js:1943
[ 6347263ms] [LOG] [useNewPairs] fetching: https://api.solpulse.trade/api/new-pairs @ https://solpulse.trade/assets/main-_i6vfeq4.js:1943
[ 6347354ms] [LOG] [useNewPairs] response status: 200 ok: true @ https://solpulse.trade/assets/main-_i6vfeq4.js:1943
[ 6347381ms] [LOG] [useNewPairs] parsed pairs: 500 ok: true @ https://solpulse.trade/assets/main-_i6vfeq4.js:1943
[ 6355263ms] [LOG] [useNewPairs] fetching: https://api.solpulse.trade/api/new-pairs @ https://solpulse.trade/assets/main-_i6vfeq4.js:1943
[ 6355359ms] [LOG] [useNewPairs] response status: 200 ok: true @ https://solpulse.trade/assets/main-_i6vfeq4.js:1943
[ 6355381ms] [LOG] [useNewPairs] parsed pairs: 500 ok: true @ https://solpulse.trade/assets/main-_i6vfeq4.js:1943
[ 6363263ms] [LOG] [useNewPairs] fetching: https://api.solpulse.trade/api/new-pairs @ https://solpulse.trade/assets/main-_i6vfeq4.js:1943
[ 6363355ms] [LOG] [useNewPairs] response status: 200 ok: true @ https://solpulse.trade/assets/main-_i6vfeq4.js:1943
[ 6363380ms] [LOG] [useNewPairs] parsed pairs: 500 ok: true @ https://solpulse.trade/assets/main-_i6vfeq4.js:1943
[ 6371262ms] [LOG] [useNewPairs] fetching: https://api.solpulse.trade/api/new-pairs @ https://solpulse.trade/assets/main-_i6vfeq4.js:1943
[ 6371367ms] [LOG] [useNewPairs] response status: 200 ok: true @ https://solpulse.trade/assets/main-_i6vfeq4.js:1943
[ 6371392ms] [LOG] [useNewPairs] parsed pairs: 500 ok: true @ https://solpulse.trade/assets/main-_i6vfeq4.js:1943
[ 6371516ms] [ERROR] Failed to load resource: net::ERR_BLOCKED_BY_RESPONSE.NotSameOrigin @ https://ipfs.io/ipfs/QmZe5qBQkBuv61mUJjsnEdsdsPBqsTjog66NpsqqeCFFuy:0
[ 6379261ms] [LOG] [useNewPairs] fetching: https://api.solpulse.trade/api/new-pairs @ https://solpulse.trade/assets/main-_i6vfeq4.js:1943
[ 6379357ms] [LOG] [useNewPairs] response status: 200 ok: true @ https://solpulse.trade/assets/main-_i6vfeq4.js:1943
[ 6379382ms] [LOG] [useNewPairs] parsed pairs: 500 ok: true @ https://solpulse.trade/assets/main-_i6vfeq4.js:1943
[ 6387264ms] [LOG] [useNewPairs] fetching: https://api.solpulse.trade/api/new-pairs @ https://solpulse.trade/assets/main-_i6vfeq4.js:1943
[ 6387321ms] [ERROR] Failed to load resource: the server responded with a status of 401 () @ https://api.solpulse.trade/api/new-pairs:0
[ 6387523ms] [LOG] [useNewPairs] response status: 200 ok: true @ https://solpulse.trade/assets/main-_i6vfeq4.js:1943
[ 6387533ms] [LOG] [useNewPairs] parsed pairs: 500 ok: true @ https://solpulse.trade/assets/main-_i6vfeq4.js:1943
[ 6395263ms] [LOG] [useNewPairs] fetching: https://api.solpulse.trade/api/new-pairs @ https://solpulse.trade/assets/main-_i6vfeq4.js:1943
[ 6395346ms] [LOG] [useNewPairs] response status: 200 ok: true @ https://solpulse.trade/assets/main-_i6vfeq4.js:1943
[ 6395371ms] [LOG] [useNewPairs] parsed pairs: 500 ok: true @ https://solpulse.trade/assets/main-_i6vfeq4.js:1943
[ 6403262ms] [LOG] [useNewPairs] fetching: https://api.solpulse.trade/api/new-pairs @ https://solpulse.trade/assets/main-_i6vfeq4.js:1943
[ 6403354ms] [LOG] [useNewPairs] response status: 200 ok: true @ https://solpulse.trade/assets/main-_i6vfeq4.js:1943
[ 6403385ms] [LOG] [useNewPairs] parsed pairs: 500 ok: true @ https://solpulse.trade/assets/main-_i6vfeq4.js:1943
[ 6403477ms] [ERROR] Failed to load resource: net::ERR_SSL_PROTOCOL_ERROR @ https://gateway.irys.xyz/2LVz1uUuFvXukmoq2b6WwHktJLpWjJNYoQRFEs1g5VWq:0
[ 6403501ms] [ERROR] Failed to load resource: net::ERR_BLOCKED_BY_RESPONSE.NotSameOrigin @ https://ipfs.io/ipfs/bafkreibphrlg3tgsgybkzbeo5vdkfwxwzavndw3djdvwwz4tcp2kbum3re:0
[ 6411262ms] [LOG] [useNewPairs] fetching: https://api.solpulse.trade/api/new-pairs @ https://solpulse.trade/assets/main-_i6vfeq4.js:1943
[ 6411355ms] [LOG] [useNewPairs] response status: 200 ok: true @ https://solpulse.trade/assets/main-_i6vfeq4.js:1943
[ 6411379ms] [LOG] [useNewPairs] parsed pairs: 500 ok: true @ https://solpulse.trade/assets/main-_i6vfeq4.js:1943
[ 6419261ms] [LOG] [useNewPairs] fetching: https://api.solpulse.trade/api/new-pairs @ https://solpulse.trade/assets/main-_i6vfeq4.js:1943
[ 6419356ms] [LOG] [useNewPairs] response status: 200 ok: true @ https://solpulse.trade/assets/main-_i6vfeq4.js:1943
[ 6419383ms] [LOG] [useNewPairs] parsed pairs: 500 ok: true @ https://solpulse.trade/assets/main-_i6vfeq4.js:1943
[ 6427262ms] [LOG] [useNewPairs] fetching: https://api.solpulse.trade/api/new-pairs @ https://solpulse.trade/assets/main-_i6vfeq4.js:1943
[ 6427353ms] [LOG] [useNewPairs] response status: 200 ok: true @ https://solpulse.trade/assets/main-_i6vfeq4.js:1943
[ 6427382ms] [LOG] [useNewPairs] parsed pairs: 500 ok: true @ https://solpulse.trade/assets/main-_i6vfeq4.js:1943
[ 6435263ms] [LOG] [useNewPairs] fetching: https://api.solpulse.trade/api/new-pairs @ https://solpulse.trade/assets/main-_i6vfeq4.js:1943
[ 6435363ms] [LOG] [useNewPairs] response status: 200 ok: true @ https://solpulse.trade/assets/main-_i6vfeq4.js:1943
[ 6435386ms] [LOG] [useNewPairs] parsed pairs: 500 ok: true @ https://solpulse.trade/assets/main-_i6vfeq4.js:1943
[ 6435502ms] [ERROR] Failed to load resource: net::ERR_BLOCKED_BY_RESPONSE.NotSameOrigin @ https://ipfs.io/ipfs/bafkreibyty5nrc7lbecddweqs4xdddirc7wigc44hurenjkkwndaki2lo4:0
[ 6443263ms] [LOG] [useNewPairs] fetching: https://api.solpulse.trade/api/new-pairs @ https://solpulse.trade/assets/main-_i6vfeq4.js:1943
[ 6443420ms] [LOG] [useNewPairs] response status: 200 ok: true @ https://solpulse.trade/assets/main-_i6vfeq4.js:1943
[ 6443433ms] [LOG] [useNewPairs] parsed pairs: 500 ok: true @ https://solpulse.trade/assets/main-_i6vfeq4.js:1943
[ 6451262ms] [LOG] [useNewPairs] fetching: https://api.solpulse.trade/api/new-pairs @ https://solpulse.trade/assets/main-_i6vfeq4.js:1943
[ 6451384ms] [LOG] [useNewPairs] response status: 200 ok: true @ https://solpulse.trade/assets/main-_i6vfeq4.js:1943
[ 6451403ms] [LOG] [useNewPairs] parsed pairs: 500 ok: true @ https://solpulse.trade/assets/main-_i6vfeq4.js:1943
[ 6459262ms] [LOG] [useNewPairs] fetching: https://api.solpulse.trade/api/new-pairs @ https://solpulse.trade/assets/main-_i6vfeq4.js:1943
[ 6459372ms] [LOG] [useNewPairs] response status: 200 ok: true @ https://solpulse.trade/assets/main-_i6vfeq4.js:1943
[ 6459398ms] [LOG] [useNewPairs] parsed pairs: 500 ok: true @ https://solpulse.trade/assets/main-_i6vfeq4.js:1943
[ 6467261ms] [LOG] [useNewPairs] fetching: https://api.solpulse.trade/api/new-pairs @ https://solpulse.trade/assets/main-_i6vfeq4.js:1943
[ 6467346ms] [LOG] [useNewPairs] response status: 200 ok: true @ https://solpulse.trade/assets/main-_i6vfeq4.js:1943
[ 6467370ms] [LOG] [useNewPairs] parsed pairs: 500 ok: true @ https://solpulse.trade/assets/main-_i6vfeq4.js:1943
[ 6475262ms] [LOG] [useNewPairs] fetching: https://api.solpulse.trade/api/new-pairs @ https://solpulse.trade/assets/main-_i6vfeq4.js:1943
[ 6475349ms] [LOG] [useNewPairs] response status: 200 ok: true @ https://solpulse.trade/assets/main-_i6vfeq4.js:1943
[ 6475373ms] [LOG] [useNewPairs] parsed pairs: 500 ok: true @ https://solpulse.trade/assets/main-_i6vfeq4.js:1943
[ 6483262ms] [LOG] [useNewPairs] fetching: https://api.solpulse.trade/api/new-pairs @ https://solpulse.trade/assets/main-_i6vfeq4.js:1943
[ 6483351ms] [LOG] [useNewPairs] response status: 200 ok: true @ https://solpulse.trade/assets/main-_i6vfeq4.js:1943
[ 6483376ms] [LOG] [useNewPairs] parsed pairs: 500 ok: true @ https://solpulse.trade/assets/main-_i6vfeq4.js:1943
[ 6491261ms] [LOG] [useNewPairs] fetching: https://api.solpulse.trade/api/new-pairs @ https://solpulse.trade/assets/main-_i6vfeq4.js:1943
[ 6491366ms] [LOG] [useNewPairs] response status: 200 ok: true @ https://solpulse.trade/assets/main-_i6vfeq4.js:1943
[ 6491391ms] [LOG] [useNewPairs] parsed pairs: 500 ok: true @ https://solpulse.trade/assets/main-_i6vfeq4.js:1943
[ 6499261ms] [LOG] [useNewPairs] fetching: https://api.solpulse.trade/api/new-pairs @ https://solpulse.trade/assets/main-_i6vfeq4.js:1943
[ 6499351ms] [LOG] [useNewPairs] response status: 200 ok: true @ https://solpulse.trade/assets/main-_i6vfeq4.js:1943
[ 6499376ms] [LOG] [useNewPairs] parsed pairs: 500 ok: true @ https://solpulse.trade/assets/main-_i6vfeq4.js:1943
[ 6499603ms] [ERROR] Failed to load resource: net::ERR_BLOCKED_BY_RESPONSE.NotSameOrigin @ https://ipfs.io/ipfs/bafkreiaqarkx2tvlgswaw57rt637jaffuaqjkbc2jm5vb4gpxw7cxhthre:0
[ 6507260ms] [LOG] [useNewPairs] fetching: https://api.solpulse.trade/api/new-pairs @ https://solpulse.trade/assets/main-_i6vfeq4.js:1943
[ 6507349ms] [LOG] [useNewPairs] response status: 200 ok: true @ https://solpulse.trade/assets/main-_i6vfeq4.js:1943
[ 6507370ms] [LOG] [useNewPairs] parsed pairs: 500 ok: true @ https://solpulse.trade/assets/main-_i6vfeq4.js:1943
[ 6515260ms] [LOG] [useNewPairs] fetching: https://api.solpulse.trade/api/new-pairs @ https://solpulse.trade/assets/main-_i6vfeq4.js:1943
[ 6515350ms] [LOG] [useNewPairs] response status: 200 ok: true @ https://solpulse.trade/assets/main-_i6vfeq4.js:1943
[ 6515358ms] [LOG] [useNewPairs] parsed pairs: 500 ok: true @ https://solpulse.trade/assets/main-_i6vfeq4.js:1943
[ 6523261ms] [LOG] [useNewPairs] fetching: https://api.solpulse.trade/api/new-pairs @ https://solpulse.trade/assets/main-_i6vfeq4.js:1943
[ 6523361ms] [LOG] [useNewPairs] response status: 200 ok: true @ https://solpulse.trade/assets/main-_i6vfeq4.js:1943
[ 6523394ms] [LOG] [useNewPairs] parsed pairs: 500 ok: true @ https://solpulse.trade/assets/main-_i6vfeq4.js:1943
[ 6531261ms] [LOG] [useNewPairs] fetching: https://api.solpulse.trade/api/new-pairs @ https://solpulse.trade/assets/main-_i6vfeq4.js:1943
[ 6531360ms] [LOG] [useNewPairs] response status: 200 ok: true @ https://solpulse.trade/assets/main-_i6vfeq4.js:1943
[ 6531384ms] [LOG] [useNewPairs] parsed pairs: 500 ok: true @ https://solpulse.trade/assets/main-_i6vfeq4.js:1943
[ 6531504ms] [ERROR] Failed to load resource: net::ERR_BLOCKED_BY_RESPONSE.NotSameOrigin @ https://ipfs.io/ipfs/QmYnJx8MwutvTVZ4mTZaDBURQQSr9QKodQ283a7NFUPoVZ:0
[ 6539262ms] [LOG] [useNewPairs] fetching: https://api.solpulse.trade/api/new-pairs @ https://solpulse.trade/assets/main-_i6vfeq4.js:1943
[ 6539377ms] [LOG] [useNewPairs] response status: 200 ok: true @ https://solpulse.trade/assets/main-_i6vfeq4.js:1943
[ 6539403ms] [LOG] [useNewPairs] parsed pairs: 500 ok: true @ https://solpulse.trade/assets/main-_i6vfeq4.js:1943
[ 6547261ms] [LOG] [useNewPairs] fetching: https://api.solpulse.trade/api/new-pairs @ https://solpulse.trade/assets/main-_i6vfeq4.js:1943
[ 6547348ms] [LOG] [useNewPairs] response status: 200 ok: true @ https://solpulse.trade/assets/main-_i6vfeq4.js:1943
[ 6547372ms] [LOG] [useNewPairs] parsed pairs: 500 ok: true @ https://solpulse.trade/assets/main-_i6vfeq4.js:1943
[ 6555261ms] [LOG] [useNewPairs] fetching: https://api.solpulse.trade/api/new-pairs @ https://solpulse.trade/assets/main-_i6vfeq4.js:1943
[ 6555349ms] [LOG] [useNewPairs] response status: 200 ok: true @ https://solpulse.trade/assets/main-_i6vfeq4.js:1943
[ 6555377ms] [LOG] [useNewPairs] parsed pairs: 500 ok: true @ https://solpulse.trade/assets/main-_i6vfeq4.js:1943
[ 6563261ms] [LOG] [useNewPairs] fetching: https://api.solpulse.trade/api/new-pairs @ https://solpulse.trade/assets/main-_i6vfeq4.js:1943
[ 6563350ms] [LOG] [useNewPairs] response status: 200 ok: true @ https://solpulse.trade/assets/main-_i6vfeq4.js:1943
[ 6563377ms] [LOG] [useNewPairs] parsed pairs: 500 ok: true @ https://solpulse.trade/assets/main-_i6vfeq4.js:1943
[ 6571261ms] [LOG] [useNewPairs] fetching: https://api.solpulse.trade/api/new-pairs @ https://solpulse.trade/assets/main-_i6vfeq4.js:1943
[ 6571363ms] [LOG] [useNewPairs] response status: 200 ok: true @ https://solpulse.trade/assets/main-_i6vfeq4.js:1943
[ 6571388ms] [LOG] [useNewPairs] parsed pairs: 500 ok: true @ https://solpulse.trade/assets/main-_i6vfeq4.js:1943
[ 6579260ms] [LOG] [useNewPairs] fetching: https://api.solpulse.trade/api/new-pairs @ https://solpulse.trade/assets/main-_i6vfeq4.js:1943
[ 6579348ms] [LOG] [useNewPairs] response status: 200 ok: true @ https://solpulse.trade/assets/main-_i6vfeq4.js:1943
[ 6579360ms] [LOG] [useNewPairs] parsed pairs: 500 ok: true @ https://solpulse.trade/assets/main-_i6vfeq4.js:1943
[ 6587260ms] [LOG] [useNewPairs] fetching: https://api.solpulse.trade/api/new-pairs @ https://solpulse.trade/assets/main-_i6vfeq4.js:1943
[ 6587341ms] [LOG] [useNewPairs] response status: 200 ok: true @ https://solpulse.trade/assets/main-_i6vfeq4.js:1943
[ 6587356ms] [LOG] [useNewPairs] parsed pairs: 500 ok: true @ https://solpulse.trade/assets/main-_i6vfeq4.js:1943
[ 6595259ms] [LOG] [useNewPairs] fetching: https://api.solpulse.trade/api/new-pairs @ https://solpulse.trade/assets/main-_i6vfeq4.js:1943
[ 6595346ms] [LOG] [useNewPairs] response status: 200 ok: true @ https://solpulse.trade/assets/main-_i6vfeq4.js:1943
[ 6595375ms] [LOG] [useNewPairs] parsed pairs: 500 ok: true @ https://solpulse.trade/assets/main-_i6vfeq4.js:1943
[ 6595448ms] [ERROR] Failed to load resource: net::ERR_SSL_PROTOCOL_ERROR @ https://gateway.irys.xyz/45iJMP2SDXbrxMvLPHMxd5jwPjwKiStgbT7aQaH8QYLV:0
[ 6595483ms] [ERROR] Failed to load resource: net::ERR_BLOCKED_BY_RESPONSE.NotSameOrigin @ https://ipfs.io/ipfs/bafkreifiqxixdhrt2oaikg2lusrc7e2agw2dcwuplwpjmyz3j7nvvwlxz4:0
[ 6595485ms] [ERROR] Failed to load resource: net::ERR_BLOCKED_BY_RESPONSE.NotSameOrigin @ https://ipfs.io/ipfs/QmZGKRec1wkdsUFvvGPXUgUmcfwqamm7N2c63JEdX6QJ3a:0
[ 6603259ms] [LOG] [useNewPairs] fetching: https://api.solpulse.trade/api/new-pairs @ https://solpulse.trade/assets/main-_i6vfeq4.js:1943
[ 6603350ms] [LOG] [useNewPairs] response status: 200 ok: true @ https://solpulse.trade/assets/main-_i6vfeq4.js:1943
[ 6603375ms] [LOG] [useNewPairs] parsed pairs: 500 ok: true @ https://solpulse.trade/assets/main-_i6vfeq4.js:1943
[ 6611259ms] [LOG] [useNewPairs] fetching: https://api.solpulse.trade/api/new-pairs @ https://solpulse.trade/assets/main-_i6vfeq4.js:1943
[ 6611355ms] [LOG] [useNewPairs] response status: 200 ok: true @ https://solpulse.trade/assets/main-_i6vfeq4.js:1943
[ 6611383ms] [LOG] [useNewPairs] parsed pairs: 500 ok: true @ https://solpulse.trade/assets/main-_i6vfeq4.js:1943
[ 6619260ms] [LOG] [useNewPairs] fetching: https://api.solpulse.trade/api/new-pairs @ https://solpulse.trade/assets/main-_i6vfeq4.js:1943
[ 6619352ms] [LOG] [useNewPairs] response status: 200 ok: true @ https://solpulse.trade/assets/main-_i6vfeq4.js:1943
[ 6619377ms] [LOG] [useNewPairs] parsed pairs: 500 ok: true @ https://solpulse.trade/assets/main-_i6vfeq4.js:1943
[ 6627260ms] [LOG] [useNewPairs] fetching: https://api.solpulse.trade/api/new-pairs @ https://solpulse.trade/assets/main-_i6vfeq4.js:1943
[ 6627345ms] [LOG] [useNewPairs] response status: 200 ok: true @ https://solpulse.trade/assets/main-_i6vfeq4.js:1943
[ 6627351ms] [LOG] [useNewPairs] parsed pairs: 500 ok: true @ https://solpulse.trade/assets/main-_i6vfeq4.js:1943
[ 6635259ms] [LOG] [useNewPairs] fetching: https://api.solpulse.trade/api/new-pairs @ https://solpulse.trade/assets/main-_i6vfeq4.js:1943
[ 6635365ms] [LOG] [useNewPairs] response status: 200 ok: true @ https://solpulse.trade/assets/main-_i6vfeq4.js:1943
[ 6635390ms] [LOG] [useNewPairs] parsed pairs: 500 ok: true @ https://solpulse.trade/assets/main-_i6vfeq4.js:1943
[ 6643259ms] [LOG] [useNewPairs] fetching: https://api.solpulse.trade/api/new-pairs @ https://solpulse.trade/assets/main-_i6vfeq4.js:1943
[ 6643349ms] [LOG] [useNewPairs] response status: 200 ok: true @ https://solpulse.trade/assets/main-_i6vfeq4.js:1943
[ 6643376ms] [LOG] [useNewPairs] parsed pairs: 500 ok: true @ https://solpulse.trade/assets/main-_i6vfeq4.js:1943
[ 6651258ms] [LOG] [useNewPairs] fetching: https://api.solpulse.trade/api/new-pairs @ https://solpulse.trade/assets/main-_i6vfeq4.js:1943
[ 6651356ms] [LOG] [useNewPairs] response status: 200 ok: true @ https://solpulse.trade/assets/main-_i6vfeq4.js:1943
[ 6651378ms] [LOG] [useNewPairs] parsed pairs: 500 ok: true @ https://solpulse.trade/assets/main-_i6vfeq4.js:1943
[ 6659259ms] [LOG] [useNewPairs] fetching: https://api.solpulse.trade/api/new-pairs @ https://solpulse.trade/assets/main-_i6vfeq4.js:1943
[ 6659367ms] [LOG] [useNewPairs] response status: 200 ok: true @ https://solpulse.trade/assets/main-_i6vfeq4.js:1943
[ 6659394ms] [LOG] [useNewPairs] parsed pairs: 500 ok: true @ https://solpulse.trade/assets/main-_i6vfeq4.js:1943
[ 6667259ms] [LOG] [useNewPairs] fetching: https://api.solpulse.trade/api/new-pairs @ https://solpulse.trade/assets/main-_i6vfeq4.js:1943
[ 6667349ms] [LOG] [useNewPairs] response status: 200 ok: true @ https://solpulse.trade/assets/main-_i6vfeq4.js:1943
[ 6667373ms] [LOG] [useNewPairs] parsed pairs: 500 ok: true @ https://solpulse.trade/assets/main-_i6vfeq4.js:1943
[ 6675259ms] [LOG] [useNewPairs] fetching: https://api.solpulse.trade/api/new-pairs @ https://solpulse.trade/assets/main-_i6vfeq4.js:1943
[ 6675343ms] [LOG] [useNewPairs] response status: 200 ok: true @ https://solpulse.trade/assets/main-_i6vfeq4.js:1943
[ 6675371ms] [LOG] [useNewPairs] parsed pairs: 500 ok: true @ https://solpulse.trade/assets/main-_i6vfeq4.js:1943
[ 6683258ms] [LOG] [useNewPairs] fetching: https://api.solpulse.trade/api/new-pairs @ https://solpulse.trade/assets/main-_i6vfeq4.js:1943
[ 6683351ms] [LOG] [useNewPairs] response status: 200 ok: true @ https://solpulse.trade/assets/main-_i6vfeq4.js:1943
[ 6683375ms] [LOG] [useNewPairs] parsed pairs: 500 ok: true @ https://solpulse.trade/assets/main-_i6vfeq4.js:1943
[ 6691258ms] [LOG] [useNewPairs] fetching: https://api.solpulse.trade/api/new-pairs @ https://solpulse.trade/assets/main-_i6vfeq4.js:1943
[ 6691354ms] [LOG] [useNewPairs] response status: 200 ok: true @ https://solpulse.trade/assets/main-_i6vfeq4.js:1943
[ 6691363ms] [LOG] [useNewPairs] parsed pairs: 500 ok: true @ https://solpulse.trade/assets/main-_i6vfeq4.js:1943
[ 6691441ms] [ERROR] Failed to load resource: net::ERR_SSL_PROTOCOL_ERROR @ https://gateway.irys.xyz/3VgwDNTU2RZEvxmquefAwttqP8uDRyYowE4AFUaU9vgh:0
[ 6691478ms] [ERROR] Failed to load resource: net::ERR_BLOCKED_BY_RESPONSE.NotSameOrigin @ https://ipfs.io/ipfs/bafkreibsydoz5esvlihxfwx7kr6vbu6fdawebjrjmx6lqlkt34j3slvtey:0
[ 6691489ms] [ERROR] Failed to load resource: net::ERR_BLOCKED_BY_RESPONSE.NotSameOrigin @ https://ipfs.io/ipfs/QmfA6CewhbeojapeL7ZuxzPcUK1ncPHRpWxbe93KWBYPWn:0
[ 6699259ms] [LOG] [useNewPairs] fetching: https://api.solpulse.trade/api/new-pairs @ https://solpulse.trade/assets/main-_i6vfeq4.js:1943
[ 6699355ms] [LOG] [useNewPairs] response status: 200 ok: true @ https://solpulse.trade/assets/main-_i6vfeq4.js:1943
[ 6699366ms] [LOG] [useNewPairs] parsed pairs: 500 ok: true @ https://solpulse.trade/assets/main-_i6vfeq4.js:1943
[ 6707258ms] [LOG] [useNewPairs] fetching: https://api.solpulse.trade/api/new-pairs @ https://solpulse.trade/assets/main-_i6vfeq4.js:1943
[ 6707338ms] [LOG] [useNewPairs] response status: 200 ok: true @ https://solpulse.trade/assets/main-_i6vfeq4.js:1943
[ 6707350ms] [LOG] [useNewPairs] parsed pairs: 500 ok: true @ https://solpulse.trade/assets/main-_i6vfeq4.js:1943
[ 6715259ms] [LOG] [useNewPairs] fetching: https://api.solpulse.trade/api/new-pairs @ https://solpulse.trade/assets/main-_i6vfeq4.js:1943
[ 6715333ms] [LOG] [useNewPairs] response status: 200 ok: true @ https://solpulse.trade/assets/main-_i6vfeq4.js:1943
[ 6715342ms] [LOG] [useNewPairs] parsed pairs: 500 ok: true @ https://solpulse.trade/assets/main-_i6vfeq4.js:1943
[ 6723257ms] [LOG] [useNewPairs] fetching: https://api.solpulse.trade/api/new-pairs @ https://solpulse.trade/assets/main-_i6vfeq4.js:1943
[ 6723332ms] [LOG] [useNewPairs] response status: 200 ok: true @ https://solpulse.trade/assets/main-_i6vfeq4.js:1943
[ 6723344ms] [LOG] [useNewPairs] parsed pairs: 500 ok: true @ https://solpulse.trade/assets/main-_i6vfeq4.js:1943
[ 6723484ms] [ERROR] Failed to load resource: net::ERR_BLOCKED_BY_RESPONSE.NotSameOrigin @ https://ipfs.io/ipfs/QmRmvwVoJbftmwwD4gxeNDja2BBaNsVoxE4DSk5YmWR5LM:0
[ 6723485ms] [ERROR] Failed to load resource: net::ERR_BLOCKED_BY_RESPONSE.NotSameOrigin @ https://ipfs.io/ipfs/bafybeigajgg3m2o2zq5kuzx5jj4vjpq3ndcahgnixjtlppnkljxwccbn3a:0
[ 6731259ms] [LOG] [useNewPairs] fetching: https://api.solpulse.trade/api/new-pairs @ https://solpulse.trade/assets/main-_i6vfeq4.js:1943
[ 6731356ms] [LOG] [useNewPairs] response status: 200 ok: true @ https://solpulse.trade/assets/main-_i6vfeq4.js:1943
[ 6731384ms] [LOG] [useNewPairs] parsed pairs: 500 ok: true @ https://solpulse.trade/assets/main-_i6vfeq4.js:1943
[ 6739258ms] [LOG] [useNewPairs] fetching: https://api.solpulse.trade/api/new-pairs @ https://solpulse.trade/assets/main-_i6vfeq4.js:1943
[ 6739359ms] [LOG] [useNewPairs] response status: 200 ok: true @ https://solpulse.trade/assets/main-_i6vfeq4.js:1943
[ 6739380ms] [LOG] [useNewPairs] parsed pairs: 500 ok: true @ https://solpulse.trade/assets/main-_i6vfeq4.js:1943
[ 6747258ms] [LOG] [useNewPairs] fetching: https://api.solpulse.trade/api/new-pairs @ https://solpulse.trade/assets/main-_i6vfeq4.js:1943
[ 6747363ms] [LOG] [useNewPairs] response status: 200 ok: true @ https://solpulse.trade/assets/main-_i6vfeq4.js:1943
[ 6747388ms] [LOG] [useNewPairs] parsed pairs: 500 ok: true @ https://solpulse.trade/assets/main-_i6vfeq4.js:1943
[ 6755258ms] [LOG] [useNewPairs] fetching: https://api.solpulse.trade/api/new-pairs @ https://solpulse.trade/assets/main-_i6vfeq4.js:1943
[ 6755348ms] [LOG] [useNewPairs] response status: 200 ok: true @ https://solpulse.trade/assets/main-_i6vfeq4.js:1943
[ 6755375ms] [LOG] [useNewPairs] parsed pairs: 500 ok: true @ https://solpulse.trade/assets/main-_i6vfeq4.js:1943
[ 6755417ms] [ERROR] Failed to load resource: net::ERR_BLOCKED_BY_RESPONSE.NotSameOrigin @ https://ipfs.io/ipfs/bafkreie2jksu2ulh2oigpuqkd4e43rwme6tk2zuvz56bokvuox5pyreasm:0
[ 6755450ms] [ERROR] Failed to load resource: net::ERR_BLOCKED_BY_RESPONSE.NotSameOrigin @ https://ipfs.io/ipfs/bafkreiho43ly6rkkhvwsiwh2oo5i2aj6nwp6wkwyvncljb4ibp2rpgaafe:0
[ 6763258ms] [LOG] [useNewPairs] fetching: https://api.solpulse.trade/api/new-pairs @ https://solpulse.trade/assets/main-_i6vfeq4.js:1943
[ 6763352ms] [LOG] [useNewPairs] response status: 200 ok: true @ https://solpulse.trade/assets/main-_i6vfeq4.js:1943
[ 6763362ms] [LOG] [useNewPairs] parsed pairs: 500 ok: true @ https://solpulse.trade/assets/main-_i6vfeq4.js:1943
[ 6771258ms] [LOG] [useNewPairs] fetching: https://api.solpulse.trade/api/new-pairs @ https://solpulse.trade/assets/main-_i6vfeq4.js:1943
[ 6771373ms] [LOG] [useNewPairs] response status: 200 ok: true @ https://solpulse.trade/assets/main-_i6vfeq4.js:1943
[ 6771399ms] [LOG] [useNewPairs] parsed pairs: 500 ok: true @ https://solpulse.trade/assets/main-_i6vfeq4.js:1943
[ 6779258ms] [LOG] [useNewPairs] fetching: https://api.solpulse.trade/api/new-pairs @ https://solpulse.trade/assets/main-_i6vfeq4.js:1943
[ 6779355ms] [LOG] [useNewPairs] response status: 200 ok: true @ https://solpulse.trade/assets/main-_i6vfeq4.js:1943
[ 6779384ms] [LOG] [useNewPairs] parsed pairs: 500 ok: true @ https://solpulse.trade/assets/main-_i6vfeq4.js:1943
[ 6787258ms] [LOG] [useNewPairs] fetching: https://api.solpulse.trade/api/new-pairs @ https://solpulse.trade/assets/main-_i6vfeq4.js:1943
[ 6787347ms] [LOG] [useNewPairs] response status: 200 ok: true @ https://solpulse.trade/assets/main-_i6vfeq4.js:1943
[ 6787376ms] [LOG] [useNewPairs] parsed pairs: 500 ok: true @ https://solpulse.trade/assets/main-_i6vfeq4.js:1943
[ 6795258ms] [LOG] [useNewPairs] fetching: https://api.solpulse.trade/api/new-pairs @ https://solpulse.trade/assets/main-_i6vfeq4.js:1943
[ 6795335ms] [LOG] [useNewPairs] response status: 200 ok: true @ https://solpulse.trade/assets/main-_i6vfeq4.js:1943
[ 6795344ms] [LOG] [useNewPairs] parsed pairs: 500 ok: true @ https://solpulse.trade/assets/main-_i6vfeq4.js:1943
[ 6803258ms] [LOG] [useNewPairs] fetching: https://api.solpulse.trade/api/new-pairs @ https://solpulse.trade/assets/main-_i6vfeq4.js:1943
[ 6803354ms] [LOG] [useNewPairs] response status: 200 ok: true @ https://solpulse.trade/assets/main-_i6vfeq4.js:1943
[ 6803366ms] [LOG] [useNewPairs] parsed pairs: 500 ok: true @ https://solpulse.trade/assets/main-_i6vfeq4.js:1943
[ 6811258ms] [LOG] [useNewPairs] fetching: https://api.solpulse.trade/api/new-pairs @ https://solpulse.trade/assets/main-_i6vfeq4.js:1943
[ 6811348ms] [LOG] [useNewPairs] response status: 200 ok: true @ https://solpulse.trade/assets/main-_i6vfeq4.js:1943
[ 6811375ms] [LOG] [useNewPairs] parsed pairs: 500 ok: true @ https://solpulse.trade/assets/main-_i6vfeq4.js:1943
[ 6819257ms] [LOG] [useNewPairs] fetching: https://api.solpulse.trade/api/new-pairs @ https://solpulse.trade/assets/main-_i6vfeq4.js:1943
[ 6819351ms] [LOG] [useNewPairs] response status: 200 ok: true @ https://solpulse.trade/assets/main-_i6vfeq4.js:1943
[ 6819366ms] [LOG] [useNewPairs] parsed pairs: 500 ok: true @ https://solpulse.trade/assets/main-_i6vfeq4.js:1943
[ 6819627ms] [ERROR] Failed to load resource: net::ERR_BLOCKED_BY_RESPONSE.NotSameOrigin @ https://ipfs.io/ipfs/bafybeia6n2chnhnheqzez4qjd4vlkhlpfmnvvs4vfqnwedaeo3s7tfpz64:0
[ 6827257ms] [LOG] [useNewPairs] fetching: https://api.solpulse.trade/api/new-pairs @ https://solpulse.trade/assets/main-_i6vfeq4.js:1943
[ 6827344ms] [LOG] [useNewPairs] response status: 200 ok: true @ https://solpulse.trade/assets/main-_i6vfeq4.js:1943
[ 6827371ms] [LOG] [useNewPairs] parsed pairs: 500 ok: true @ https://solpulse.trade/assets/main-_i6vfeq4.js:1943
[ 6835257ms] [LOG] [useNewPairs] fetching: https://api.solpulse.trade/api/new-pairs @ https://solpulse.trade/assets/main-_i6vfeq4.js:1943
[ 6835377ms] [LOG] [useNewPairs] response status: 200 ok: true @ https://solpulse.trade/assets/main-_i6vfeq4.js:1943
[ 6835414ms] [LOG] [useNewPairs] parsed pairs: 500 ok: true @ https://solpulse.trade/assets/main-_i6vfeq4.js:1943
[ 6843257ms] [LOG] [useNewPairs] fetching: https://api.solpulse.trade/api/new-pairs @ https://solpulse.trade/assets/main-_i6vfeq4.js:1943
[ 6843350ms] [LOG] [useNewPairs] response status: 200 ok: true @ https://solpulse.trade/assets/main-_i6vfeq4.js:1943
[ 6843359ms] [LOG] [useNewPairs] parsed pairs: 500 ok: true @ https://solpulse.trade/assets/main-_i6vfeq4.js:1943
[ 6851257ms] [LOG] [useNewPairs] fetching: https://api.solpulse.trade/api/new-pairs @ https://solpulse.trade/assets/main-_i6vfeq4.js:1943
[ 6851347ms] [LOG] [useNewPairs] response status: 200 ok: true @ https://solpulse.trade/assets/main-_i6vfeq4.js:1943
[ 6851370ms] [LOG] [useNewPairs] parsed pairs: 500 ok: true @ https://solpulse.trade/assets/main-_i6vfeq4.js:1943
[ 6859257ms] [LOG] [useNewPairs] fetching: https://api.solpulse.trade/api/new-pairs @ https://solpulse.trade/assets/main-_i6vfeq4.js:1943
[ 6859346ms] [LOG] [useNewPairs] response status: 200 ok: true @ https://solpulse.trade/assets/main-_i6vfeq4.js:1943
[ 6859372ms] [LOG] [useNewPairs] parsed pairs: 500 ok: true @ https://solpulse.trade/assets/main-_i6vfeq4.js:1943
[ 6867257ms] [LOG] [useNewPairs] fetching: https://api.solpulse.trade/api/new-pairs @ https://solpulse.trade/assets/main-_i6vfeq4.js:1943
[ 6867356ms] [LOG] [useNewPairs] response status: 200 ok: true @ https://solpulse.trade/assets/main-_i6vfeq4.js:1943
[ 6867382ms] [LOG] [useNewPairs] parsed pairs: 500 ok: true @ https://solpulse.trade/assets/main-_i6vfeq4.js:1943
[ 6875257ms] [LOG] [useNewPairs] fetching: https://api.solpulse.trade/api/new-pairs @ https://solpulse.trade/assets/main-_i6vfeq4.js:1943
[ 6875358ms] [LOG] [useNewPairs] response status: 200 ok: true @ https://solpulse.trade/assets/main-_i6vfeq4.js:1943
[ 6875386ms] [LOG] [useNewPairs] parsed pairs: 500 ok: true @ https://solpulse.trade/assets/main-_i6vfeq4.js:1943
[ 6883257ms] [LOG] [useNewPairs] fetching: https://api.solpulse.trade/api/new-pairs @ https://solpulse.trade/assets/main-_i6vfeq4.js:1943
[ 6883347ms] [LOG] [useNewPairs] response status: 200 ok: true @ https://solpulse.trade/assets/main-_i6vfeq4.js:1943
[ 6883377ms] [LOG] [useNewPairs] parsed pairs: 500 ok: true @ https://solpulse.trade/assets/main-_i6vfeq4.js:1943
[ 6883445ms] [ERROR] Failed to load resource: net::ERR_SSL_PROTOCOL_ERROR @ https://gateway.irys.xyz/5UhehciDWBZXoiRxHJpctFQUPkyBhsfiUXwPvMdGGtDL:0
[ 6883470ms] [ERROR] Failed to load resource: net::ERR_SSL_PROTOCOL_ERROR @ https://gateway.irys.xyz/5wTHVjcQcbpWaKGLe2w8T1hpGoQsLAxhTvSMpXuKHPUx:0
[ 6891256ms] [LOG] [useNewPairs] fetching: https://api.solpulse.trade/api/new-pairs @ https://solpulse.trade/assets/main-_i6vfeq4.js:1943
[ 6891362ms] [LOG] [useNewPairs] response status: 200 ok: true @ https://solpulse.trade/assets/main-_i6vfeq4.js:1943
[ 6891387ms] [LOG] [useNewPairs] parsed pairs: 500 ok: true @ https://solpulse.trade/assets/main-_i6vfeq4.js:1943
[ 6899256ms] [LOG] [useNewPairs] fetching: https://api.solpulse.trade/api/new-pairs @ https://solpulse.trade/assets/main-_i6vfeq4.js:1943
[ 6899356ms] [LOG] [useNewPairs] response status: 200 ok: true @ https://solpulse.trade/assets/main-_i6vfeq4.js:1943
[ 6899383ms] [LOG] [useNewPairs] parsed pairs: 500 ok: true @ https://solpulse.trade/assets/main-_i6vfeq4.js:1943
[ 6907257ms] [LOG] [useNewPairs] fetching: https://api.solpulse.trade/api/new-pairs @ https://solpulse.trade/assets/main-_i6vfeq4.js:1943
[ 6907343ms] [LOG] [useNewPairs] response status: 200 ok: true @ https://solpulse.trade/assets/main-_i6vfeq4.js:1943
[ 6907359ms] [LOG] [useNewPairs] parsed pairs: 500 ok: true @ https://solpulse.trade/assets/main-_i6vfeq4.js:1943
[ 6915257ms] [LOG] [useNewPairs] fetching: https://api.solpulse.trade/api/new-pairs @ https://solpulse.trade/assets/main-_i6vfeq4.js:1943
[ 6915344ms] [LOG] [useNewPairs] response status: 200 ok: true @ https://solpulse.trade/assets/main-_i6vfeq4.js:1943
[ 6915374ms] [LOG] [useNewPairs] parsed pairs: 500 ok: true @ https://solpulse.trade/assets/main-_i6vfeq4.js:1943
[ 6915525ms] [ERROR] Failed to load resource: net::ERR_BLOCKED_BY_RESPONSE.NotSameOrigin @ https://ipfs.io/ipfs/QmeNxaius3Ac4KcYzczdJUxwjXF6ghUScntsah6KtYQGPo:0
[ 6923257ms] [LOG] [useNewPairs] fetching: https://api.solpulse.trade/api/new-pairs @ https://solpulse.trade/assets/main-_i6vfeq4.js:1943
[ 6923343ms] [LOG] [useNewPairs] response status: 200 ok: true @ https://solpulse.trade/assets/main-_i6vfeq4.js:1943
[ 6923373ms] [LOG] [useNewPairs] parsed pairs: 500 ok: true @ https://solpulse.trade/assets/main-_i6vfeq4.js:1943
[ 6931256ms] [LOG] [useNewPairs] fetching: https://api.solpulse.trade/api/new-pairs @ https://solpulse.trade/assets/main-_i6vfeq4.js:1943
[ 6931364ms] [LOG] [useNewPairs] response status: 200 ok: true @ https://solpulse.trade/assets/main-_i6vfeq4.js:1943
[ 6931388ms] [LOG] [useNewPairs] parsed pairs: 500 ok: true @ https://solpulse.trade/assets/main-_i6vfeq4.js:1943
[ 6939256ms] [LOG] [useNewPairs] fetching: https://api.solpulse.trade/api/new-pairs @ https://solpulse.trade/assets/main-_i6vfeq4.js:1943
[ 6939342ms] [LOG] [useNewPairs] response status: 200 ok: true @ https://solpulse.trade/assets/main-_i6vfeq4.js:1943
[ 6939356ms] [LOG] [useNewPairs] parsed pairs: 500 ok: true @ https://solpulse.trade/assets/main-_i6vfeq4.js:1943
[ 6947254ms] [LOG] [useNewPairs] fetching: https://api.solpulse.trade/api/new-pairs @ https://solpulse.trade/assets/main-_i6vfeq4.js:1943
[ 6947342ms] [LOG] [useNewPairs] response status: 200 ok: true @ https://solpulse.trade/assets/main-_i6vfeq4.js:1943
[ 6947354ms] [LOG] [useNewPairs] parsed pairs: 500 ok: true @ https://solpulse.trade/assets/main-_i6vfeq4.js:1943
[ 6947490ms] [ERROR] Failed to load resource: net::ERR_BLOCKED_BY_RESPONSE.NotSameOrigin @ https://ipfs.io/ipfs/bafybeifuvw5vmqwc57l7ktayvgv2pnjyjirio3azulfy76jwvaqkpc2i3y:0
[ 6955256ms] [LOG] [useNewPairs] fetching: https://api.solpulse.trade/api/new-pairs @ https://solpulse.trade/assets/main-_i6vfeq4.js:1943
[ 6955362ms] [LOG] [useNewPairs] response status: 200 ok: true @ https://solpulse.trade/assets/main-_i6vfeq4.js:1943
[ 6955372ms] [LOG] [useNewPairs] parsed pairs: 500 ok: true @ https://solpulse.trade/assets/main-_i6vfeq4.js:1943
[ 6963255ms] [LOG] [useNewPairs] fetching: https://api.solpulse.trade/api/new-pairs @ https://solpulse.trade/assets/main-_i6vfeq4.js:1943
[ 6963352ms] [LOG] [useNewPairs] response status: 200 ok: true @ https://solpulse.trade/assets/main-_i6vfeq4.js:1943
[ 6963372ms] [LOG] [useNewPairs] parsed pairs: 500 ok: true @ https://solpulse.trade/assets/main-_i6vfeq4.js:1943
[ 6971256ms] [LOG] [useNewPairs] fetching: https://api.solpulse.trade/api/new-pairs @ https://solpulse.trade/assets/main-_i6vfeq4.js:1943
[ 6971327ms] [LOG] [useNewPairs] response status: 200 ok: true @ https://solpulse.trade/assets/main-_i6vfeq4.js:1943
[ 6971337ms] [LOG] [useNewPairs] parsed pairs: 500 ok: true @ https://solpulse.trade/assets/main-_i6vfeq4.js:1943
[ 6979256ms] [LOG] [useNewPairs] fetching: https://api.solpulse.trade/api/new-pairs @ https://solpulse.trade/assets/main-_i6vfeq4.js:1943
[ 6979328ms] [LOG] [useNewPairs] response status: 200 ok: true @ https://solpulse.trade/assets/main-_i6vfeq4.js:1943
[ 6979347ms] [LOG] [useNewPairs] parsed pairs: 500 ok: true @ https://solpulse.trade/assets/main-_i6vfeq4.js:1943
[ 6987255ms] [LOG] [useNewPairs] fetching: https://api.solpulse.trade/api/new-pairs @ https://solpulse.trade/assets/main-_i6vfeq4.js:1943
[ 6987330ms] [LOG] [useNewPairs] response status: 200 ok: true @ https://solpulse.trade/assets/main-_i6vfeq4.js:1943
[ 6987340ms] [LOG] [useNewPairs] parsed pairs: 500 ok: true @ https://solpulse.trade/assets/main-_i6vfeq4.js:1943
[ 6995255ms] [LOG] [useNewPairs] fetching: https://api.solpulse.trade/api/new-pairs @ https://solpulse.trade/assets/main-_i6vfeq4.js:1943
[ 6995350ms] [LOG] [useNewPairs] response status: 200 ok: true @ https://solpulse.trade/assets/main-_i6vfeq4.js:1943
[ 6995378ms] [LOG] [useNewPairs] parsed pairs: 500 ok: true @ https://solpulse.trade/assets/main-_i6vfeq4.js:1943
[ 7003255ms] [LOG] [useNewPairs] fetching: https://api.solpulse.trade/api/new-pairs @ https://solpulse.trade/assets/main-_i6vfeq4.js:1943
[ 7003324ms] [LOG] [useNewPairs] response status: 200 ok: true @ https://solpulse.trade/assets/main-_i6vfeq4.js:1943
[ 7003336ms] [LOG] [useNewPairs] parsed pairs: 500 ok: true @ https://solpulse.trade/assets/main-_i6vfeq4.js:1943
[ 7011255ms] [LOG] [useNewPairs] fetching: https://api.solpulse.trade/api/new-pairs @ https://solpulse.trade/assets/main-_i6vfeq4.js:1943
[ 7011333ms] [LOG] [useNewPairs] response status: 200 ok: true @ https://solpulse.trade/assets/main-_i6vfeq4.js:1943
[ 7011352ms] [LOG] [useNewPairs] parsed pairs: 500 ok: true @ https://solpulse.trade/assets/main-_i6vfeq4.js:1943
[ 7019255ms] [LOG] [useNewPairs] fetching: https://api.solpulse.trade/api/new-pairs @ https://solpulse.trade/assets/main-_i6vfeq4.js:1943
[ 7019354ms] [LOG] [useNewPairs] response status: 200 ok: true @ https://solpulse.trade/assets/main-_i6vfeq4.js:1943
[ 7019379ms] [LOG] [useNewPairs] parsed pairs: 500 ok: true @ https://solpulse.trade/assets/main-_i6vfeq4.js:1943
[ 7027253ms] [LOG] [useNewPairs] fetching: https://api.solpulse.trade/api/new-pairs @ https://solpulse.trade/assets/main-_i6vfeq4.js:1943
[ 7027330ms] [LOG] [useNewPairs] response status: 200 ok: true @ https://solpulse.trade/assets/main-_i6vfeq4.js:1943
[ 7027347ms] [LOG] [useNewPairs] parsed pairs: 500 ok: true @ https://solpulse.trade/assets/main-_i6vfeq4.js:1943
[ 7035254ms] [LOG] [useNewPairs] fetching: https://api.solpulse.trade/api/new-pairs @ https://solpulse.trade/assets/main-_i6vfeq4.js:1943
[ 7035344ms] [LOG] [useNewPairs] response status: 200 ok: true @ https://solpulse.trade/assets/main-_i6vfeq4.js:1943
[ 7035369ms] [LOG] [useNewPairs] parsed pairs: 500 ok: true @ https://solpulse.trade/assets/main-_i6vfeq4.js:1943
[ 7043255ms] [LOG] [useNewPairs] fetching: https://api.solpulse.trade/api/new-pairs @ https://solpulse.trade/assets/main-_i6vfeq4.js:1943
[ 7043343ms] [LOG] [useNewPairs] response status: 200 ok: true @ https://solpulse.trade/assets/main-_i6vfeq4.js:1943
[ 7043366ms] [LOG] [useNewPairs] parsed pairs: 500 ok: true @ https://solpulse.trade/assets/main-_i6vfeq4.js:1943
[ 7043531ms] [ERROR] Failed to load resource: net::ERR_BLOCKED_BY_RESPONSE.NotSameOrigin @ https://ipfs.io/ipfs/QmQ66SvMrsq3CTQB7gVQMqsmf1rQiqD94NttM5c3ufkG3x:0
[ 7043531ms] [ERROR] Failed to load resource: net::ERR_BLOCKED_BY_RESPONSE.NotSameOrigin @ https://ipfs.io/ipfs/QmbkyZPyVk4AmKQo6PjgKAjFVTxkRfHm1xF2y82QfECCRF:0
[ 7051254ms] [LOG] [useNewPairs] fetching: https://api.solpulse.trade/api/new-pairs @ https://solpulse.trade/assets/main-_i6vfeq4.js:1943
[ 7051380ms] [LOG] [useNewPairs] response status: 200 ok: true @ https://solpulse.trade/assets/main-_i6vfeq4.js:1943
[ 7051388ms] [LOG] [useNewPairs] parsed pairs: 500 ok: true @ https://solpulse.trade/assets/main-_i6vfeq4.js:1943
[ 7059254ms] [LOG] [useNewPairs] fetching: https://api.solpulse.trade/api/new-pairs @ https://solpulse.trade/assets/main-_i6vfeq4.js:1943
[ 7059342ms] [LOG] [useNewPairs] response status: 200 ok: true @ https://solpulse.trade/assets/main-_i6vfeq4.js:1943
[ 7059351ms] [LOG] [useNewPairs] parsed pairs: 500 ok: true @ https://solpulse.trade/assets/main-_i6vfeq4.js:1943
[ 7067254ms] [LOG] [useNewPairs] fetching: https://api.solpulse.trade/api/new-pairs @ https://solpulse.trade/assets/main-_i6vfeq4.js:1943
[ 7067348ms] [LOG] [useNewPairs] response status: 200 ok: true @ https://solpulse.trade/assets/main-_i6vfeq4.js:1943
[ 7067374ms] [LOG] [useNewPairs] parsed pairs: 500 ok: true @ https://solpulse.trade/assets/main-_i6vfeq4.js:1943
[ 7075253ms] [LOG] [useNewPairs] fetching: https://api.solpulse.trade/api/new-pairs @ https://solpulse.trade/assets/main-_i6vfeq4.js:1943
[ 7075358ms] [LOG] [useNewPairs] response status: 200 ok: true @ https://solpulse.trade/assets/main-_i6vfeq4.js:1943
[ 7075382ms] [LOG] [useNewPairs] parsed pairs: 500 ok: true @ https://solpulse.trade/assets/main-_i6vfeq4.js:1943
[ 7083254ms] [LOG] [useNewPairs] fetching: https://api.solpulse.trade/api/new-pairs @ https://solpulse.trade/assets/main-_i6vfeq4.js:1943
[ 7083345ms] [LOG] [useNewPairs] response status: 200 ok: true @ https://solpulse.trade/assets/main-_i6vfeq4.js:1943
[ 7083369ms] [LOG] [useNewPairs] parsed pairs: 500 ok: true @ https://solpulse.trade/assets/main-_i6vfeq4.js:1943
[ 7091254ms] [LOG] [useNewPairs] fetching: https://api.solpulse.trade/api/new-pairs @ https://solpulse.trade/assets/main-_i6vfeq4.js:1943
[ 7091357ms] [LOG] [useNewPairs] response status: 200 ok: true @ https://solpulse.trade/assets/main-_i6vfeq4.js:1943
[ 7091384ms] [LOG] [useNewPairs] parsed pairs: 500 ok: true @ https://solpulse.trade/assets/main-_i6vfeq4.js:1943
[ 7099254ms] [LOG] [useNewPairs] fetching: https://api.solpulse.trade/api/new-pairs @ https://solpulse.trade/assets/main-_i6vfeq4.js:1943
[ 7099355ms] [LOG] [useNewPairs] response status: 200 ok: true @ https://solpulse.trade/assets/main-_i6vfeq4.js:1943
[ 7099381ms] [LOG] [useNewPairs] parsed pairs: 500 ok: true @ https://solpulse.trade/assets/main-_i6vfeq4.js:1943
[ 7107254ms] [LOG] [useNewPairs] fetching: https://api.solpulse.trade/api/new-pairs @ https://solpulse.trade/assets/main-_i6vfeq4.js:1943
[ 7107342ms] [LOG] [useNewPairs] response status: 200 ok: true @ https://solpulse.trade/assets/main-_i6vfeq4.js:1943
[ 7107373ms] [LOG] [useNewPairs] parsed pairs: 500 ok: true @ https://solpulse.trade/assets/main-_i6vfeq4.js:1943
[ 7115254ms] [LOG] [useNewPairs] fetching: https://api.solpulse.trade/api/new-pairs @ https://solpulse.trade/assets/main-_i6vfeq4.js:1943
[ 7115348ms] [LOG] [useNewPairs] response status: 200 ok: true @ https://solpulse.trade/assets/main-_i6vfeq4.js:1943
[ 7115356ms] [LOG] [useNewPairs] parsed pairs: 500 ok: true @ https://solpulse.trade/assets/main-_i6vfeq4.js:1943
[ 7123253ms] [LOG] [useNewPairs] fetching: https://api.solpulse.trade/api/new-pairs @ https://solpulse.trade/assets/main-_i6vfeq4.js:1943
[ 7123349ms] [LOG] [useNewPairs] response status: 200 ok: true @ https://solpulse.trade/assets/main-_i6vfeq4.js:1943
[ 7123373ms] [LOG] [useNewPairs] parsed pairs: 500 ok: true @ https://solpulse.trade/assets/main-_i6vfeq4.js:1943
[ 7131254ms] [LOG] [useNewPairs] fetching: https://api.solpulse.trade/api/new-pairs @ https://solpulse.trade/assets/main-_i6vfeq4.js:1943
[ 7131351ms] [LOG] [useNewPairs] response status: 200 ok: true @ https://solpulse.trade/assets/main-_i6vfeq4.js:1943
[ 7131376ms] [LOG] [useNewPairs] parsed pairs: 500 ok: true @ https://solpulse.trade/assets/main-_i6vfeq4.js:1943
[ 7139254ms] [LOG] [useNewPairs] fetching: https://api.solpulse.trade/api/new-pairs @ https://solpulse.trade/assets/main-_i6vfeq4.js:1943
[ 7139346ms] [LOG] [useNewPairs] response status: 200 ok: true @ https://solpulse.trade/assets/main-_i6vfeq4.js:1943
[ 7139374ms] [LOG] [useNewPairs] parsed pairs: 500 ok: true @ https://solpulse.trade/assets/main-_i6vfeq4.js:1943
[ 7139448ms] [ERROR] Failed to load resource: net::ERR_SSL_PROTOCOL_ERROR @ https://gateway.irys.xyz/6SM7dHf3n2MAZeWM1CRpoqv6CopPQAuqsGo54Fpixw6k:0
[ 7139510ms] [ERROR] Failed to load resource: net::ERR_BLOCKED_BY_RESPONSE.NotSameOrigin @ https://ipfs.io/ipfs/bafkreie74ltpgku4zi22tus7vk5xwlbaumhoydacyua6um2p6wwfzdtqp4:0
[ 7139510ms] [ERROR] Failed to load resource: net::ERR_BLOCKED_BY_RESPONSE.NotSameOrigin @ https://ipfs.io/ipfs/bafkreic2k6vq5rorto4kll3gtpux6yfllmioipbrt3uebwaovghmjajr5m:0
[ 7139511ms] [ERROR] Failed to load resource: net::ERR_BLOCKED_BY_RESPONSE.NotSameOrigin @ https://ipfs.io/ipfs/bafybeifq7tzky4kzpta2to4s6njpqxv3qxays2dm62jxtdfvgjp6fzr4oe:0
[ 7147254ms] [LOG] [useNewPairs] fetching: https://api.solpulse.trade/api/new-pairs @ https://solpulse.trade/assets/main-_i6vfeq4.js:1943
[ 7147342ms] [LOG] [useNewPairs] response status: 200 ok: true @ https://solpulse.trade/assets/main-_i6vfeq4.js:1943
[ 7147368ms] [LOG] [useNewPairs] parsed pairs: 500 ok: true @ https://solpulse.trade/assets/main-_i6vfeq4.js:1943
[ 7155251ms] [LOG] [useNewPairs] fetching: https://api.solpulse.trade/api/new-pairs @ https://solpulse.trade/assets/main-_i6vfeq4.js:1943
[ 7155342ms] [LOG] [useNewPairs] response status: 200 ok: true @ https://solpulse.trade/assets/main-_i6vfeq4.js:1943
[ 7155371ms] [LOG] [useNewPairs] parsed pairs: 500 ok: true @ https://solpulse.trade/assets/main-_i6vfeq4.js:1943
[ 7163252ms] [LOG] [useNewPairs] fetching: https://api.solpulse.trade/api/new-pairs @ https://solpulse.trade/assets/main-_i6vfeq4.js:1943
[ 7163341ms] [LOG] [useNewPairs] response status: 200 ok: true @ https://solpulse.trade/assets/main-_i6vfeq4.js:1943
[ 7163366ms] [LOG] [useNewPairs] parsed pairs: 500 ok: true @ https://solpulse.trade/assets/main-_i6vfeq4.js:1943
